tract_code,municipality,lat,lon,area_km2,population,population_density,income_household,income_per_capita,pct_foreign,population_year,income_year
0801502005,Badalona,41.45001,2.235373,0.06547,1381.0,21093.630670536124,35008.0,13164.0,18.299999999999997,2023.0,2023.0
0801502010,Badalona,41.451735,2.235671,0.02499,1513.0,60544.21768707484,32352.0,12026.0,15.5,2023.0,2023.0
0801502011,Badalona,41.452823,2.236855,0.02103,1429.0,67950.54683785069,33251.0,13811.0,12.700000000000003,2023.0,2023.0
0801502012,Badalona,41.451848,2.233926,0.0372,1041.0,27983.87096774194,33256.0,13103.0,13.0,2023.0,2023.0
0801502015,Badalona,41.453357,2.235165,0.02794,1054.0,37723.69362920544,29460.0,12239.0,18.900000000000006,2023.0,2023.0
0801503001,Badalona,41.438061,2.234155,0.21023,1939.0,9223.231698615802,38096.0,14717.0,18.5,2023.0,2023.0
0801503003,Badalona,41.442037,2.23625,0.06223,2061.0,33119.07440141411,42365.0,16808.0,13.799999999999997,2023.0,2023.0
0801503010,Badalona,41.439228,2.230391,0.02661,926.0,34798.9477639985,31610.0,12870.0,20.599999999999994,2023.0,2023.0
0801503015,Badalona,41.439183,2.237004,0.17873,2375.0,13288.200078330443,58309.0,21778.0,26.900000000000006,2023.0,2023.0
0801504001,Badalona,41.457155,2.233644,0.39881,2078.0,5210.501241192548,41505.0,14073.0,5.099999999999994,2023.0,2023.0
0801507001,Badalona,41.440611,2.227957,0.07259,1971.0,27152.500344400054,35603.0,12594.0,25.599999999999994,2023.0,2023.0
0801507002,Badalona,41.444051,2.233983,0.08885,2239.0,25199.774901519417,42353.0,16416.0,9.700000000000003,2023.0,2023.0
0801507003,Badalona,41.445573,2.235205,0.01714,1580.0,92182.03033838974,30697.0,12781.0,24.299999999999997,2023.0,2023.0
0801507005,Badalona,41.442068,2.226115,0.03072,956.0,31119.791666666664,33577.0,11953.0,27.900000000000006,2023.0,2023.0
0801507007,Badalona,41.445612,2.222238,0.02004,1180.0,58882.23552894212,28026.0,9136.0,41.8,2023.0,2023.0
0801507008,Badalona,41.444554,2.223589,0.02137,1714.0,80205.89611605054,29216.0,9150.0,44.6,2023.0,2023.0
0801507009,Badalona,41.447576,2.224544,0.02629,1707.0,64929.63103841765,33438.0,12812.0,15.900000000000006,2023.0,2023.0
0801507010,Badalona,41.444696,2.228864,0.26358,935.0,3547.31011457622,33541.0,11743.0,27.5,2023.0,2023.0
0801507011,Badalona,41.447435,2.230519,0.05999,2197.0,36622.770461743625,34493.0,13198.0,14.099999999999994,2023.0,2023.0
0801507013,Badalona,41.445484,2.224144,0.03594,2435.0,67751.80856983863,27227.0,9068.0,36.7,2023.0,2023.0
0801507014,Badalona,41.44867,2.227198,0.08639,1726.0,19979.164255122123,33440.0,12757.0,16.200000000000003,2023.0,2023.0
0801507015,Badalona,41.448969,2.222436,0.02237,1083.0,48413.05319624497,27051.0,8915.0,38.8,2023.0,2023.0
0801507017,Badalona,41.448018,2.223019,0.06362,3431.0,53929.58189248664,28220.0,9373.0,34.8,2023.0,2023.0
0801507018,Badalona,41.44949,2.228947,0.02966,1345.0,45347.269049224546,41901.0,16585.0,2.700000000000003,2023.0,2023.0
0801507020,Badalona,41.445482,2.225724,0.04007,1444.0,36036.93536311455,31294.0,12200.0,17.599999999999994,2023.0,2023.0
0801507021,Badalona,41.442044,2.231381,0.05713,916.0,16033.607561701383,32454.0,12831.0,18.799999999999997,2023.0,2023.0
0801507022,Badalona,41.444617,2.236519,0.01554,750.0,48262.54826254826,36012.0,15670.0,16.099999999999994,2023.0,2023.0
0801507024,Badalona,41.447146,2.236394,0.05067,1786.0,35247.68107361358,39914.0,15064.0,18.400000000000006,2023.0,2023.0
0801507028,Badalona,41.443265,2.22379,0.02957,2146.0,72573.55427798444,32534.0,11193.0,28.299999999999997,2023.0,2023.0
0801507029,Badalona,41.449807,2.23191,0.05392,1904.0,35311.57270029673,41047.0,16280.0,4.799999999999997,2023.0,2023.0
0801507030,Badalona,41.447749,2.233751,0.09598,1846.0,19233.173577828715,48707.0,17410.0,3.799999999999997,2023.0,2023.0
0801507031,Badalona,41.450371,2.227194,0.03483,1623.0,46597.760551248924,40525.0,15460.0,3.5999999999999943,2023.0,2023.0
0801508001,Badalona,41.450407,2.222982,0.05356,2795.0,52184.46601941747,30392.0,10178.0,33.099999999999994,2023.0,2023.0
0801508002,Badalona,41.453872,2.220489,0.07483,2422.0,32366.697848456504,35637.0,13943.0,14.200000000000003,2023.0,2023.0
0801508004,Badalona,41.451782,2.222524,0.01974,728.0,36879.43262411348,35420.0,13627.0,14.799999999999997,2023.0,2023.0
0801508005,Badalona,41.452494,2.227014,0.0388,932.0,24020.61855670103,31186.0,13474.0,14.900000000000006,2023.0,2023.0
0801508006,Badalona,41.451238,2.230147,0.02059,1536.0,74599.32005828072,38280.0,15232.0,3.9000000000000057,2023.0,2023.0
0801508007,Badalona,41.451649,2.225402,0.03266,1378.0,42192.28413962033,31895.0,11596.0,18.599999999999994,2023.0,2023.0
0801508008,Badalona,41.453575,2.222787,0.07894,1853.0,23473.524195591588,35825.0,13951.0,14.200000000000003,2023.0,2023.0
0801508009,Badalona,41.453518,2.230691,0.11101,1242.0,11188.18124493289,35558.0,14461.0,10.5,2023.0,2023.0
0801508011,Badalona,41.452562,2.229629,0.02409,845.0,35076.795350767956,37224.0,14441.0,7.700000000000003,2023.0,2023.0
0801508012,Badalona,41.457262,2.226641,0.47276,1625.0,3437.26203570522,55837.0,19618.0,4.099999999999994,2023.0,2023.0
0801508013,Badalona,41.4515,2.228777,0.0281,486.0,17295.373665480427,47554.0,16472.0,2.5,2023.0,2023.0
0801509001,Badalona,41.433173,2.21971,0.03623,2222.0,61330.38918023738,31710.0,9882.0,38.2,2023.0,2023.0
0801509002,Badalona,41.434615,2.221605,0.02836,1800.0,63469.675599435825,27122.0,8226.0,31.799999999999997,2023.0,2023.0
0801509003,Badalona,41.431375,2.22737,0.16344,1141.0,6981.155163974548,31622.0,11271.0,24.299999999999997,2023.0,2023.0
0801509004,Badalona,41.433753,2.22317,0.04635,1820.0,39266.45091693635,21427.0,6184.0,30.799999999999997,2023.0,2023.0
0801509005,Badalona,41.436239,2.223636,0.05122,1168.0,22803.592346739555,29218.0,10139.0,24.700000000000003,2023.0,2023.0
0801509006,Badalona,41.433481,2.22492,0.06971,1805.0,25892.98522450151,26170.0,7650.0,40.5,2023.0,2023.0
0801509008,Badalona,41.43573,2.227496,0.03386,1391.0,41080.92144122859,28781.0,10682.0,18.200000000000003,2023.0,2023.0
0801509009,Badalona,41.438475,2.227533,0.03924,1017.0,25917.43119266055,31610.0,13040.0,16.599999999999994,2023.0,2023.0
0801509010,Badalona,41.436516,2.226144,0.04977,1115.0,22403.054048623668,28326.0,11703.0,17.200000000000003,2023.0,2023.0
0801509011,Badalona,41.43811,2.228842,0.01912,1049.0,54864.01673640167,30369.0,11518.0,23.400000000000006,2023.0,2023.0
0801509012,Badalona,41.436041,2.232116,0.15239,1557.0,10217.205853402455,29313.0,11107.0,28.400000000000006,2023.0,2023.0
0801509013,Badalona,41.439016,2.223697,0.01591,766.0,48145.820238843495,31795.0,12183.0,18.099999999999994,2023.0,2023.0
0801509014,Badalona,41.439865,2.220707,0.02401,1518.0,63223.65680966264,31565.0,12315.0,19.900000000000006,2023.0,2023.0
0801509015,Badalona,41.440973,2.218634,0.0299,1931.0,64581.93979933111,32133.0,10757.0,28.299999999999997,2023.0,2023.0
0801509016,Badalona,41.442445,2.219773,0.04501,1624.0,36080.87091757387,33086.0,12784.0,13.900000000000006,2023.0,2023.0
0801509017,Badalona,41.4459,2.220453,0.02842,1927.0,67804.36312456017,27268.0,9016.0,40.1,2023.0,2023.0
0801509018,Badalona,41.440746,2.214832,0.05488,1714.0,31231.77842565598,32959.0,12017.0,19.700000000000003,2023.0,2023.0
0801509019,Badalona,41.437416,2.215046,0.08442,1328.0,15730.869462212746,29684.0,11062.0,32.8,2023.0,2023.0
0801509020,Badalona,41.436263,2.215857,0.02234,642.0,28737.69024171889,37077.0,14364.0,9.299999999999997,2023.0,2023.0
0801509021,Badalona,41.436697,2.221091,0.03804,1607.0,42245.005257623554,32922.0,11469.0,27.799999999999997,2023.0,2023.0
0801509022,Badalona,41.440328,2.219494,0.02845,1445.0,50790.8611599297,33071.0,12001.0,21.900000000000006,2023.0,2023.0
0801509023,Badalona,41.438244,2.220692,0.02937,1677.0,57099.080694586315,31236.0,11118.0,26.400000000000006,2023.0,2023.0
0801509024,Badalona,41.440412,2.224197,0.02729,1939.0,71051.667277391,34228.0,12925.0,22.400000000000006,2023.0,2023.0
0801509025,Badalona,41.438606,2.218968,0.02987,1300.0,43521.92835621024,30689.0,11265.0,24.400000000000006,2023.0,2023.0
0801509026,Badalona,41.437787,2.217708,0.01363,1202.0,88187.82098312546,32864.0,13206.0,15.099999999999994,2023.0,2023.0
0801509027,Badalona,41.439019,2.217225,0.01878,977.0,52023.429179978695,30992.0,11573.0,23.700000000000003,2023.0,2023.0
0801509028,Badalona,41.443026,2.217702,0.028,2089.0,74607.14285714286,32678.0,11751.0,16.900000000000006,2023.0,2023.0
0801509030,Badalona,41.432533,2.236314,0.77147,2703.0,3503.70072718317,43022.0,15056.0,34.2,2023.0,2023.0
0801509031,Badalona,41.442545,2.222112,0.04684,1033.0,22053.800170794195,33288.0,12933.0,15.599999999999994,2023.0,2023.0
0801509032,Badalona,41.4446,2.220159,0.02374,1050.0,44229.149115417014,28201.0,10340.0,31.299999999999997,2023.0,2023.0
0801509033,Badalona,41.440743,2.21629,0.03937,1541.0,39141.47828295657,34116.0,12827.0,20.700000000000003,2023.0,2023.0
0801509034,Badalona,41.436407,2.218031,0.04079,1692.0,41480.75508703114,37117.0,14645.0,12.5,2023.0,2023.0
0801509035,Badalona,41.437447,2.222934,0.02588,1679.0,64876.35239567234,34742.0,12566.0,25.0,2023.0,2023.0
0801509036,Badalona,41.439112,2.222633,0.02488,1228.0,49356.91318327974,31392.0,12468.0,20.099999999999994,2023.0,2023.0
0801509037,Badalona,41.440444,2.225347,0.01115,1721.0,154349.77578475335,24239.0,7688.0,49.9,2023.0,2023.0
0801509038,Badalona,41.433526,2.22091,0.03476,1783.0,51294.5914844649,29310.0,8869.0,39.6,2023.0,2023.0
0801509042,Badalona,41.432967,2.226269,0.03082,1389.0,45068.13757300454,22304.0,6452.0,29.099999999999994,2023.0,2023.0
0801509043,Badalona,41.438279,2.2251,0.0209,1587.0,75933.014354067,37696.0,14375.0,10.200000000000003,2023.0,2023.0
0801509044,Badalona,41.439214,2.225375,0.01803,1055.0,58513.58846367166,31518.0,11686.0,26.900000000000006,2023.0,2023.0
0801509045,Badalona,41.441429,2.223919,0.03542,1378.0,38904.57368718238,33664.0,13598.0,10.0,2023.0,2023.0
0801509047,Badalona,41.444347,2.21835,0.02225,1071.0,48134.83146067416,31773.0,11354.0,19.5,2023.0,2023.0
0801509049,Badalona,41.434221,2.217387,0.01519,1348.0,88742.59381171824,32338.0,11117.0,33.099999999999994,2023.0,2023.0
0801509052,Badalona,41.440074,2.222191,0.0116,822.0,70862.06896551725,30219.0,12410.0,12.200000000000003,2023.0,2023.0
0801509053,Badalona,41.439798,2.216541,0.01944,1230.0,63271.60493827161,33341.0,11892.0,23.200000000000003,2023.0,2023.0
0801509054,Badalona,41.443973,2.220954,0.02033,1167.0,57402.852926709296,35232.0,13591.0,14.200000000000003,2023.0,2023.0
0801509057,Badalona,41.435519,2.219289,0.03521,1291.0,36665.719965918775,36793.0,12930.0,20.200000000000003,2023.0,2023.0
0801509058,Badalona,41.434882,2.216222,0.02538,1556.0,61308.11662726556,35916.0,14943.0,10.799999999999997,2023.0,2023.0
0801509059,Badalona,41.433017,2.217746,0.02122,1159.0,54618.28463713478,35845.0,13837.0,17.099999999999994,2023.0,2023.0
0801901001,Barcelona,41.37427,2.177362,0.22844,1207.0,5283.663106286114,32710.0,13122.0,44.7,2023.0,2023.0
0801901002,Barcelona,41.377923,2.173925,0.03839,1160.0,30216.202135972908,27389.0,10966.0,59.4,2023.0,2023.0
0801901003,Barcelona,41.375773,2.172008,0.0388,2886.0,74381.44329896907,30268.0,10702.0,44.6,2023.0,2023.0
0801901004,Barcelona,41.376416,2.169214,0.09698,2834.0,29222.520107238608,33909.0,12988.0,47.3,2023.0,2023.0
0801901005,Barcelona,41.378832,2.172765,0.0613,2154.0,35138.662316476344,27582.0,11323.0,45.3,2023.0,2023.0
0801901006,Barcelona,41.380056,2.171798,0.03582,1527.0,42629.81574539364,31848.0,12035.0,53.7,2023.0,2023.0
0801901007,Barcelona,41.379149,2.169995,0.04065,1851.0,45535.055350553506,31557.0,10942.0,52.7,2023.0,2023.0
0801901008,Barcelona,41.377825,2.168205,0.03522,2873.0,81572.96990346393,26034.0,8722.0,54.6,2023.0,2023.0
0801901009,Barcelona,41.377492,2.165959,0.02624,2039.0,77705.79268292683,29991.0,11432.0,48.9,2023.0,2023.0
0801901010,Barcelona,41.378841,2.167237,0.02718,2225.0,81861.66298749081,30001.0,10032.0,53.3,2023.0,2023.0
0801901011,Barcelona,41.378952,2.165444,0.03712,2915.0,78529.0948275862,27187.0,10017.0,53.8,2023.0,2023.0
0801901012,Barcelona,41.379612,2.164098,0.02327,1831.0,78685.00214868931,32474.0,12667.0,47.8,2023.0,2023.0
0801901013,Barcelona,41.380076,2.165866,0.01609,1390.0,86389.06152889994,35525.0,12321.0,43.0,2023.0,2023.0
0801901014,Barcelona,41.380935,2.166442,0.01645,1590.0,96656.5349544073,33601.0,12196.0,46.6,2023.0,2023.0
0801901015,Barcelona,41.381021,2.164291,0.02172,2221.0,102255.985267035,32076.0,11409.0,53.5,2023.0,2023.0
0801901016,Barcelona,41.38285,2.164347,0.02446,2038.0,83319.70564186428,34076.0,11973.0,52.1,2023.0,2023.0
0801901017,Barcelona,41.381832,2.165523,0.01969,2420.0,122905.0279329609,30168.0,10200.0,54.8,2023.0,2023.0
0801901018,Barcelona,41.382581,2.166929,0.05711,1414.0,24759.236561022586,31729.0,11661.0,43.0,2023.0,2023.0
0801901019,Barcelona,41.381263,2.170316,0.07732,2627.0,33975.685463010865,30439.0,11599.0,53.6,2023.0,2023.0
0801901020,Barcelona,41.383387,2.169032,0.08626,2193.0,25423.139346162763,40736.0,17231.0,45.6,2023.0,2023.0
0801901021,Barcelona,41.384884,2.166875,0.08437,2112.0,25032.594524119948,37943.0,16729.0,47.2,2023.0,2023.0
0801901022,Barcelona,41.384882,2.172068,0.08144,1264.0,15520.628683693518,47696.0,21762.0,45.8,2023.0,2023.0
0801901023,Barcelona,41.386234,2.173959,0.09262,1879.0,20287.19499028288,39823.0,17634.0,45.4,2023.0,2023.0
0801901025,Barcelona,41.383611,2.176363,0.08118,1309.0,16124.661246612466,36516.0,16119.0,52.4,2023.0,2023.0
0801901026,Barcelona,41.382312,2.179506,0.06082,1443.0,23725.748109174612,39807.0,16637.0,52.2,2023.0,2023.0
0801901027,Barcelona,41.381341,2.178043,0.04741,1408.0,29698.375870069605,36301.0,15689.0,47.4,2023.0,2023.0
0801901028,Barcelona,41.382277,2.173817,0.07178,1818.0,25327.38924491502,34309.0,15098.0,51.9,2023.0,2023.0
0801901029,Barcelona,41.380285,2.17581,0.04837,1280.0,26462.683481496795,34512.0,13731.0,58.8,2023.0,2023.0
0801901030,Barcelona,41.377627,2.180476,0.30849,2296.0,7442.7047878375315,34746.0,13953.0,48.0,2023.0,2023.0
0801901031,Barcelona,41.380048,2.179734,0.04509,1462.0,32424.04080727434,32499.0,13496.0,55.3,2023.0,2023.0
0801901032,Barcelona,41.37234,2.187908,0.6647,1673.0,2516.9249285391907,33156.0,17248.0,45.0,2023.0,2023.0
0801901033,Barcelona,41.377718,2.189051,0.01435,1044.0,72752.61324041811,30291.0,14150.0,46.5,2023.0,2023.0
0801901034,Barcelona,41.378138,2.191658,0.03676,941.0,25598.47660500544,29919.0,15066.0,47.9,2023.0,2023.0
0801901035,Barcelona,41.379507,2.192121,0.03094,1153.0,37265.67550096962,30183.0,14776.0,47.4,2023.0,2023.0
0801901036,Barcelona,41.383539,2.19416,0.40282,1117.0,2772.9506975820464,34816.0,14870.0,25.200000000000003,2023.0,2023.0
0801901037,Barcelona,41.381047,2.189877,0.01714,1236.0,72112.0186697783,35101.0,15860.0,32.8,2023.0,2023.0
0801901038,Barcelona,41.379422,2.190522,0.01652,1400.0,84745.7627118644,28057.0,13943.0,51.7,2023.0,2023.0
0801901039,Barcelona,41.379545,2.189158,0.03318,1251.0,37703.43580470163,35523.0,15858.0,37.2,2023.0,2023.0
0801901040,Barcelona,41.379292,2.188062,0.01923,1062.0,55226.20904836193,34214.0,16674.0,47.2,2023.0,2023.0
0801901041,Barcelona,41.381076,2.18812,0.01895,1461.0,77097.6253298153,29238.0,15169.0,51.9,2023.0,2023.0
0801901042,Barcelona,41.38245,2.188257,0.05403,1661.0,30742.180270220248,35396.0,15344.0,25.599999999999994,2023.0,2023.0
0801901043,Barcelona,41.386351,2.187173,0.53613,1547.0,2885.494189842016,44459.0,20813.0,42.1,2023.0,2023.0
0801901044,Barcelona,41.386045,2.183277,0.053,1415.0,26698.113207547172,40466.0,18964.0,42.7,2023.0,2023.0
0801901045,Barcelona,41.384537,2.18185,0.05404,1854.0,34307.920059215394,34109.0,16615.0,51.3,2023.0,2023.0
0801901046,Barcelona,41.38329,2.18081,0.04778,1742.0,36458.76935956467,35421.0,15635.0,57.3,2023.0,2023.0
0801901047,Barcelona,41.385383,2.178582,0.04901,1646.0,33584.982656600696,32118.0,15672.0,47.7,2023.0,2023.0
0801901048,Barcelona,41.386501,2.179971,0.03166,1996.0,63044.85154769425,28365.0,12605.0,46.3,2023.0,2023.0
0801901049,Barcelona,41.386757,2.177514,0.02915,1397.0,47924.52830188679,42019.0,16573.0,46.3,2023.0,2023.0
0801901050,Barcelona,41.387292,2.176411,0.02783,1526.0,54832.91412145167,34693.0,15243.0,51.4,2023.0,2023.0
0801901051,Barcelona,41.388563,2.178106,0.0226,1659.0,73407.07964601771,31555.0,14218.0,48.6,2023.0,2023.0
0801901052,Barcelona,41.388984,2.17659,0.0916,2329.0,25425.764192139737,48913.0,20125.0,43.4,2023.0,2023.0
0801901053,Barcelona,41.388693,2.180026,0.04082,1806.0,44243.01812836844,29650.0,14709.0,39.2,2023.0,2023.0
0801901054,Barcelona,41.387853,2.181197,0.02972,1234.0,41520.86137281292,31150.0,15423.0,48.4,2023.0,2023.0
0801901055,Barcelona,41.389812,2.182201,0.09497,1281.0,13488.470043171528,44462.0,19480.0,31.599999999999994,2023.0,2023.0
0801902001,Barcelona,41.393736,2.183175,0.15617,1376.0,8810.911186527503,45464.0,19562.0,31.299999999999997,2023.0,2023.0
0801902002,Barcelona,41.394358,2.180776,0.03546,1771.0,49943.598420755785,47667.0,20433.0,29.5,2023.0,2023.0
0801902003,Barcelona,41.396051,2.183044,0.03521,987.0,28031.809145129228,51426.0,21978.0,19.0,2023.0,2023.0
0801902004,Barcelona,41.396487,2.181344,0.01784,1446.0,81053.81165919281,46175.0,17896.0,32.2,2023.0,2023.0
0801902005,Barcelona,41.395211,2.179646,0.0361,2038.0,56454.29362880887,51733.0,21744.0,22.0,2023.0,2023.0
0801902006,Barcelona,41.39351,2.178498,0.03549,1611.0,45393.068469991544,52392.0,22107.0,29.5,2023.0,2023.0
0801902007,Barcelona,41.395277,2.17738,0.0372,1115.0,29973.118279569895,56401.0,25073.0,25.200000000000003,2023.0,2023.0
0801902008,Barcelona,41.396959,2.179569,0.03964,1893.0,47754.7931382442,55585.0,21420.0,24.900000000000006,2023.0,2023.0
0801902009,Barcelona,41.397806,2.181847,0.03776,1756.0,46504.23728813559,52566.0,21131.0,27.099999999999994,2023.0,2023.0
0801902010,Barcelona,41.39913,2.182458,0.02154,1204.0,55896.00742804085,51413.0,19778.0,25.400000000000006,2023.0,2023.0
0801902011,Barcelona,41.398221,2.183657,0.01975,1101.0,55746.83544303798,49630.0,20524.0,21.200000000000003,2023.0,2023.0
0801902012,Barcelona,41.396749,2.185452,0.04311,1534.0,35583.39132451867,42877.0,16733.0,28.400000000000006,2023.0,2023.0
0801902013,Barcelona,41.399922,2.185319,0.12865,1143.0,8884.570540225419,41028.0,18156.0,30.200000000000003,2023.0,2023.0
0801902014,Barcelona,41.40204,2.183884,0.0353,1344.0,38073.65439093485,41538.0,17797.0,33.0,2023.0,2023.0
0801902015,Barcelona,41.401185,2.181993,0.0285,1560.0,54736.84210526315,43061.0,17871.0,30.900000000000006,2023.0,2023.0
0801902016,Barcelona,41.399217,2.18007,0.06046,1856.0,30697.98213695005,51021.0,21961.0,25.200000000000003,2023.0,2023.0
0801902017,Barcelona,41.397909,2.177185,0.0379,1899.0,50105.54089709762,55622.0,22302.0,25.0,2023.0,2023.0
0801902018,Barcelona,41.399491,2.175045,0.02892,1813.0,62690.17980636238,52932.0,21905.0,22.599999999999994,2023.0,2023.0
0801902019,Barcelona,41.399703,2.17704,0.03793,1946.0,51305.03559187978,48355.0,20538.0,25.700000000000003,2023.0,2023.0
0801902020,Barcelona,41.400617,2.179072,0.05086,1565.0,30770.743216673218,44226.0,19467.0,38.5,2023.0,2023.0
0801902021,Barcelona,41.402778,2.181506,0.03897,1508.0,38696.433153707985,42412.0,19415.0,27.599999999999994,2023.0,2023.0
0801902022,Barcelona,41.404124,2.183983,0.06774,1328.0,19604.36964865663,47170.0,18890.0,25.799999999999997,2023.0,2023.0
0801902023,Barcelona,41.404349,2.18224,0.01744,1028.0,58944.95412844037,45464.0,20956.0,15.900000000000006,2023.0,2023.0
0801902024,Barcelona,41.402332,2.179188,0.04203,1134.0,26980.728051391863,42114.0,18015.0,35.0,2023.0,2023.0
0801902025,Barcelona,41.404378,2.180006,0.01723,1115.0,64712.71038885665,40452.0,18068.0,27.900000000000006,2023.0,2023.0
0801902026,Barcelona,41.403991,2.178353,0.0337,2043.0,60623.14540059347,44875.0,19294.0,24.400000000000006,2023.0,2023.0
0801902027,Barcelona,41.405688,2.177227,0.03451,2085.0,60417.270356418434,45693.0,18602.0,25.299999999999997,2023.0,2023.0
0801902028,Barcelona,41.405646,2.179439,0.03455,2026.0,58639.65267727931,45478.0,19250.0,26.400000000000006,2023.0,2023.0
0801902029,Barcelona,41.405204,2.181114,0.01728,1234.0,71412.03703703704,48174.0,20305.0,21.099999999999994,2023.0,2023.0
0801902030,Barcelona,41.406042,2.182236,0.01779,1397.0,78527.26250702642,43563.0,17287.0,29.799999999999997,2023.0,2023.0
0801902031,Barcelona,41.406897,2.181109,0.01791,1028.0,57398.10161920715,48872.0,20517.0,20.200000000000003,2023.0,2023.0
0801902032,Barcelona,41.407334,2.179444,0.03417,1109.0,32455.370207784606,44684.0,19449.0,28.0,2023.0,2023.0
0801902033,Barcelona,41.407776,2.177736,0.01736,1130.0,65092.16589861751,44152.0,20069.0,23.599999999999994,2023.0,2023.0
0801902034,Barcelona,41.40696,2.176634,0.01788,1173.0,65604.02684563758,39487.0,17706.0,34.900000000000006,2023.0,2023.0
0801902035,Barcelona,41.406142,2.175531,0.01746,1292.0,73997.70904925544,44608.0,19505.0,23.099999999999994,2023.0,2023.0
0801902036,Barcelona,41.407555,2.175256,0.02588,1177.0,45479.134466769705,50395.0,21678.0,20.099999999999994,2023.0,2023.0
0801902037,Barcelona,41.40864,2.176592,0.01691,1130.0,66824.36428149024,53538.0,23121.0,15.200000000000003,2023.0,2023.0
0801902038,Barcelona,41.409455,2.177728,0.05404,1497.0,27701.702442635087,53602.0,22466.0,19.599999999999994,2023.0,2023.0
0801902039,Barcelona,41.409222,2.175227,0.02544,1816.0,71383.64779874214,45149.0,18782.0,28.799999999999997,2023.0,2023.0
0801902040,Barcelona,41.410913,2.175198,0.02696,1728.0,64094.95548961424,40202.0,17082.0,34.7,2023.0,2023.0
0801902041,Barcelona,41.409802,2.173462,0.02686,1631.0,60722.2635889799,44306.0,19726.0,26.099999999999994,2023.0,2023.0
0801902042,Barcelona,41.4083,2.171589,0.03464,1697.0,48989.60739030023,52569.0,21573.0,19.900000000000006,2023.0,2023.0
0801902043,Barcelona,41.407006,2.169872,0.0207,1491.0,72028.98550724638,50505.0,20368.0,21.700000000000003,2023.0,2023.0
0801902044,Barcelona,41.406144,2.170994,0.01999,1290.0,64532.26613306653,43331.0,17191.0,27.200000000000003,2023.0,2023.0
0801902045,Barcelona,41.407033,2.172172,0.01627,1170.0,71911.49354640442,50652.0,20695.0,22.099999999999994,2023.0,2023.0
0801902046,Barcelona,41.408127,2.173508,0.02567,1960.0,76353.72029606545,43597.0,17938.0,26.700000000000003,2023.0,2023.0
0801902047,Barcelona,41.406467,2.173545,0.02603,1936.0,74375.72032270457,48028.0,19120.0,24.799999999999997,2023.0,2023.0
0801902048,Barcelona,41.405285,2.172116,0.02091,1277.0,61071.25777140124,45831.0,18810.0,32.3,2023.0,2023.0
0801902049,Barcelona,41.404405,2.174364,0.07557,1988.0,26306.735477041155,41416.0,18215.0,34.099999999999994,2023.0,2023.0
0801902050,Barcelona,41.403173,2.177263,0.0345,1647.0,47739.13043478261,43391.0,19433.0,30.200000000000003,2023.0,2023.0
0801902051,Barcelona,41.402279,2.176068,0.04025,1846.0,45863.354037267076,43749.0,18548.0,34.0,2023.0,2023.0
0801902052,Barcelona,41.401867,2.174242,0.05052,1765.0,34936.65874901029,47301.0,20303.0,30.200000000000003,2023.0,2023.0
0801902053,Barcelona,41.401228,2.172851,0.04242,1872.0,44130.12729844413,46003.0,20815.0,29.400000000000006,2023.0,2023.0
0801902054,Barcelona,41.403084,2.171479,0.03525,1924.0,54581.56028368795,48853.0,19992.0,26.900000000000006,2023.0,2023.0
0801902055,Barcelona,41.401374,2.169187,0.03642,1806.0,49588.13838550247,50501.0,21900.0,24.200000000000003,2023.0,2023.0
0801902056,Barcelona,41.400299,2.170807,0.06036,1488.0,24652.087475149106,51644.0,22170.0,31.400000000000006,2023.0,2023.0
0801902057,Barcelona,41.399735,2.167999,0.03198,1243.0,38868.04252657911,63352.0,26766.0,19.5,2023.0,2023.0
0801902058,Barcelona,41.40053,2.16579,0.03475,1436.0,41323.74100719424,57900.0,25714.0,20.700000000000003,2023.0,2023.0
0801902059,Barcelona,41.398842,2.16355,0.03523,1686.0,47856.94010786262,61989.0,24350.0,26.0,2023.0,2023.0
0801902060,Barcelona,41.398731,2.16577,0.04752,1660.0,34932.65993265993,54840.0,23432.0,26.400000000000006,2023.0,2023.0
0801902061,Barcelona,41.398898,2.172235,0.04809,1359.0,28259.51341235184,47913.0,20883.0,29.099999999999994,2023.0,2023.0
0801902062,Barcelona,41.398046,2.168819,0.04811,1543.0,32072.334234046975,61602.0,26064.0,28.599999999999994,2023.0,2023.0
0801902063,Barcelona,41.397211,2.16543,0.04855,1092.0,22492.276004119463,73311.0,30165.0,28.799999999999997,2023.0,2023.0
0801902064,Barcelona,41.396278,2.16694,0.03573,1262.0,35320.458998040864,72913.0,30184.0,24.799999999999997,2023.0,2023.0
0801902065,Barcelona,41.396269,2.169204,0.07106,1707.0,24021.953278919224,54956.0,24315.0,28.599999999999994,2023.0,2023.0
0801902066,Barcelona,41.397969,2.173727,0.03569,1733.0,48557.018772765485,53110.0,22497.0,21.900000000000006,2023.0,2023.0
0801902067,Barcelona,41.397111,2.174859,0.03565,1663.0,46647.96633941094,46999.0,20430.0,32.2,2023.0,2023.0
0801902068,Barcelona,41.396263,2.176076,0.0373,1649.0,44209.11528150134,51605.0,21294.0,27.799999999999997,2023.0,2023.0
0801902069,Barcelona,41.395857,2.173113,0.05194,1393.0,26819.407008086255,57711.0,24302.0,25.0,2023.0,2023.0
0801902070,Barcelona,41.394995,2.169773,0.05323,1195.0,22449.74638361826,59106.0,25160.0,27.599999999999994,2023.0,2023.0
0801902071,Barcelona,41.394142,2.1709,0.05342,1617.0,30269.561961812055,62584.0,25975.0,25.900000000000006,2023.0,2023.0
0801902072,Barcelona,41.393241,2.172092,0.05929,1222.0,20610.558272895934,70508.0,28191.0,25.400000000000006,2023.0,2023.0
0801902073,Barcelona,41.393293,2.175597,0.0825,1659.0,20109.090909090908,63161.0,26256.0,31.200000000000003,2023.0,2023.0
0801902074,Barcelona,41.391499,2.177903,0.06444,1275.0,19785.84729981378,68573.0,27297.0,36.1,2023.0,2023.0
0801902075,Barcelona,41.389956,2.175364,0.05121,1169.0,22827.572739699277,58646.0,25080.0,33.5,2023.0,2023.0
0801902076,Barcelona,41.391433,2.173346,0.07557,1629.0,21556.173084557366,70242.0,28208.0,30.5,2023.0,2023.0
0801902077,Barcelona,41.388053,2.169362,0.26383,1812.0,6868.058977371792,64952.0,25826.0,44.0,2023.0,2023.0
0801902078,Barcelona,41.391804,2.16794,0.13057,1388.0,10630.31324193919,65813.0,29175.0,35.900000000000006,2023.0,2023.0
0801902079,Barcelona,41.389709,2.165046,0.14216,1481.0,10417.83905458638,75245.0,30862.0,35.599999999999994,2023.0,2023.0
0801902080,Barcelona,41.394454,2.164543,0.12126,1534.0,12650.503051294738,70095.0,29486.0,35.7,2023.0,2023.0
0801902081,Barcelona,41.392348,2.161704,0.14565,2167.0,14878.13250944044,64754.0,28573.0,31.5,2023.0,2023.0
0801902082,Barcelona,41.396629,2.161748,0.07753,980.0,12640.268283245196,68739.0,29251.0,31.799999999999997,2023.0,2023.0
0801902083,Barcelona,41.394724,2.158388,0.13261,1945.0,14667.06884850313,73735.0,31777.0,32.7,2023.0,2023.0
0801902084,Barcelona,41.392466,2.156223,0.07123,2056.0,28864.242594412466,57083.0,24918.0,30.5,2023.0,2023.0
0801902085,Barcelona,41.394065,2.153913,0.06698,1442.0,21528.814571513885,55842.0,25911.0,33.099999999999994,2023.0,2023.0
0801902086,Barcelona,41.393147,2.151885,0.04713,1358.0,28813.91894759177,67699.0,28765.0,25.799999999999997,2023.0,2023.0
0801902087,Barcelona,41.391183,2.154523,0.03603,1408.0,39078.545656397444,56652.0,24558.0,22.900000000000006,2023.0,2023.0
0801902088,Barcelona,41.390755,2.157349,0.05354,1651.0,30836.757564437805,59900.0,26336.0,26.599999999999994,2023.0,2023.0
0801902089,Barcelona,41.3899,2.158478,0.05346,1847.0,34549.195660306774,58022.0,25258.0,31.799999999999997,2023.0,2023.0
0801902090,Barcelona,41.389046,2.159605,0.05341,1734.0,32465.830368844785,54847.0,23153.0,34.900000000000006,2023.0,2023.0
0801902091,Barcelona,41.387718,2.162487,0.1107,1757.0,15871.725383920504,56111.0,23950.0,34.3,2023.0,2023.0
0801902092,Barcelona,41.386441,2.16079,0.0552,1682.0,30471.014492753624,49871.0,22075.0,34.400000000000006,2023.0,2023.0
0801902093,Barcelona,41.386066,2.159024,0.03582,1655.0,46203.23841429369,57273.0,23897.0,29.5,2023.0,2023.0
0801902094,Barcelona,41.38431,2.160219,0.03968,1490.0,37550.403225806454,54346.0,22928.0,31.700000000000003,2023.0,2023.0
0801902095,Barcelona,41.383456,2.157949,0.03774,1514.0,40116.5871754107,57405.0,24256.0,26.200000000000003,2023.0,2023.0
0801902096,Barcelona,41.38526,2.157803,0.03815,1331.0,34888.59764089122,49968.0,21871.0,31.299999999999997,2023.0,2023.0
0801902097,Barcelona,41.384944,2.155941,0.02515,1085.0,43141.153081510936,49095.0,20696.0,28.900000000000006,2023.0,2023.0
0801902098,Barcelona,41.387768,2.15677,0.03571,1479.0,41416.97003640437,50490.0,22766.0,30.0,2023.0,2023.0
0801902099,Barcelona,41.386984,2.155572,0.03296,1541.0,46753.64077669902,63415.0,25383.0,24.299999999999997,2023.0,2023.0
0801902100,Barcelona,41.386244,2.154291,0.02843,1348.0,47414.702778754836,52116.0,23671.0,21.900000000000006,2023.0,2023.0
0801902101,Barcelona,41.388187,2.153938,0.054,2160.0,40000.0,51599.0,21874.0,26.299999999999997,2023.0,2023.0
0801902102,Barcelona,41.390395,2.153471,0.03011,1361.0,45200.92992361342,60040.0,26937.0,17.799999999999997,2023.0,2023.0
0801902103,Barcelona,41.389115,2.151766,0.07718,1657.0,21469.292562840114,43380.0,19927.0,32.0,2023.0,2023.0
0801902104,Barcelona,41.389901,2.149405,0.01822,1186.0,65093.30406147091,58690.0,25160.0,19.700000000000003,2023.0,2023.0
0801902105,Barcelona,41.391184,2.15112,0.03571,2122.0,59423.130775693084,48580.0,20972.0,28.299999999999997,2023.0,2023.0
0801902106,Barcelona,41.392928,2.149902,0.03752,1435.0,38246.26865671642,60417.0,25676.0,23.5,2023.0,2023.0
0801902107,Barcelona,41.39229,2.14849,0.04671,1611.0,34489.402697495185,61700.0,27367.0,18.0,2023.0,2023.0
0801902108,Barcelona,41.391628,2.147111,0.05489,1624.0,29586.445618509748,60634.0,26297.0,19.299999999999997,2023.0,2023.0
0801902109,Barcelona,41.390983,2.145525,0.05266,2183.0,41454.61450816559,66398.0,27597.0,19.900000000000006,2023.0,2023.0
0801902110,Barcelona,41.388711,2.147274,0.11737,1896.0,16154.042770725056,50021.0,21962.0,24.900000000000006,2023.0,2023.0
0801902111,Barcelona,41.38856,2.144317,0.03634,1898.0,52228.94881673088,52282.0,22464.0,25.299999999999997,2023.0,2023.0
0801902112,Barcelona,41.38709,2.143586,0.02451,1298.0,52957.97633618931,63278.0,27921.0,16.400000000000006,2023.0,2023.0
0801902113,Barcelona,41.386915,2.145453,0.03548,2260.0,63697.857948139805,62754.0,25255.0,19.700000000000003,2023.0,2023.0
0801902114,Barcelona,41.386063,2.14659,0.03575,1661.0,46461.53846153847,49924.0,22427.0,19.299999999999997,2023.0,2023.0
0801902115,Barcelona,41.385636,2.148284,0.0177,1378.0,77853.10734463276,49805.0,21572.0,23.799999999999997,2023.0,2023.0
0801902116,Barcelona,41.386491,2.149411,0.01784,964.0,54035.87443946188,61779.0,26217.0,10.400000000000006,2023.0,2023.0
0801902117,Barcelona,41.387344,2.150537,0.01767,1201.0,67968.30786644029,51274.0,21316.0,21.700000000000003,2023.0,2023.0
0801902118,Barcelona,41.385938,2.152427,0.04092,1400.0,34213.098729227764,58980.0,25071.0,18.599999999999994,2023.0,2023.0
0801902119,Barcelona,41.385637,2.150549,0.01804,1248.0,69179.60088691796,53414.0,23393.0,15.900000000000006,2023.0,2023.0
0801902120,Barcelona,41.384783,2.149418,0.01788,1149.0,64261.74496644295,49153.0,21363.0,19.599999999999994,2023.0,2023.0
0801902121,Barcelona,41.384251,2.150781,0.0396,1215.0,30681.81818181818,52123.0,23269.0,20.200000000000003,2023.0,2023.0
0801902122,Barcelona,41.383931,2.14829,0.01784,1023.0,57343.04932735425,57864.0,25098.0,15.700000000000003,2023.0,2023.0
0801902123,Barcelona,41.384784,2.14716,0.01768,1135.0,64196.83257918552,47640.0,21714.0,24.299999999999997,2023.0,2023.0
0801902124,Barcelona,41.38478,2.144903,0.01788,1118.0,62527.964205816555,55568.0,23322.0,15.900000000000006,2023.0,2023.0
0801902125,Barcelona,41.385337,2.143498,0.0274,1627.0,59379.56204379562,51541.0,22351.0,19.5,2023.0,2023.0
0801902126,Barcelona,41.383594,2.143431,0.02937,1423.0,48450.80013619339,55311.0,23990.0,17.599999999999994,2023.0,2023.0
0801902127,Barcelona,41.382755,2.144506,0.066,1235.0,18712.121212121212,47086.0,20447.0,29.5,2023.0,2023.0
0801902128,Barcelona,41.383015,2.147286,0.02109,1306.0,61925.082977714555,44290.0,19488.0,25.299999999999997,2023.0,2023.0
0801902129,Barcelona,41.381847,2.145253,0.03205,1511.0,47145.085803432135,50864.0,21809.0,20.200000000000003,2023.0,2023.0
0801902130,Barcelona,41.37999,2.144439,0.03122,1096.0,35105.701473414476,74142.0,29933.0,9.700000000000003,2023.0,2023.0
0801902131,Barcelona,41.378833,2.146018,0.01793,1107.0,61740.10039040713,47722.0,21159.0,26.799999999999997,2023.0,2023.0
0801902132,Barcelona,41.379677,2.147164,0.01759,1003.0,57021.034678794764,51505.0,22639.0,20.0,2023.0,2023.0
0801902133,Barcelona,41.380665,2.14582,0.02356,869.0,36884.55008488964,50953.0,22532.0,13.900000000000006,2023.0,2023.0
0801902134,Barcelona,41.381395,2.147086,0.01917,1427.0,74439.22796035472,47579.0,20728.0,21.200000000000003,2023.0,2023.0
0801902135,Barcelona,41.38095,2.148852,0.03553,2082.0,58598.36757669575,43492.0,19096.0,24.900000000000006,2023.0,2023.0
0801902136,Barcelona,41.382129,2.148357,0.01451,849.0,58511.37146795313,50366.0,21645.0,20.400000000000006,2023.0,2023.0
0801902137,Barcelona,41.382447,2.15022,0.02737,1454.0,53123.85823894775,45263.0,19192.0,28.400000000000006,2023.0,2023.0
0801902138,Barcelona,41.383492,2.15207,0.03968,1934.0,48739.91935483871,52905.0,21829.0,23.099999999999994,2023.0,2023.0
0801902139,Barcelona,41.384212,2.15466,0.02974,1663.0,55917.95561533289,47497.0,21885.0,30.900000000000006,2023.0,2023.0
0801902140,Barcelona,41.382655,2.153371,0.03555,1873.0,52686.35724331927,47114.0,20896.0,22.299999999999997,2023.0,2023.0
0801902141,Barcelona,41.381377,2.151674,0.01771,1193.0,67363.0717108978,47782.0,20067.0,23.700000000000003,2023.0,2023.0
0801902142,Barcelona,41.380954,2.153371,0.03563,1938.0,54392.36598372158,44168.0,18617.0,27.099999999999994,2023.0,2023.0
0801902143,Barcelona,41.382654,2.155631,0.03543,1474.0,41603.16116285633,49635.0,20404.0,28.400000000000006,2023.0,2023.0
0801902144,Barcelona,41.381753,2.156821,0.03929,1472.0,37465.00381776533,53999.0,22429.0,28.799999999999997,2023.0,2023.0
0801902145,Barcelona,41.380054,2.154559,0.03953,1148.0,29041.234505438904,50195.0,20124.0,31.0,2023.0,2023.0
0801902146,Barcelona,41.378777,2.152857,0.01979,1190.0,60131.37948458818,50893.0,20489.0,25.799999999999997,2023.0,2023.0
0801902147,Barcelona,41.380102,2.151106,0.03543,2076.0,58594.41151566469,46717.0,20306.0,23.5,2023.0,2023.0
0801902148,Barcelona,41.378396,2.148816,0.10788,1545.0,14321.46829810901,49375.0,22761.0,24.200000000000003,2023.0,2023.0
0801902149,Barcelona,41.377066,2.150593,0.05974,1787.0,29912.956143287578,47858.0,19626.0,26.900000000000006,2023.0,2023.0
0801902150,Barcelona,41.375718,2.151901,0.04646,1501.0,32307.361170899698,44958.0,17934.0,31.700000000000003,2023.0,2023.0
0801902151,Barcelona,41.376744,2.153347,0.03008,1456.0,48404.255319148935,49139.0,20349.0,27.400000000000006,2023.0,2023.0
0801902152,Barcelona,41.377829,2.154112,0.01975,1239.0,62734.17721518987,52201.0,21986.0,23.299999999999997,2023.0,2023.0
0801902153,Barcelona,41.376943,2.155364,0.01814,1393.0,76791.62072767365,51472.0,21547.0,21.200000000000003,2023.0,2023.0
0801902154,Barcelona,41.375507,2.154965,0.02091,1025.0,49019.60784313725,41733.0,16726.0,33.7,2023.0,2023.0
0801902155,Barcelona,41.375763,2.156882,0.03034,1821.0,60019.77587343441,44607.0,18526.0,21.900000000000006,2023.0,2023.0
0801902156,Barcelona,41.37608,2.158687,0.01767,1285.0,72722.12790039614,47163.0,20434.0,19.799999999999997,2023.0,2023.0
0801902157,Barcelona,41.376931,2.157563,0.0178,1253.0,70393.25842696629,44125.0,18416.0,25.599999999999994,2023.0,2023.0
0801902158,Barcelona,41.378207,2.156998,0.03553,1658.0,46664.790318041094,47505.0,19154.0,25.700000000000003,2023.0,2023.0
0801902159,Barcelona,41.379106,2.155809,0.03948,1908.0,48328.26747720365,50044.0,20243.0,26.099999999999994,2023.0,2023.0
0801902160,Barcelona,41.380807,2.158071,0.03933,1959.0,49809.305873379104,51234.0,22362.0,23.700000000000003,2023.0,2023.0
0801902161,Barcelona,41.379484,2.158693,0.01769,1131.0,63934.42622950819,46724.0,19719.0,28.400000000000006,2023.0,2023.0
0801902162,Barcelona,41.380337,2.159824,0.01779,1378.0,77459.2467678471,44564.0,19169.0,26.799999999999997,2023.0,2023.0
0801902163,Barcelona,41.382514,2.160338,0.03956,1727.0,43655.20728008089,48929.0,21151.0,24.799999999999997,2023.0,2023.0
0801902164,Barcelona,41.384111,2.16292,0.06432,1532.0,23818.407960199005,47263.0,20139.0,35.900000000000006,2023.0,2023.0
0801902165,Barcelona,41.381621,2.161527,0.03558,1636.0,45980.88813940416,50301.0,21260.0,28.599999999999994,2023.0,2023.0
0801902166,Barcelona,41.380276,2.161922,0.04915,2066.0,42034.58799593082,45047.0,19651.0,29.599999999999994,2023.0,2023.0
0801902167,Barcelona,41.37828,2.159288,0.03304,2108.0,63801.452784503635,49674.0,20043.0,20.799999999999997,2023.0,2023.0
0801902168,Barcelona,41.378009,2.16113,0.06439,2221.0,34492.93368535487,44085.0,19322.0,28.400000000000006,2023.0,2023.0
0801902169,Barcelona,41.377366,2.163768,0.03615,1497.0,41410.788381742736,43631.0,19865.0,25.900000000000006,2023.0,2023.0
0801902170,Barcelona,41.375764,2.16591,0.02987,1520.0,50887.17777033813,48467.0,20433.0,24.099999999999994,2023.0,2023.0
0801902171,Barcelona,41.375378,2.163183,0.02699,1600.0,59281.21526491293,41711.0,17903.0,30.700000000000003,2023.0,2023.0
0801902172,Barcelona,41.376508,2.162634,0.03551,1468.0,41340.467473951,40833.0,18939.0,26.599999999999994,2023.0,2023.0
0801902173,Barcelona,41.375777,2.160445,0.03116,1485.0,47657.252888318355,43798.0,19519.0,24.599999999999994,2023.0,2023.0
0801903001,Barcelona,41.374313,2.158089,0.02288,1680.0,73426.57342657342,39862.0,16557.0,27.099999999999994,2023.0,2023.0
0801903002,Barcelona,41.372878,2.157287,0.02868,1869.0,65167.3640167364,34683.0,15353.0,29.5,2023.0,2023.0
0801903003,Barcelona,41.374172,2.156509,0.02144,1620.0,75559.70149253731,36162.0,14709.0,36.0,2023.0,2023.0
0801903004,Barcelona,41.373979,2.155069,0.03089,1513.0,48980.25250890256,40169.0,17856.0,27.299999999999997,2023.0,2023.0
0801903005,Barcelona,41.371471,2.15619,0.08478,1206.0,14225.053078556264,35578.0,15627.0,29.400000000000006,2023.0,2023.0
0801903006,Barcelona,41.371612,2.159165,0.01975,1365.0,69113.92405063291,38222.0,15502.0,32.7,2023.0,2023.0
0801903007,Barcelona,41.372769,2.159231,0.02342,1557.0,66481.63962425277,37102.0,15679.0,29.700000000000003,2023.0,2023.0
0801903008,Barcelona,41.373603,2.159979,0.01771,1139.0,64313.94692264257,33535.0,15368.0,32.2,2023.0,2023.0
0801903009,Barcelona,41.374553,2.160311,0.0184,1174.0,63804.34782608696,39775.0,16596.0,29.900000000000006,2023.0,2023.0
0801903010,Barcelona,41.374292,2.162236,0.02492,1516.0,60834.67094703049,37194.0,14338.0,33.8,2023.0,2023.0
0801903011,Barcelona,41.373037,2.161706,0.02052,1775.0,86500.9746588694,32010.0,13228.0,41.3,2023.0,2023.0
0801903012,Barcelona,41.374079,2.163899,0.02952,2007.0,67987.80487804877,36365.0,15204.0,38.9,2023.0,2023.0
0801903013,Barcelona,41.372487,2.163838,0.02132,1719.0,80628.51782363978,33893.0,14525.0,42.9,2023.0,2023.0
0801903014,Barcelona,41.372783,2.165252,0.02017,1705.0,84531.48239960337,34539.0,13762.0,39.9,2023.0,2023.0
0801903015,Barcelona,41.374086,2.166204,0.04423,2845.0,64322.85778883111,36696.0,15157.0,37.4,2023.0,2023.0
0801903016,Barcelona,41.374352,2.168498,0.02288,1222.0,53409.090909090904,38727.0,14770.0,38.5,2023.0,2023.0
0801903017,Barcelona,41.37261,2.166948,0.02247,1541.0,68580.32932799288,35506.0,14894.0,40.2,2023.0,2023.0
0801903018,Barcelona,41.372674,2.168817,0.02023,1626.0,80375.67968363815,39487.0,15023.0,33.099999999999994,2023.0,2023.0
0801903019,Barcelona,41.373997,2.170887,0.06022,1405.0,23331.119229491862,36538.0,14923.0,34.7,2023.0,2023.0
0801903020,Barcelona,41.372995,2.174386,0.09571,1134.0,11848.291714554383,43011.0,17144.0,26.5,2023.0,2023.0
0801903021,Barcelona,41.372853,2.171945,0.01539,989.0,64262.50812215725,39907.0,16941.0,23.400000000000006,2023.0,2023.0
0801903022,Barcelona,41.371467,2.169785,0.11567,1414.0,12224.43157257716,39131.0,16990.0,30.5,2023.0,2023.0
0801903023,Barcelona,41.371352,2.16486,0.02204,1723.0,78176.04355716878,35491.0,14647.0,32.599999999999994,2023.0,2023.0
0801903024,Barcelona,41.363825,2.156831,3.77664,1925.0,509.7123368920522,36140.0,15305.0,34.3,2023.0,2023.0
0801903025,Barcelona,41.339044,2.142238,14.48216,1919.0,132.50785794384262,34296.0,14121.0,23.700000000000003,2023.0,2023.0
0801903026,Barcelona,41.355648,2.134663,0.14902,1015.0,6811.166286404509,36206.0,15252.0,14.599999999999994,2023.0,2023.0
0801903027,Barcelona,41.358777,2.13497,0.06907,1702.0,24641.66787317214,38005.0,16690.0,13.200000000000003,2023.0,2023.0
0801903028,Barcelona,41.36182,2.136193,0.11371,2630.0,23129.01239996482,45178.0,17985.0,21.099999999999994,2023.0,2023.0
0801903029,Barcelona,41.358655,2.136911,0.02654,1263.0,47588.54559155991,36493.0,14348.0,12.700000000000003,2023.0,2023.0
0801903030,Barcelona,41.357346,2.138843,0.15416,1569.0,10177.737415672029,38275.0,15996.0,18.5,2023.0,2023.0
0801903031,Barcelona,41.357989,2.142044,0.05531,2337.0,42252.757186765506,36993.0,14974.0,12.599999999999994,2023.0,2023.0
0801903032,Barcelona,41.356845,2.14404,0.12859,1761.0,13694.688544987945,32597.0,12876.0,20.299999999999997,2023.0,2023.0
0801903033,Barcelona,41.360581,2.141439,0.02354,1482.0,62956.669498725576,31347.0,11709.0,28.700000000000003,2023.0,2023.0
0801903034,Barcelona,41.359189,2.140672,0.01508,1506.0,99867.37400530504,38334.0,14908.0,19.099999999999994,2023.0,2023.0
0801903035,Barcelona,41.361743,2.139111,0.02076,2282.0,109922.92870905588,41608.0,15856.0,17.400000000000006,2023.0,2023.0
0801903036,Barcelona,41.365656,2.137955,0.06863,2388.0,34795.27903249308,43127.0,17356.0,16.599999999999994,2023.0,2023.0
0801903037,Barcelona,41.362289,2.140015,0.02097,979.0,46685.74153552695,41472.0,16768.0,11.400000000000006,2023.0,2023.0
0801903038,Barcelona,41.361674,2.144958,0.23017,966.0,4196.897944997176,33630.0,12705.0,9.599999999999994,2023.0,2023.0
0801903039,Barcelona,41.364231,2.140881,0.09323,2433.0,26096.7499731846,30672.0,11747.0,23.299999999999997,2023.0,2023.0
0801903040,Barcelona,41.367305,2.140965,0.05299,1462.0,27590.111341762597,44173.0,19906.0,16.099999999999994,2023.0,2023.0
0801903041,Barcelona,41.368808,2.142276,0.02058,1406.0,68318.75607385811,42831.0,17164.0,24.0,2023.0,2023.0
0801903042,Barcelona,41.369494,2.145857,0.11392,1340.0,11762.640449438202,40818.0,17427.0,24.5,2023.0,2023.0
0801903043,Barcelona,41.369897,2.143632,0.03212,1477.0,45983.8107098381,42970.0,18480.0,27.099999999999994,2023.0,2023.0
0801903044,Barcelona,41.371512,2.145443,0.02829,1817.0,64227.64227642277,40181.0,16643.0,27.299999999999997,2023.0,2023.0
0801903045,Barcelona,41.371603,2.148687,0.0293,1107.0,37781.56996587031,40918.0,18275.0,24.599999999999994,2023.0,2023.0
0801903046,Barcelona,41.372646,2.147214,0.02377,1434.0,60328.14472023559,50667.0,21123.0,17.400000000000006,2023.0,2023.0
0801903047,Barcelona,41.375873,2.146492,0.0577,1705.0,29549.393414211438,39491.0,17241.0,24.5,2023.0,2023.0
0801903048,Barcelona,41.378364,2.144231,0.06832,1286.0,18823.1850117096,45843.0,20841.0,20.400000000000006,2023.0,2023.0
0801903049,Barcelona,41.377155,2.14356,0.04494,1661.0,36960.391633288826,41425.0,17816.0,28.099999999999994,2023.0,2023.0
0801903050,Barcelona,41.375978,2.14224,0.04254,1637.0,38481.42924306535,42935.0,18962.0,27.400000000000006,2023.0,2023.0
0801903051,Barcelona,41.374096,2.141842,0.03234,1800.0,55658.62708719852,36932.0,14981.0,28.599999999999994,2023.0,2023.0
0801903052,Barcelona,41.374109,2.143329,0.03531,1320.0,37383.17757009346,41168.0,16608.0,29.099999999999994,2023.0,2023.0
0801903053,Barcelona,41.374436,2.146031,0.05586,2168.0,38811.31399928392,39277.0,16149.0,31.700000000000003,2023.0,2023.0
0801903054,Barcelona,41.37295,2.145359,0.03161,1626.0,51439.41790572604,44024.0,18334.0,23.799999999999997,2023.0,2023.0
0801903055,Barcelona,41.372094,2.143547,0.02277,1587.0,69696.9696969697,40232.0,17409.0,26.5,2023.0,2023.0
0801903056,Barcelona,41.371052,2.142894,0.01585,919.0,57981.07255520505,37533.0,16488.0,28.400000000000006,2023.0,2023.0
0801903057,Barcelona,41.372694,2.141139,0.02896,1479.0,51070.441988950275,39499.0,16867.0,15.599999999999994,2023.0,2023.0
0801903058,Barcelona,41.370489,2.140573,0.09124,1710.0,18741.779921087244,53252.0,21301.0,18.400000000000006,2023.0,2023.0
0801903059,Barcelona,41.37012,2.139436,0.01801,1255.0,69683.50916157689,38504.0,17280.0,19.099999999999994,2023.0,2023.0
0801903060,Barcelona,41.371408,2.138444,0.0281,1326.0,47188.61209964413,43428.0,18787.0,12.400000000000006,2023.0,2023.0
0801903061,Barcelona,41.369729,2.138295,0.02051,1137.0,55436.37250121892,36565.0,16570.0,23.200000000000003,2023.0,2023.0
0801903062,Barcelona,41.370604,2.136486,0.03117,1623.0,52069.29740134745,38882.0,17380.0,20.099999999999994,2023.0,2023.0
0801903063,Barcelona,41.368651,2.136379,0.1251,1957.0,15643.485211830537,43320.0,16775.0,18.5,2023.0,2023.0
0801903064,Barcelona,41.365735,2.134681,0.09331,1755.0,18808.273496945665,43904.0,17729.0,40.7,2023.0,2023.0
0801903065,Barcelona,41.36703,2.134673,0.01403,1325.0,94440.48467569494,45790.0,18114.0,9.599999999999994,2023.0,2023.0
0801903066,Barcelona,41.367696,2.132603,0.0303,2338.0,77161.71617161715,41906.0,16271.0,16.900000000000006,2023.0,2023.0
0801903067,Barcelona,41.368428,2.133912,0.01924,1698.0,88253.63825363826,44043.0,17746.0,15.700000000000003,2023.0,2023.0
0801903068,Barcelona,41.369879,2.133368,0.01647,1144.0,69459.62355798422,36294.0,15721.0,19.200000000000003,2023.0,2023.0
0801903069,Barcelona,41.369938,2.131753,0.05545,1212.0,21857.529305680793,45842.0,18137.0,17.400000000000006,2023.0,2023.0
0801903070,Barcelona,41.371087,2.130525,0.01745,1294.0,74154.72779369628,36857.0,14979.0,23.400000000000006,2023.0,2023.0
0801903071,Barcelona,41.371724,2.13014,0.02084,1374.0,65930.90211132438,34939.0,15305.0,23.099999999999994,2023.0,2023.0
0801903072,Barcelona,41.372189,2.129497,0.02491,1333.0,53512.645523885985,36025.0,16027.0,21.200000000000003,2023.0,2023.0
0801903073,Barcelona,41.374491,2.130253,0.02361,1585.0,67132.57094451504,42847.0,18117.0,18.200000000000003,2023.0,2023.0
0801903074,Barcelona,41.374245,2.129034,0.04074,1740.0,42709.86745213549,40563.0,17102.0,19.900000000000006,2023.0,2023.0
0801903075,Barcelona,41.372593,2.127966,0.03041,1720.0,56560.34199276554,40947.0,16422.0,22.700000000000003,2023.0,2023.0
0801903076,Barcelona,41.373093,2.126531,0.01447,1031.0,71250.86385625432,38010.0,16632.0,20.200000000000003,2023.0,2023.0
0801903077,Barcelona,41.373844,2.125891,0.02164,1412.0,65249.53789279113,40760.0,16612.0,21.900000000000006,2023.0,2023.0
0801903078,Barcelona,41.374432,2.127417,0.02599,1742.0,67025.77914582532,39281.0,15234.0,28.599999999999994,2023.0,2023.0
0801903079,Barcelona,41.374965,2.125221,0.02616,1799.0,68769.1131498471,38236.0,15294.0,30.0,2023.0,2023.0
0801903080,Barcelona,41.374904,2.123594,0.02175,1525.0,70114.94252873564,40888.0,16973.0,19.200000000000003,2023.0,2023.0
0801903081,Barcelona,41.376163,2.124935,0.02849,1977.0,69392.76939276939,43690.0,17292.0,24.599999999999994,2023.0,2023.0
0801903082,Barcelona,41.377131,2.126702,0.03184,1875.0,58888.19095477387,46018.0,19189.0,19.799999999999997,2023.0,2023.0
0801903083,Barcelona,41.376073,2.128442,0.02865,1380.0,48167.53926701571,43967.0,18528.0,18.0,2023.0,2023.0
0801903084,Barcelona,41.376933,2.128936,0.02574,1443.0,56060.606060606064,44805.0,18582.0,15.599999999999994,2023.0,2023.0
0801903085,Barcelona,41.378289,2.128581,0.02432,1318.0,54194.07894736842,43976.0,19253.0,21.900000000000006,2023.0,2023.0
0801903086,Barcelona,41.379293,2.130141,0.01859,1272.0,68423.8838084992,53894.0,22452.0,12.299999999999997,2023.0,2023.0
0801903087,Barcelona,41.379977,2.131794,0.02071,1459.0,70449.05842588122,50432.0,20540.0,16.299999999999997,2023.0,2023.0
0801903088,Barcelona,41.380193,2.133342,0.01918,1359.0,70855.05735140773,43427.0,19094.0,17.400000000000006,2023.0,2023.0
0801903089,Barcelona,41.378504,2.134135,0.02251,1222.0,54286.98356286095,46086.0,20287.0,14.0,2023.0,2023.0
0801903090,Barcelona,41.376551,2.135053,0.02857,1008.0,35281.76408820441,51256.0,21515.0,13.900000000000006,2023.0,2023.0
0801903091,Barcelona,41.376325,2.133406,0.03649,1421.0,38942.17593861332,49249.0,19658.0,19.200000000000003,2023.0,2023.0
0801903092,Barcelona,41.378332,2.132492,0.0417,1206.0,28920.863309352517,44221.0,19022.0,21.299999999999997,2023.0,2023.0
0801903093,Barcelona,41.377956,2.130615,0.02902,1449.0,49931.08201240523,46861.0,19844.0,13.599999999999994,2023.0,2023.0
0801903094,Barcelona,41.376322,2.131266,0.03205,1213.0,37847.11388455538,43797.0,19921.0,16.599999999999994,2023.0,2023.0
0801903095,Barcelona,41.374622,2.131555,0.02699,1561.0,57836.23564283068,42790.0,18638.0,19.299999999999997,2023.0,2023.0
0801903096,Barcelona,41.3747,2.133416,0.03268,1561.0,47766.21787025704,41245.0,17235.0,23.900000000000006,2023.0,2023.0
0801903097,Barcelona,41.373067,2.132279,0.02177,1593.0,73174.0927882407,33281.0,13951.0,30.299999999999997,2023.0,2023.0
0801903098,Barcelona,41.371882,2.133483,0.04527,1423.0,31433.62049922686,39026.0,15716.0,25.299999999999997,2023.0,2023.0
0801903099,Barcelona,41.372197,2.135955,0.03091,1048.0,33904.88515043675,38625.0,17141.0,23.400000000000006,2023.0,2023.0
0801903100,Barcelona,41.373826,2.134916,0.05412,1262.0,23318.551367331853,40069.0,18219.0,23.799999999999997,2023.0,2023.0
0801903101,Barcelona,41.373806,2.137095,0.03898,1281.0,32863.00667008723,39580.0,17864.0,20.400000000000006,2023.0,2023.0
0801903102,Barcelona,41.373378,2.138209,0.02537,1362.0,53685.45526212062,42591.0,17648.0,21.200000000000003,2023.0,2023.0
0801903103,Barcelona,41.37371,2.13998,0.01585,1121.0,70725.55205047318,40484.0,18508.0,12.099999999999994,2023.0,2023.0
0801903104,Barcelona,41.374698,2.139372,0.03321,1439.0,43330.322192110805,40365.0,16968.0,25.799999999999997,2023.0,2023.0
0801903105,Barcelona,41.376179,2.137443,0.03037,1183.0,38952.914059927556,39703.0,16901.0,26.599999999999994,2023.0,2023.0
0801903106,Barcelona,41.378092,2.140181,0.15573,1277.0,8200.089899184486,40359.0,17959.0,28.0,2023.0,2023.0
0801903107,Barcelona,41.380189,2.138878,0.08491,1588.0,18702.15522317748,43859.0,18359.0,22.0,2023.0,2023.0
0801903108,Barcelona,41.377541,2.13634,0.04036,1578.0,39098.11694747274,42380.0,17912.0,21.599999999999994,2023.0,2023.0
0801903109,Barcelona,41.379288,2.135796,0.03595,1543.0,42920.723226703754,45082.0,19476.0,20.700000000000003,2023.0,2023.0
0801903110,Barcelona,41.38088,2.135167,0.04056,1450.0,35749.50690335306,42313.0,19788.0,20.799999999999997,2023.0,2023.0
0801903111,Barcelona,41.381412,2.138157,0.02354,1265.0,53738.31775700935,44219.0,20132.0,19.799999999999997,2023.0,2023.0
0801903112,Barcelona,41.382241,2.138058,0.03034,1884.0,62096.24258404746,50891.0,21186.0,18.0,2023.0,2023.0
0801903113,Barcelona,41.382481,2.141013,0.04501,1502.0,33370.36214174628,58436.0,25808.0,17.0,2023.0,2023.0
0801903114,Barcelona,41.383966,2.141795,0.03211,1437.0,44752.41357832451,55538.0,23333.0,17.700000000000003,2023.0,2023.0
0801903211,Barcelona,41.360122,2.140123,0.02333,1503.0,64423.48906986712,45839.0,15929.0,16.400000000000006,2023.0,2023.0
0801903212,Barcelona,41.362993,2.137952,0.04066,2400.0,59026.06984751598,37307.0,14528.0,25.5,2023.0,2023.0
0801903213,Barcelona,41.364309,2.138623,0.01511,2319.0,153474.52018530775,34594.0,12728.0,26.799999999999997,2023.0,2023.0
0801904001,Barcelona,41.384883,2.140488,0.02322,1238.0,53316.10680447889,52112.0,21870.0,22.200000000000003,2023.0,2023.0
0801904002,Barcelona,41.384495,2.13761,0.03121,1884.0,60365.26754245434,58197.0,23455.0,13.799999999999997,2023.0,2023.0
0801904003,Barcelona,41.384004,2.13924,0.0159,1046.0,65786.16352201258,53269.0,23535.0,13.900000000000006,2023.0,2023.0
0801904004,Barcelona,41.383301,2.13799,0.0141,1009.0,71560.28368794326,50021.0,21935.0,16.099999999999994,2023.0,2023.0
0801904005,Barcelona,41.382578,2.13627,0.0188,1209.0,64308.51063829787,49483.0,21617.0,14.099999999999994,2023.0,2023.0
0801904006,Barcelona,41.381856,2.134303,0.01593,1159.0,72755.80665411174,52142.0,22202.0,17.0,2023.0,2023.0
0801904007,Barcelona,41.382919,2.13492,0.02439,981.0,40221.40221402214,42639.0,19083.0,17.400000000000006,2023.0,2023.0
0801904008,Barcelona,41.383496,2.134592,0.02372,1014.0,42748.73524451939,42752.0,19389.0,20.400000000000006,2023.0,2023.0
0801904009,Barcelona,41.384064,2.134027,0.0272,1428.0,52500.0,47568.0,21517.0,19.0,2023.0,2023.0
0801904010,Barcelona,41.384955,2.133267,0.03042,889.0,29224.194608809994,60564.0,24061.0,11.400000000000006,2023.0,2023.0
0801904011,Barcelona,41.385647,2.135348,0.03651,1711.0,46863.872911531085,61329.0,25508.0,11.299999999999997,2023.0,2023.0
0801904012,Barcelona,41.386157,2.136875,0.03295,1288.0,39089.529590288315,54793.0,24853.0,11.200000000000003,2023.0,2023.0
0801904013,Barcelona,41.387318,2.137518,0.0234,1198.0,51196.581196581195,60780.0,25967.0,15.700000000000003,2023.0,2023.0
0801904014,Barcelona,41.387681,2.139283,0.03601,718.0,19938.905859483475,57143.0,24685.0,14.900000000000006,2023.0,2023.0
0801904015,Barcelona,41.386079,2.139,0.02682,1869.0,69686.80089485459,54460.0,22682.0,14.599999999999994,2023.0,2023.0
0801904016,Barcelona,41.386054,2.141095,0.02653,1077.0,40595.55220505088,57949.0,24812.0,14.0,2023.0,2023.0
0801904017,Barcelona,41.387619,2.141339,0.04879,1159.0,23754.867800778848,57614.0,25377.0,14.900000000000006,2023.0,2023.0
0801904018,Barcelona,41.38923,2.142656,0.03434,1510.0,43972.04426324985,63352.0,26753.0,16.0,2023.0,2023.0
0801904019,Barcelona,41.39148,2.142113,0.05662,1401.0,24743.906746732606,77397.0,29913.0,15.299999999999997,2023.0,2023.0
0801904020,Barcelona,41.38958,2.141024,0.03496,1452.0,41533.18077803204,68611.0,27193.0,12.900000000000006,2023.0,2023.0
0801904021,Barcelona,41.390329,2.13921,0.04601,1312.0,28515.540099978265,67522.0,29433.0,16.200000000000003,2023.0,2023.0
0801904022,Barcelona,41.38903,2.135793,0.12095,1536.0,12699.462587846218,53430.0,24144.0,21.299999999999997,2023.0,2023.0
0801904023,Barcelona,41.390821,2.133533,0.10817,1052.0,9725.432190071184,95905.0,35792.0,15.599999999999994,2023.0,2023.0
0801904024,Barcelona,41.390499,2.129642,0.09521,1007.0,10576.620102930365,99296.0,36746.0,8.299999999999997,2023.0,2023.0
0801904025,Barcelona,41.387416,2.133478,0.03329,1159.0,34815.259837789126,55539.0,24568.0,13.200000000000003,2023.0,2023.0
0801904026,Barcelona,41.385982,2.132921,0.02368,1215.0,51309.12162162162,55095.0,24169.0,14.900000000000006,2023.0,2023.0
0801904027,Barcelona,41.387918,2.131615,0.06941,1329.0,19147.096960092207,55652.0,25271.0,23.700000000000003,2023.0,2023.0
0801904028,Barcelona,41.387176,2.129837,0.05071,1243.0,24511.930585683298,51692.0,23074.0,19.299999999999997,2023.0,2023.0
0801904029,Barcelona,41.38607,2.128308,0.08036,1119.0,13924.838227974116,64780.0,28011.0,10.5,2023.0,2023.0
0801904030,Barcelona,41.384133,2.129657,0.04795,1767.0,36850.88633993744,64569.0,26137.0,11.799999999999997,2023.0,2023.0
0801904031,Barcelona,41.383608,2.131307,0.02787,1447.0,51919.626838894874,53220.0,22456.0,16.099999999999994,2023.0,2023.0
0801904032,Barcelona,41.382003,2.132497,0.02429,1573.0,64759.16014820914,49730.0,20804.0,15.5,2023.0,2023.0
0801904033,Barcelona,41.381801,2.131519,0.01636,1160.0,70904.64547677262,45832.0,20534.0,14.799999999999997,2023.0,2023.0
0801904034,Barcelona,41.381794,2.129415,0.04903,1403.0,28615.133591678565,64891.0,26117.0,8.299999999999997,2023.0,2023.0
0801904035,Barcelona,41.380946,2.130476,0.02782,1338.0,48094.89575844716,54330.0,24068.0,13.299999999999997,2023.0,2023.0
0801904036,Barcelona,41.381072,2.127215,0.03083,1750.0,56762.89328576062,47982.0,19456.0,20.299999999999997,2023.0,2023.0
0801904037,Barcelona,41.379585,2.127606,0.04486,2177.0,48528.756130182795,51608.0,20843.0,17.0,2023.0,2023.0
0801904038,Barcelona,41.378393,2.125848,0.01841,1243.0,67517.65344921239,51339.0,21317.0,13.700000000000003,2023.0,2023.0
0801904039,Barcelona,41.379229,2.124434,0.04572,1143.0,25000.0,48331.0,21004.0,16.400000000000006,2023.0,2023.0
0801904040,Barcelona,41.377418,2.12438,0.02778,1600.0,57595.39236861051,41429.0,17596.0,25.299999999999997,2023.0,2023.0
0801904041,Barcelona,41.377573,2.122605,0.02423,1350.0,55716.05447791993,41785.0,18167.0,23.900000000000006,2023.0,2023.0
0801904042,Barcelona,41.376309,2.122604,0.01846,1742.0,94366.19718309859,40154.0,17701.0,18.400000000000006,2023.0,2023.0
0801904043,Barcelona,41.379262,2.117401,0.14852,1630.0,10974.952868300565,60050.0,25225.0,11.299999999999997,2023.0,2023.0
0801904044,Barcelona,41.377217,2.117833,0.04869,1543.0,31690.285479564594,47807.0,19823.0,18.099999999999994,2023.0,2023.0
0801904045,Barcelona,41.377007,2.115331,0.02216,1360.0,61371.84115523466,47514.0,19586.0,16.200000000000003,2023.0,2023.0
0801904046,Barcelona,41.377934,2.113805,0.05986,2391.0,39943.20080187103,67837.0,26870.0,9.799999999999997,2023.0,2023.0
0801904047,Barcelona,41.380274,2.109528,0.56863,1918.0,3373.0193623269965,59584.0,22726.0,14.0,2023.0,2023.0
0801904048,Barcelona,41.382797,2.126608,0.01715,1487.0,86705.5393586006,59551.0,24090.0,13.200000000000003,2023.0,2023.0
0801904049,Barcelona,41.383365,2.120838,0.79846,1097.0,1373.8947473887233,81918.0,31225.0,17.900000000000006,2023.0,2023.0
0801904050,Barcelona,41.390164,2.126845,0.09347,2017.0,21579.116293998075,104774.0,36918.0,11.0,2023.0,2023.0
0801904051,Barcelona,41.390529,2.125065,0.02568,1700.0,66199.3769470405,65047.0,26420.0,14.900000000000006,2023.0,2023.0
0801904052,Barcelona,41.389032,2.122783,0.11663,2164.0,18554.40281231244,104774.0,36918.0,14.400000000000006,2023.0,2023.0
0801904053,Barcelona,41.387716,2.113753,0.58225,1482.0,2545.298411335337,68517.0,26136.0,27.099999999999994,2023.0,2023.0
0801904054,Barcelona,41.384318,2.106061,0.21987,1082.0,4921.089734843316,92545.0,34414.0,18.599999999999994,2023.0,2023.0
0801904055,Barcelona,41.392078,2.116464,0.25277,1577.0,6238.873284013134,104774.0,36918.0,24.200000000000003,2023.0,2023.0
0801904056,Barcelona,41.393509,2.105702,1.39176,1644.0,1181.2381445076737,104774.0,36918.0,28.599999999999994,2023.0,2023.0
0801904084,Barcelona,41.383503,2.127167,0.02339,1441.0,61607.524583155195,66575.0,26755.0,13.200000000000003,2023.0,2023.0
0801905001,Barcelona,41.420517,2.08071,8.03023,1773.0,220.79068719077787,51718.0,18433.0,20.799999999999997,2023.0,2023.0
0801905002,Barcelona,41.419579,2.113156,2.4776,1529.0,617.129480142073,83618.0,29794.0,17.099999999999994,2023.0,2023.0
0801905003,Barcelona,41.410053,2.101991,0.81532,1382.0,1695.0399843006426,82099.0,28869.0,15.200000000000003,2023.0,2023.0
0801905004,Barcelona,41.409543,2.116027,0.71916,849.0,1180.5439679626231,104774.0,36918.0,14.200000000000003,2023.0,2023.0
0801905005,Barcelona,41.403797,2.110082,1.00001,988.0,987.9901200987989,83130.0,28109.0,22.0,2023.0,2023.0
0801905006,Barcelona,41.396115,2.117819,0.34056,1689.0,4959.478505990134,104774.0,36918.0,20.099999999999994,2023.0,2023.0
0801905007,Barcelona,41.401768,2.117636,0.17476,1556.0,8903.639276722362,84821.0,31904.0,19.700000000000003,2023.0,2023.0
0801905008,Barcelona,41.403133,2.12176,0.25399,1477.0,5815.1895743926925,91056.0,34560.0,16.0,2023.0,2023.0
0801905009,Barcelona,41.399474,2.119625,0.0661,1632.0,24689.86384266263,73612.0,28910.0,15.200000000000003,2023.0,2023.0
0801905010,Barcelona,41.398121,2.121095,0.04091,1509.0,36885.8469811782,72134.0,27520.0,15.299999999999997,2023.0,2023.0
0801905011,Barcelona,41.398247,2.123806,0.03945,1445.0,36628.64385297846,72327.0,28034.0,16.5,2023.0,2023.0
0801905012,Barcelona,41.397171,2.125245,0.06743,1368.0,20287.705768945572,64207.0,26815.0,15.299999999999997,2023.0,2023.0
0801905013,Barcelona,41.396686,2.121951,0.03664,1684.0,45960.698689956334,65526.0,26658.0,15.200000000000003,2023.0,2023.0
0801905014,Barcelona,41.394332,2.122122,0.04877,1589.0,32581.50502358007,78882.0,31837.0,16.099999999999994,2023.0,2023.0
0801905015,Barcelona,41.395326,2.124055,0.04261,1585.0,37197.840882421966,74500.0,27963.0,15.0,2023.0,2023.0
0801905016,Barcelona,41.394247,2.125244,0.03181,1832.0,57591.95221628419,60269.0,23897.0,16.599999999999994,2023.0,2023.0
0801905017,Barcelona,41.391948,2.123101,0.08849,1542.0,17425.697818962595,104774.0,36918.0,12.400000000000006,2023.0,2023.0
0801905018,Barcelona,41.392716,2.125882,0.03137,1242.0,39591.96684730634,68530.0,26634.0,13.200000000000003,2023.0,2023.0
0801905019,Barcelona,41.393189,2.127686,0.05127,1628.0,31753.462063584942,91786.0,33797.0,11.099999999999994,2023.0,2023.0
0801905020,Barcelona,41.393029,2.131426,0.02934,1140.0,38854.80572597137,83486.0,36413.0,18.599999999999994,2023.0,2023.0
0801905021,Barcelona,41.393422,2.133962,0.0868,1283.0,14781.10599078341,100272.0,36918.0,18.400000000000006,2023.0,2023.0
0801905022,Barcelona,41.394715,2.131003,0.09062,1568.0,17303.023615096005,104774.0,36918.0,11.900000000000006,2023.0,2023.0
0801905023,Barcelona,41.395769,2.127706,0.06643,1468.0,22098.44949570977,62062.0,25046.0,15.299999999999997,2023.0,2023.0
0801905024,Barcelona,41.396783,2.130547,0.08339,1932.0,23168.245592996762,104774.0,36918.0,11.0,2023.0,2023.0
0801905025,Barcelona,41.398806,2.131673,0.07812,1210.0,15488.99129544291,104774.0,36918.0,11.5,2023.0,2023.0
0801905026,Barcelona,41.401271,2.131456,0.05386,1397.0,25937.616041589306,104774.0,36918.0,8.099999999999994,2023.0,2023.0
0801905027,Barcelona,41.399551,2.129096,0.06924,1369.0,19771.808203350665,104774.0,36918.0,9.900000000000006,2023.0,2023.0
0801905028,Barcelona,41.399633,2.125386,0.06746,1488.0,22057.515564779125,97889.0,32630.0,10.5,2023.0,2023.0
0801905029,Barcelona,41.401171,2.127134,0.0904,1607.0,17776.548672566372,104774.0,36918.0,11.799999999999997,2023.0,2023.0
0801905030,Barcelona,41.403026,2.129195,0.06919,1356.0,19598.20783350195,104774.0,36918.0,7.099999999999994,2023.0,2023.0
0801905031,Barcelona,41.405488,2.128321,0.23751,1467.0,6176.582038651004,104774.0,36918.0,11.700000000000003,2023.0,2023.0
0801905032,Barcelona,41.410857,2.12589,0.88689,1545.0,1742.042417887224,104774.0,36918.0,18.599999999999994,2023.0,2023.0
0801905033,Barcelona,41.414299,2.132519,0.53258,1360.0,2553.6069698449055,93162.0,34732.0,16.5,2023.0,2023.0
0801905034,Barcelona,41.412296,2.136849,0.07203,1188.0,16493.127863390255,71160.0,28502.0,17.299999999999997,2023.0,2023.0
0801905035,Barcelona,41.408693,2.137097,0.03118,1071.0,34348.94162924952,104774.0,36918.0,10.599999999999994,2023.0,2023.0
0801905036,Barcelona,41.408515,2.135667,0.0352,1791.0,50880.681818181816,100912.0,35061.0,12.900000000000006,2023.0,2023.0
0801905037,Barcelona,41.406638,2.13775,0.03018,1474.0,48840.29158383035,64498.0,24901.0,14.299999999999997,2023.0,2023.0
0801905038,Barcelona,41.405294,2.138326,0.03399,1341.0,39452.78022947926,55741.0,24004.0,24.400000000000006,2023.0,2023.0
0801905039,Barcelona,41.406925,2.135235,0.03176,1542.0,48551.63727959698,93227.0,33380.0,10.0,2023.0,2023.0
0801905040,Barcelona,41.405467,2.13567,0.0384,1450.0,37760.41666666667,60462.0,24914.0,16.099999999999994,2023.0,2023.0
0801905041,Barcelona,41.404,2.138086,0.03429,1472.0,42927.96733741616,67263.0,28266.0,14.099999999999994,2023.0,2023.0
0801905042,Barcelona,41.402784,2.136472,0.0288,1309.0,45451.38888888889,69829.0,28122.0,14.0,2023.0,2023.0
0801905043,Barcelona,41.404244,2.13533,0.02751,1488.0,54089.42202835333,61651.0,25806.0,19.299999999999997,2023.0,2023.0
0801905044,Barcelona,41.403514,2.134349,0.02486,1327.0,53378.92196299276,69484.0,28468.0,17.599999999999994,2023.0,2023.0
0801905045,Barcelona,41.405304,2.133159,0.041,1606.0,39170.73170731707,94040.0,32917.0,10.5,2023.0,2023.0
0801905046,Barcelona,41.403884,2.131832,0.05279,1118.0,21178.25345709415,104774.0,36918.0,6.799999999999997,2023.0,2023.0
0801905047,Barcelona,41.402099,2.133458,0.03753,1215.0,32374.10071942446,96087.0,34364.0,11.200000000000003,2023.0,2023.0
0801905048,Barcelona,41.401003,2.134867,0.04723,1226.0,25958.07749311878,90291.0,34655.0,11.599999999999994,2023.0,2023.0
0801905049,Barcelona,41.399035,2.135678,0.0863,1701.0,19710.312862108924,104774.0,36918.0,13.599999999999994,2023.0,2023.0
0801905050,Barcelona,41.401478,2.137786,0.04233,1689.0,39900.77958894401,75506.0,30324.0,13.400000000000006,2023.0,2023.0
0801905051,Barcelona,41.39954,2.141119,0.04787,1644.0,34343.012325047,93122.0,32950.0,13.599999999999994,2023.0,2023.0
0801905052,Barcelona,41.399246,2.138919,0.0809,1360.0,16810.87762669963,104774.0,36918.0,12.299999999999997,2023.0,2023.0
0801905053,Barcelona,41.397267,2.136177,0.07037,1493.0,21216.42745488134,104774.0,36918.0,11.0,2023.0,2023.0
0801905054,Barcelona,41.396149,2.13816,0.05255,1002.0,19067.55470980019,104774.0,36918.0,13.599999999999994,2023.0,2023.0
0801905055,Barcelona,41.395339,2.135785,0.06368,1384.0,21733.668341708544,104774.0,36918.0,11.599999999999994,2023.0,2023.0
0801905056,Barcelona,41.393554,2.137672,0.06693,1194.0,17839.53384132676,85906.0,36364.0,20.400000000000006,2023.0,2023.0
0801905057,Barcelona,41.392265,2.138928,0.07021,1625.0,23144.851160803308,104774.0,36918.0,12.700000000000003,2023.0,2023.0
0801905058,Barcelona,41.394518,2.140595,0.06787,1565.0,23058.788861057907,99172.0,36918.0,22.099999999999994,2023.0,2023.0
0801905059,Barcelona,41.393505,2.143347,0.05852,1552.0,26520.84757347915,55427.0,24133.0,19.299999999999997,2023.0,2023.0
0801905060,Barcelona,41.395914,2.141264,0.02399,1141.0,47561.483951646514,104774.0,36918.0,19.200000000000003,2023.0,2023.0
0801905061,Barcelona,41.394215,2.145282,0.04349,1318.0,30305.81742929409,59106.0,27922.0,23.700000000000003,2023.0,2023.0
0801905062,Barcelona,41.396592,2.142025,0.03598,1613.0,44830.46136742635,82907.0,34899.0,19.099999999999994,2023.0,2023.0
0801905063,Barcelona,41.397545,2.143204,0.05313,1546.0,29098.43779408997,79786.0,32481.0,16.400000000000006,2023.0,2023.0
0801905064,Barcelona,41.396063,2.145238,0.04229,1591.0,37621.18704185387,73149.0,30761.0,20.5,2023.0,2023.0
0801905065,Barcelona,41.394702,2.147274,0.04564,1627.0,35648.553900087645,71412.0,28332.0,22.900000000000006,2023.0,2023.0
0801905066,Barcelona,41.39557,2.148778,0.0537,1232.0,22942.271880819368,87313.0,35544.0,17.799999999999997,2023.0,2023.0
0801905067,Barcelona,41.395889,2.151899,0.07841,1384.0,17650.80984568295,78455.0,30971.0,24.0,2023.0,2023.0
0801905068,Barcelona,41.397495,2.153186,0.06865,1558.0,22694.82884195193,65894.0,28740.0,19.099999999999994,2023.0,2023.0
0801905069,Barcelona,41.397415,2.149967,0.05126,1712.0,33398.361295357005,69967.0,27786.0,18.599999999999994,2023.0,2023.0
0801905070,Barcelona,41.397905,2.148415,0.03032,1433.0,47262.53298153034,64966.0,27049.0,18.299999999999997,2023.0,2023.0
0801905071,Barcelona,41.400138,2.149468,0.06607,1815.0,27470.864234902376,60930.0,25771.0,30.099999999999994,2023.0,2023.0
0801905072,Barcelona,41.39823,2.147297,0.03797,1708.0,44982.881222017386,71721.0,29346.0,17.0,2023.0,2023.0
0801905073,Barcelona,41.399735,2.146601,0.04094,1599.0,39057.156814851005,64075.0,27504.0,16.900000000000006,2023.0,2023.0
0801905074,Barcelona,41.398636,2.144969,0.03951,1620.0,41002.27790432802,79567.0,32231.0,16.599999999999994,2023.0,2023.0
0801905075,Barcelona,41.401067,2.145094,0.0554,1876.0,33862.815884476535,58253.0,25353.0,19.900000000000006,2023.0,2023.0
0801905076,Barcelona,41.400358,2.14237,0.03876,1424.0,36738.90608875129,70565.0,28308.0,16.799999999999997,2023.0,2023.0
0801905077,Barcelona,41.403465,2.141743,0.0325,1560.0,48000.0,88332.0,31387.0,17.799999999999997,2023.0,2023.0
0801905078,Barcelona,41.402364,2.140303,0.06574,2085.0,31715.850319440215,70729.0,26081.0,14.700000000000003,2023.0,2023.0
0801905079,Barcelona,41.401841,2.143374,0.03765,1293.0,34342.62948207171,75217.0,28421.0,15.700000000000003,2023.0,2023.0
0801905080,Barcelona,41.403113,2.145983,0.03497,1315.0,37603.660280240205,58342.0,25920.0,19.799999999999997,2023.0,2023.0
0801905081,Barcelona,41.401831,2.148276,0.0419,1605.0,38305.4892601432,59430.0,25509.0,17.400000000000006,2023.0,2023.0
0801905082,Barcelona,41.40261,2.149476,0.04364,1673.0,38336.388634280476,54794.0,24082.0,22.0,2023.0,2023.0
0801905083,Barcelona,41.405075,2.149355,0.0364,1194.0,32802.1978021978,57781.0,25017.0,14.5,2023.0,2023.0
0801905084,Barcelona,41.404968,2.147516,0.03318,1317.0,39692.58589511754,58303.0,24844.0,19.599999999999994,2023.0,2023.0
0801905085,Barcelona,41.404463,2.146353,0.03091,1313.0,42478.16240698803,54060.0,22695.0,20.299999999999997,2023.0,2023.0
0801905086,Barcelona,41.404463,2.144333,0.0284,1343.0,47288.7323943662,58699.0,25791.0,18.599999999999994,2023.0,2023.0
0801905087,Barcelona,41.404041,2.142904,0.03395,1640.0,48306.332842415315,58816.0,25732.0,20.299999999999997,2023.0,2023.0
0801905088,Barcelona,41.406523,2.144434,0.03743,1700.0,45418.11381244991,63546.0,26143.0,16.5,2023.0,2023.0
0801905089,Barcelona,41.406738,2.146968,0.06465,1804.0,27904.098994586235,63218.0,24945.0,19.599999999999994,2023.0,2023.0
0801905090,Barcelona,41.408109,2.144947,0.05249,1840.0,35054.29605639169,52420.0,23343.0,20.200000000000003,2023.0,2023.0
0801905091,Barcelona,41.410439,2.144635,0.0408,1521.0,37279.41176470588,60581.0,25750.0,18.0,2023.0,2023.0
0801905092,Barcelona,41.40775,2.14213,0.16047,1610.0,10033.027980307845,89211.0,33258.0,14.700000000000003,2023.0,2023.0
0801905093,Barcelona,41.406344,2.139577,0.02805,1174.0,41853.83244206774,66910.0,28362.0,19.700000000000003,2023.0,2023.0
0801905094,Barcelona,41.409281,2.138657,0.06831,2787.0,40799.29732103645,80103.0,30994.0,15.099999999999994,2023.0,2023.0
0801905095,Barcelona,41.412618,2.138639,0.02548,1710.0,67111.45996860282,55952.0,22947.0,18.900000000000006,2023.0,2023.0
0801905096,Barcelona,41.411575,2.1397,0.01837,1122.0,61077.844311377245,51833.0,23460.0,17.799999999999997,2023.0,2023.0
0801905097,Barcelona,41.409408,2.140324,0.03723,1690.0,45393.499865699705,64252.0,25268.0,20.200000000000003,2023.0,2023.0
0801905098,Barcelona,41.411031,2.141597,0.02598,1487.0,57236.33564280216,57102.0,24501.0,17.0,2023.0,2023.0
0801906001,Barcelona,41.408779,2.147811,0.05508,1191.0,21623.093681917213,47955.0,20054.0,27.5,2023.0,2023.0
0801906002,Barcelona,41.409093,2.148923,0.02777,1512.0,54447.245228664025,44933.0,20557.0,22.299999999999997,2023.0,2023.0
0801906003,Barcelona,41.411472,2.148315,0.04191,2372.0,56597.47077069911,45022.0,18798.0,22.099999999999994,2023.0,2023.0
0801906004,Barcelona,41.413572,2.147678,0.13503,1371.0,10153.299266829592,48023.0,21085.0,16.799999999999997,2023.0,2023.0
0801906006,Barcelona,41.414908,2.14146,0.18501,1016.0,5491.595048916274,70154.0,28262.0,13.099999999999994,2023.0,2023.0
0801906007,Barcelona,41.412921,2.141552,0.06521,2029.0,31114.85968409753,55718.0,22793.0,18.799999999999997,2023.0,2023.0
0801906008,Barcelona,41.413163,2.139595,0.02541,2078.0,81778.82723337269,48234.0,20225.0,23.700000000000003,2023.0,2023.0
0801906009,Barcelona,41.41989,2.135057,0.41614,1323.0,3179.218532224732,74685.0,30049.0,13.200000000000003,2023.0,2023.0
0801906010,Barcelona,41.41889,2.13938,0.07782,1037.0,13325.623233102031,58419.0,23983.0,17.599999999999994,2023.0,2023.0
0801906011,Barcelona,41.419391,2.142512,0.10388,1332.0,12822.487485560261,56646.0,23181.0,12.400000000000006,2023.0,2023.0
0801906012,Barcelona,41.416162,2.143856,0.10623,1115.0,10496.093382283723,62891.0,24612.0,16.700000000000003,2023.0,2023.0
0801906013,Barcelona,41.414973,2.146361,0.03665,1837.0,50122.78308321964,47127.0,19455.0,23.099999999999994,2023.0,2023.0
0801906014,Barcelona,41.417144,2.147284,0.02572,1468.0,57076.20528771384,43821.0,18107.0,17.700000000000003,2023.0,2023.0
0801906015,Barcelona,41.419345,2.146819,0.18401,1474.0,8010.4342155317645,41495.0,17149.0,24.200000000000003,2023.0,2023.0
0801906016,Barcelona,41.419023,2.150269,0.03473,1599.0,46040.88684134754,38223.0,16406.0,21.299999999999997,2023.0,2023.0
0801906017,Barcelona,41.416977,2.149941,0.0738,1419.0,19227.642276422765,42262.0,17569.0,18.799999999999997,2023.0,2023.0
0801906018,Barcelona,41.413653,2.151945,0.19872,1407.0,7080.314009661835,45169.0,19587.0,27.900000000000006,2023.0,2023.0
0801906019,Barcelona,41.410142,2.149562,0.03545,1494.0,42143.864598025386,47174.0,20091.0,20.599999999999994,2023.0,2023.0
0801906020,Barcelona,41.408868,2.151008,0.02384,1165.0,48867.44966442953,48236.0,21419.0,22.099999999999994,2023.0,2023.0
0801906021,Barcelona,41.409849,2.152814,0.05679,1268.0,22327.874625814406,57012.0,23567.0,18.400000000000006,2023.0,2023.0
0801906022,Barcelona,41.412321,2.154775,0.10871,1144.0,10523.410909759912,50892.0,21519.0,22.0,2023.0,2023.0
0801906023,Barcelona,41.414681,2.157548,0.06282,1275.0,20296.08404966571,62624.0,25179.0,6.5,2023.0,2023.0
0801906024,Barcelona,41.412847,2.158857,0.09065,1717.0,18940.981798124656,50489.0,21118.0,17.200000000000003,2023.0,2023.0
0801906025,Barcelona,41.411491,2.158981,0.02012,1410.0,70079.52286282307,51783.0,21864.0,9.599999999999994,2023.0,2023.0
0801906026,Barcelona,41.410567,2.156793,0.02453,1012.0,41255.60538116592,48793.0,21528.0,18.299999999999997,2023.0,2023.0
0801906027,Barcelona,41.409594,2.155067,0.01825,1177.0,64493.15068493151,54194.0,23025.0,17.599999999999994,2023.0,2023.0
0801906028,Barcelona,41.408816,2.155774,0.0249,1372.0,55100.40160642571,44728.0,19932.0,26.299999999999997,2023.0,2023.0
0801906029,Barcelona,41.409475,2.158117,0.03134,1333.0,42533.50350989151,48464.0,22851.0,19.900000000000006,2023.0,2023.0
0801906030,Barcelona,41.40809,2.159473,0.02689,1341.0,49869.84008925251,42746.0,19625.0,29.599999999999994,2023.0,2023.0
0801906031,Barcelona,41.40727,2.157847,0.02961,1110.0,37487.33535967578,43559.0,20890.0,24.900000000000006,2023.0,2023.0
0801906032,Barcelona,41.40828,2.156888,0.01741,1157.0,66456.05973578405,43502.0,19444.0,20.200000000000003,2023.0,2023.0
0801906033,Barcelona,41.406842,2.156101,0.03412,1247.0,36547.479484173506,46154.0,20962.0,22.400000000000006,2023.0,2023.0
0801906034,Barcelona,41.405574,2.155288,0.02662,1056.0,39669.42148760331,41143.0,19300.0,21.099999999999994,2023.0,2023.0
0801906035,Barcelona,41.407786,2.153853,0.03403,1056.0,31031.44284454893,57615.0,24212.0,19.900000000000006,2023.0,2023.0
0801906036,Barcelona,41.40676,2.152987,0.05307,1319.0,24853.966459393254,50811.0,22797.0,19.099999999999994,2023.0,2023.0
0801906037,Barcelona,41.40671,2.150722,0.03698,1045.0,28258.51811790157,51821.0,21768.0,19.299999999999997,2023.0,2023.0
0801906038,Barcelona,41.405205,2.152227,0.03872,1532.0,39566.11570247934,47104.0,20187.0,26.200000000000003,2023.0,2023.0
0801906039,Barcelona,41.403799,2.153459,0.04108,1624.0,39532.619279454724,42347.0,19651.0,31.799999999999997,2023.0,2023.0
0801906040,Barcelona,41.403904,2.151058,0.0405,1638.0,40444.444444444445,50092.0,21619.0,26.599999999999994,2023.0,2023.0
0801906041,Barcelona,41.401684,2.151829,0.04753,1785.0,37555.22827687776,53446.0,23272.0,24.099999999999994,2023.0,2023.0
0801906042,Barcelona,41.399924,2.153522,0.05183,1695.0,32703.067721396874,56011.0,24310.0,26.799999999999997,2023.0,2023.0
0801906043,Barcelona,41.398707,2.155124,0.03593,1205.0,33537.43389924854,51919.0,23449.0,30.900000000000006,2023.0,2023.0
0801906044,Barcelona,41.397088,2.156648,0.08292,1624.0,19585.14230583695,63204.0,28635.0,27.299999999999997,2023.0,2023.0
0801906045,Barcelona,41.398062,2.159366,0.0505,1247.0,24693.06930693069,46200.0,22134.0,29.200000000000003,2023.0,2023.0
0801906046,Barcelona,41.400113,2.15917,0.01915,1073.0,56031.3315926893,44421.0,20588.0,25.299999999999997,2023.0,2023.0
0801906047,Barcelona,41.399823,2.158442,0.02756,1211.0,43940.49346879536,38982.0,19631.0,32.400000000000006,2023.0,2023.0
0801906048,Barcelona,41.399528,2.157038,0.02965,1353.0,45632.37774030354,43364.0,19801.0,32.900000000000006,2023.0,2023.0
0801906049,Barcelona,41.400944,2.155146,0.02702,1124.0,41598.815692079945,47393.0,21009.0,31.200000000000003,2023.0,2023.0
0801906050,Barcelona,41.40172,2.156447,0.03273,1295.0,39566.14726550565,39924.0,18118.0,31.099999999999994,2023.0,2023.0
0801906051,Barcelona,41.402642,2.154486,0.03953,1183.0,29926.637996458383,44570.0,20280.0,24.700000000000003,2023.0,2023.0
0801906052,Barcelona,41.404421,2.156431,0.03803,1451.0,38154.08887720221,43550.0,21104.0,25.799999999999997,2023.0,2023.0
0801906053,Barcelona,41.403794,2.157819,0.04013,1508.0,37577.87191627212,47137.0,20750.0,28.5,2023.0,2023.0
0801906054,Barcelona,41.402681,2.158762,0.03556,1545.0,43447.694038245216,41883.0,19683.0,26.799999999999997,2023.0,2023.0
0801906055,Barcelona,41.401766,2.15972,0.03272,1276.0,38997.55501222494,44767.0,20521.0,24.799999999999997,2023.0,2023.0
0801906056,Barcelona,41.400867,2.161469,0.03424,1589.0,46407.71028037383,41343.0,20093.0,31.599999999999994,2023.0,2023.0
0801906057,Barcelona,41.399617,2.161036,0.03742,1537.0,41074.291822554784,38531.0,18792.0,29.5,2023.0,2023.0
0801906058,Barcelona,41.400748,2.163533,0.04253,1701.0,39995.297437103225,43751.0,21548.0,27.900000000000006,2023.0,2023.0
0801906059,Barcelona,41.402512,2.162018,0.03458,1462.0,42278.77385772123,41535.0,20354.0,24.0,2023.0,2023.0
0801906060,Barcelona,41.40436,2.160574,0.04235,1731.0,40873.67178276269,42538.0,18897.0,25.200000000000003,2023.0,2023.0
0801906061,Barcelona,41.405672,2.158757,0.03283,1320.0,40207.12762717027,44363.0,19651.0,24.5,2023.0,2023.0
0801906062,Barcelona,41.406735,2.1601,0.02267,1221.0,53859.72651080724,42663.0,19209.0,20.900000000000006,2023.0,2023.0
0801906063,Barcelona,41.405679,2.161786,0.04368,1470.0,33653.846153846156,43924.0,20181.0,24.0,2023.0,2023.0
0801906064,Barcelona,41.403162,2.16347,0.03895,1898.0,48729.13992297818,49523.0,21055.0,19.900000000000006,2023.0,2023.0
0801906065,Barcelona,41.4044,2.164069,0.01976,1131.0,57236.84210526316,53968.0,23080.0,18.299999999999997,2023.0,2023.0
0801906066,Barcelona,41.405219,2.165256,0.01817,974.0,53604.84314804623,43092.0,20645.0,23.799999999999997,2023.0,2023.0
0801906067,Barcelona,41.403939,2.165835,0.03567,1795.0,50322.3997757219,45073.0,21041.0,25.0,2023.0,2023.0
0801906068,Barcelona,41.402248,2.165841,0.03481,1528.0,43895.43234702672,52911.0,23837.0,22.799999999999997,2023.0,2023.0
0801906069,Barcelona,41.401811,2.167498,0.019,1064.0,56000.0,50261.0,21492.0,25.5,2023.0,2023.0
0801906070,Barcelona,41.403101,2.168097,0.03517,1893.0,53824.282058572644,45146.0,19793.0,25.0,2023.0,2023.0
0801906071,Barcelona,41.404378,2.168651,0.01757,1054.0,59988.61696072852,53664.0,21907.0,18.799999999999997,2023.0,2023.0
0801906072,Barcelona,41.403948,2.170345,0.03598,1631.0,45330.7392996109,55240.0,24212.0,17.799999999999997,2023.0,2023.0
0801906073,Barcelona,41.405229,2.169782,0.01759,1313.0,74644.68447981807,46922.0,21395.0,19.5,2023.0,2023.0
0801906074,Barcelona,41.406091,2.168665,0.01817,1165.0,64116.675839295545,48779.0,19546.0,25.099999999999994,2023.0,2023.0
0801906075,Barcelona,41.406854,2.167627,0.01438,1064.0,73991.65507649512,56831.0,23203.0,13.299999999999997,2023.0,2023.0
0801906076,Barcelona,41.405615,2.167016,0.03394,1289.0,37978.78609310548,50837.0,21443.0,17.700000000000003,2023.0,2023.0
0801906077,Barcelona,41.406801,2.165803,0.02823,1164.0,41232.7311370882,43366.0,19538.0,23.0,2023.0,2023.0
0801906078,Barcelona,41.408072,2.165742,0.02472,1271.0,51415.857605178,41092.0,19901.0,24.400000000000006,2023.0,2023.0
0801906079,Barcelona,41.409124,2.164675,0.02035,1146.0,56314.49631449631,45649.0,20813.0,18.799999999999997,2023.0,2023.0
0801906080,Barcelona,41.407467,2.16438,0.01856,1175.0,63308.18965517241,45816.0,20381.0,19.0,2023.0,2023.0
0801906081,Barcelona,41.406089,2.163706,0.01891,1320.0,69804.33632998413,44745.0,20579.0,22.400000000000006,2023.0,2023.0
0801906082,Barcelona,41.407209,2.162134,0.03265,1790.0,54823.88973966309,49381.0,21032.0,15.200000000000003,2023.0,2023.0
0801906083,Barcelona,41.408229,2.162952,0.02464,1665.0,67573.05194805196,50101.0,22433.0,13.400000000000006,2023.0,2023.0
0801906084,Barcelona,41.409241,2.16105,0.02671,1436.0,53762.635716959936,46284.0,20976.0,17.799999999999997,2023.0,2023.0
0801906085,Barcelona,41.410142,2.160413,0.02604,1338.0,51382.48847926267,50692.0,21943.0,19.700000000000003,2023.0,2023.0
0801906086,Barcelona,41.410852,2.159656,0.02134,995.0,46626.05435801312,56502.0,24140.0,13.700000000000003,2023.0,2023.0
0801906087,Barcelona,41.411218,2.162217,0.04144,1809.0,43653.474903474904,53401.0,23571.0,10.099999999999994,2023.0,2023.0
0801906088,Barcelona,41.409482,2.162993,0.02424,1275.0,52599.009900990095,48651.0,20867.0,16.5,2023.0,2023.0
0801907001,Barcelona,41.410624,2.165253,0.02506,1433.0,57182.76137270551,51167.0,22147.0,13.700000000000003,2023.0,2023.0
0801907002,Barcelona,41.409032,2.167192,0.04797,1119.0,23327.0794246404,36801.0,19201.0,13.700000000000003,2023.0,2023.0
0801907003,Barcelona,41.40773,2.168887,0.01401,1342.0,95788.72234118487,46497.0,19429.0,22.5,2023.0,2023.0
0801907004,Barcelona,41.408947,2.170648,0.01911,1547.0,80952.38095238096,41642.0,17799.0,27.0,2023.0,2023.0
0801907005,Barcelona,41.410324,2.170051,0.0277,1431.0,51660.64981949459,40221.0,18710.0,18.900000000000006,2023.0,2023.0
0801907006,Barcelona,41.40984,2.168507,0.03959,908.0,22935.084617327608,47069.0,20209.0,12.700000000000003,2023.0,2023.0
0801907007,Barcelona,41.411405,2.166679,0.02627,1291.0,49143.509706889985,42721.0,18160.0,20.900000000000006,2023.0,2023.0
0801907008,Barcelona,41.411664,2.168407,0.02025,1340.0,66172.83950617284,49271.0,19693.0,15.400000000000006,2023.0,2023.0
0801907009,Barcelona,41.411845,2.170207,0.0181,1276.0,70497.23756906077,41468.0,17508.0,27.5,2023.0,2023.0
0801907010,Barcelona,41.410681,2.171722,0.02894,1303.0,45024.18797512094,47923.0,20325.0,22.299999999999997,2023.0,2023.0
0801907011,Barcelona,41.411284,2.173112,0.01926,1136.0,58982.346832814124,41579.0,19173.0,29.400000000000006,2023.0,2023.0
0801907012,Barcelona,41.41244,2.171593,0.02671,1572.0,58854.36166229876,39566.0,17437.0,20.599999999999994,2023.0,2023.0
0801907013,Barcelona,41.412839,2.169716,0.01805,1215.0,67313.01939058171,49631.0,20122.0,14.400000000000006,2023.0,2023.0
0801907014,Barcelona,41.413766,2.169836,0.0118,876.0,74237.28813559322,38192.0,17067.0,24.299999999999997,2023.0,2023.0
0801907015,Barcelona,41.414829,2.168687,0.0284,1370.0,48239.436619718304,44369.0,18373.0,17.299999999999997,2023.0,2023.0
0801907016,Barcelona,41.413501,2.166484,0.1103,1349.0,12230.281051677244,53144.0,20915.0,13.299999999999997,2023.0,2023.0
0801907017,Barcelona,41.412611,2.163669,0.02582,1818.0,70410.53446940356,44433.0,18102.0,20.299999999999997,2023.0,2023.0
0801907018,Barcelona,41.411479,2.163639,0.02053,1743.0,84900.14612761812,45356.0,17856.0,20.5,2023.0,2023.0
0801907019,Barcelona,41.41372,2.162906,0.02845,1580.0,55536.02811950791,46890.0,19265.0,19.400000000000006,2023.0,2023.0
0801907020,Barcelona,41.414756,2.16341,0.0308,1722.0,55909.090909090904,43596.0,18242.0,23.0,2023.0,2023.0
0801907021,Barcelona,41.41591,2.157913,0.0546,1088.0,19926.739926739927,53802.0,21359.0,14.5,2023.0,2023.0
0801907022,Barcelona,41.415306,2.160346,0.03601,1167.0,32407.664537628436,44871.0,18067.0,14.599999999999994,2023.0,2023.0
0801907023,Barcelona,41.416993,2.16028,0.02825,1323.0,46831.85840707964,35401.0,15621.0,22.0,2023.0,2023.0
0801907024,Barcelona,41.416014,2.161522,0.03243,1502.0,46315.14030218933,38422.0,17091.0,18.700000000000003,2023.0,2023.0
0801907025,Barcelona,41.415989,2.16374,0.03052,1485.0,48656.61861074706,39035.0,16532.0,24.799999999999997,2023.0,2023.0
0801907026,Barcelona,41.417895,2.164419,0.16905,1119.0,6619.343389529725,40474.0,17256.0,16.400000000000006,2023.0,2023.0
0801907027,Barcelona,41.416626,2.168586,0.05761,2073.0,35983.336226349595,43264.0,16653.0,19.700000000000003,2023.0,2023.0
0801907028,Barcelona,41.419927,2.168153,0.21314,1471.0,6901.567045134653,41411.0,17335.0,23.900000000000006,2023.0,2023.0
0801907029,Barcelona,41.419815,2.171317,0.05417,1274.0,23518.552704448957,46067.0,20079.0,20.200000000000003,2023.0,2023.0
0801907030,Barcelona,41.421254,2.172218,0.0385,1479.0,38415.58441558442,36984.0,15561.0,22.599999999999994,2023.0,2023.0
0801907031,Barcelona,41.420509,2.174095,0.02593,1587.0,61203.239490937136,37949.0,15575.0,24.5,2023.0,2023.0
0801907032,Barcelona,41.419193,2.173765,0.0239,1472.0,61589.95815899581,43274.0,18088.0,19.200000000000003,2023.0,2023.0
0801907033,Barcelona,41.420382,2.175651,0.03192,1497.0,46898.49624060151,45477.0,18920.0,17.599999999999994,2023.0,2023.0
0801907034,Barcelona,41.418538,2.177838,0.04622,1825.0,39485.07139766335,49237.0,20192.0,17.099999999999994,2023.0,2023.0
0801907035,Barcelona,41.416938,2.179565,0.03873,1738.0,44874.77407694294,49345.0,20426.0,14.599999999999994,2023.0,2023.0
0801907036,Barcelona,41.41733,2.17696,0.03202,1445.0,45128.04497189257,49065.0,20750.0,17.099999999999994,2023.0,2023.0
0801907037,Barcelona,41.418376,2.174395,0.04292,1525.0,35531.220876048465,43941.0,18309.0,19.5,2023.0,2023.0
0801907038,Barcelona,41.41614,2.172016,0.12274,1272.0,10363.36972462115,42023.0,18494.0,17.5,2023.0,2023.0
0801907039,Barcelona,41.413911,2.174829,0.18765,1590.0,8473.22142286171,45738.0,19353.0,18.5,2023.0,2023.0
0801907040,Barcelona,41.416171,2.175811,0.03508,1525.0,43472.06385404789,42024.0,18456.0,21.200000000000003,2023.0,2023.0
0801907041,Barcelona,41.415763,2.17842,0.02589,1428.0,55156.43105446118,38779.0,16814.0,26.5,2023.0,2023.0
0801907042,Barcelona,41.419689,2.179606,0.04726,1620.0,34278.459585272954,41475.0,18316.0,18.299999999999997,2023.0,2023.0
0801907043,Barcelona,41.420893,2.178257,0.04418,1466.0,33182.43549117248,42985.0,18273.0,19.599999999999994,2023.0,2023.0
0801907044,Barcelona,41.422899,2.177532,0.03321,1249.0,37609.15386931647,44756.0,19569.0,13.799999999999997,2023.0,2023.0
0801907045,Barcelona,41.421894,2.176482,0.0311,1639.0,52700.964630225084,42961.0,17168.0,20.099999999999994,2023.0,2023.0
0801907046,Barcelona,41.4231,2.175734,0.02477,1393.0,56237.38393217602,40650.0,17607.0,20.5,2023.0,2023.0
0801907047,Barcelona,41.424542,2.17526,0.02587,1437.0,55546.965597216855,41356.0,17779.0,18.299999999999997,2023.0,2023.0
0801907048,Barcelona,41.425621,2.173979,0.02483,1319.0,53121.224325412804,41950.0,18242.0,17.400000000000006,2023.0,2023.0
0801907049,Barcelona,41.424669,2.173185,0.02092,1191.0,56931.16634799235,40976.0,17871.0,16.0,2023.0,2023.0
0801907050,Barcelona,41.422878,2.174172,0.03302,1204.0,36462.74984857662,40766.0,17432.0,24.099999999999994,2023.0,2023.0
0801907051,Barcelona,41.42302,2.172457,0.03931,1829.0,46527.60111930807,43581.0,17786.0,19.799999999999997,2023.0,2023.0
0801907052,Barcelona,41.424459,2.170662,0.10677,1265.0,11847.897349442726,56945.0,21651.0,10.0,2023.0,2023.0
0801907053,Barcelona,41.426165,2.168931,0.05578,1468.0,26317.676586590173,48264.0,19286.0,10.799999999999997,2023.0,2023.0
0801907054,Barcelona,41.424583,2.166659,0.16053,1666.0,10378.122469320377,61704.0,24553.0,9.5,2023.0,2023.0
0801907055,Barcelona,41.425675,2.163908,0.07751,1219.0,15727.00296735905,73390.0,28816.0,6.599999999999994,2023.0,2023.0
0801907056,Barcelona,41.422765,2.163511,0.09673,1189.0,12291.946655639409,48588.0,19870.0,14.0,2023.0,2023.0
0801907057,Barcelona,41.425667,2.161164,0.09563,1466.0,15329.917389940394,50481.0,20347.0,8.900000000000006,2023.0,2023.0
0801907058,Barcelona,41.423156,2.159664,0.06257,1334.0,21320.121463960364,46873.0,19671.0,7.900000000000006,2023.0,2023.0
0801907059,Barcelona,41.421059,2.160213,0.05699,1386.0,24320.05615020179,34249.0,14434.0,23.0,2023.0,2023.0
0801907060,Barcelona,41.419439,2.160681,0.13327,1905.0,14294.289787649133,35560.0,14595.0,19.299999999999997,2023.0,2023.0
0801907061,Barcelona,41.418427,2.154089,0.23543,1146.0,4867.688909654675,36521.0,15017.0,11.799999999999997,2023.0,2023.0
0801907062,Barcelona,41.4213,2.151353,0.02853,1351.0,47353.66281107606,36252.0,15103.0,17.900000000000006,2023.0,2023.0
0801907063,Barcelona,41.421905,2.154052,0.02375,1470.0,61894.73684210526,31994.0,12816.0,19.099999999999994,2023.0,2023.0
0801907064,Barcelona,41.420247,2.155816,0.02864,1681.0,58694.13407821229,33209.0,13452.0,17.200000000000003,2023.0,2023.0
0801907065,Barcelona,41.421443,2.155974,0.02334,1797.0,76992.28791773779,29845.0,12192.0,28.299999999999997,2023.0,2023.0
0801907066,Barcelona,41.421261,2.157176,0.02512,1805.0,71855.09554140127,31842.0,12879.0,23.299999999999997,2023.0,2023.0
0801907067,Barcelona,41.421498,2.157987,0.02846,1560.0,54813.77371749825,32504.0,13077.0,24.799999999999997,2023.0,2023.0
0801907068,Barcelona,41.422939,2.156354,0.01423,1341.0,94237.52635277582,30706.0,11760.0,24.700000000000003,2023.0,2023.0
0801907069,Barcelona,41.422892,2.154898,0.0175,1475.0,84285.71428571428,30600.0,12607.0,26.400000000000006,2023.0,2023.0
0801907070,Barcelona,41.424068,2.157352,0.04431,1402.0,31640.713157300834,34540.0,13619.0,21.5,2023.0,2023.0
0801907071,Barcelona,41.426783,2.157309,0.04495,1325.0,29477.196885428257,37175.0,15217.0,13.200000000000003,2023.0,2023.0
0801907072,Barcelona,41.427975,2.156023,0.036,1419.0,39416.66666666667,38061.0,15116.0,17.900000000000006,2023.0,2023.0
0801907073,Barcelona,41.426603,2.153369,0.0379,1165.0,30738.786279683376,31384.0,13330.0,22.099999999999994,2023.0,2023.0
0801907074,Barcelona,41.426095,2.155238,0.02063,1718.0,83276.7813863306,31917.0,13258.0,20.299999999999997,2023.0,2023.0
0801907075,Barcelona,41.425425,2.156352,0.01684,1180.0,70071.25890736342,33365.0,13580.0,18.700000000000003,2023.0,2023.0
0801907076,Barcelona,41.424226,2.154865,0.0301,1396.0,46378.737541528244,32826.0,13231.0,20.299999999999997,2023.0,2023.0
0801907077,Barcelona,41.422679,2.152442,0.01686,1295.0,76809.01542111507,33171.0,13484.0,19.099999999999994,2023.0,2023.0
0801907078,Barcelona,41.423053,2.151612,0.02825,1464.0,51823.00884955752,34381.0,13483.0,21.799999999999997,2023.0,2023.0
0801907079,Barcelona,41.424532,2.153543,0.02116,1504.0,71077.50472589792,32296.0,12996.0,23.400000000000006,2023.0,2023.0
0801907080,Barcelona,41.425269,2.152745,0.02464,1800.0,73051.94805194806,35144.0,13716.0,17.599999999999994,2023.0,2023.0
0801907081,Barcelona,41.424795,2.149873,0.06115,1879.0,30727.718724448077,37633.0,15916.0,15.400000000000006,2023.0,2023.0
0801907082,Barcelona,41.423383,2.150613,0.02394,1264.0,52798.66332497911,35103.0,14503.0,19.099999999999994,2023.0,2023.0
0801907083,Barcelona,41.421956,2.149512,0.0222,1400.0,63063.06306306306,34954.0,14384.0,20.400000000000006,2023.0,2023.0
0801907084,Barcelona,41.421451,2.144828,0.04718,1388.0,29419.245442984316,35118.0,14598.0,23.599999999999994,2023.0,2023.0
0801907085,Barcelona,41.422957,2.148221,0.02727,1326.0,48624.862486248625,39104.0,15785.0,18.400000000000006,2023.0,2023.0
0801907086,Barcelona,41.421971,2.145542,0.02562,1512.0,59016.39344262295,36736.0,14492.0,24.099999999999994,2023.0,2023.0
0801907087,Barcelona,41.422458,2.14462,0.04487,1709.0,38087.80922665478,37468.0,15990.0,20.700000000000003,2023.0,2023.0
0801907088,Barcelona,41.423515,2.143869,0.08501,1756.0,20656.393365486412,38623.0,14911.0,20.799999999999997,2023.0,2023.0
0801907089,Barcelona,41.422742,2.139974,0.10346,1418.0,13705.780011598687,45722.0,18092.0,19.900000000000006,2023.0,2023.0
0801907090,Barcelona,41.425393,2.128431,1.37008,1471.0,1073.659932266729,39602.0,15691.0,14.900000000000006,2023.0,2023.0
0801907091,Barcelona,41.427973,2.135871,0.131,1166.0,8900.763358778626,39474.0,16075.0,16.200000000000003,2023.0,2023.0
0801907092,Barcelona,41.424859,2.138961,0.03779,1535.0,40619.211431595664,31891.0,12285.0,29.400000000000006,2023.0,2023.0
0801907093,Barcelona,41.426971,2.138163,0.02892,1668.0,57676.34854771784,37406.0,14883.0,18.900000000000006,2023.0,2023.0
0801907094,Barcelona,41.428462,2.141665,0.26945,1150.0,4267.953238077565,39221.0,17256.0,19.400000000000006,2023.0,2023.0
0801907095,Barcelona,41.431183,2.141404,0.04981,1568.0,31479.62256574985,40159.0,16797.0,20.799999999999997,2023.0,2023.0
0801907096,Barcelona,41.43308,2.144122,0.075,1490.0,19866.666666666668,36796.0,15494.0,21.0,2023.0,2023.0
0801907097,Barcelona,41.436602,2.136763,1.64313,742.0,451.5771728347727,42894.0,19214.0,16.400000000000006,2023.0,2023.0
0801907098,Barcelona,41.434885,2.150284,0.18,2105.0,11694.444444444445,56928.0,22859.0,8.200000000000003,2023.0,2023.0
0801907099,Barcelona,41.432685,2.148873,0.01103,1029.0,93291.02447869447,47897.0,20055.0,8.700000000000003,2023.0,2023.0
0801907100,Barcelona,41.432209,2.14983,0.10828,1146.0,10583.671961581085,40487.0,17700.0,13.900000000000006,2023.0,2023.0
0801907101,Barcelona,41.42801,2.147106,0.43727,1377.0,3149.0840899215586,42155.0,18128.0,14.400000000000006,2023.0,2023.0
0801907102,Barcelona,41.428864,2.153078,0.177,819.0,4627.118644067797,42723.0,17668.0,11.400000000000006,2023.0,2023.0
0801907103,Barcelona,41.443114,2.148568,2.09034,1361.0,651.0902532602353,40035.0,16126.0,18.099999999999994,2023.0,2023.0
0801907104,Barcelona,41.43819,2.161467,0.0694,1583.0,22809.79827089337,36360.0,15229.0,13.400000000000006,2023.0,2023.0
0801907105,Barcelona,41.436008,2.162614,0.04465,1034.0,23157.894736842103,45443.0,19591.0,8.299999999999997,2023.0,2023.0
0801907106,Barcelona,41.433703,2.162409,0.04125,1151.0,27903.0303030303,44969.0,18375.0,10.0,2023.0,2023.0
0801907107,Barcelona,41.434425,2.160573,0.06047,1131.0,18703.48933355383,51084.0,21175.0,8.599999999999994,2023.0,2023.0
0801907108,Barcelona,41.436393,2.159499,0.0468,1236.0,26410.25641025641,45225.0,18498.0,10.299999999999997,2023.0,2023.0
0801907109,Barcelona,41.436902,2.156995,0.04862,1650.0,33936.65158371041,34913.0,15200.0,17.5,2023.0,2023.0
0801907110,Barcelona,41.434364,2.157864,0.06553,983.0,15000.763009308712,45487.0,19053.0,9.200000000000003,2023.0,2023.0
0801907111,Barcelona,41.435014,2.155089,0.10196,894.0,8768.144370341312,51339.0,20950.0,8.5,2023.0,2023.0
0801907112,Barcelona,41.43226,2.154698,0.09565,1307.0,13664.401463669628,46258.0,18260.0,12.099999999999994,2023.0,2023.0
0801907113,Barcelona,41.4327,2.156278,0.01981,1216.0,61383.13982836951,39739.0,16379.0,13.900000000000006,2023.0,2023.0
0801907114,Barcelona,41.431318,2.157746,0.034,1245.0,36617.647058823524,45769.0,18664.0,11.5,2023.0,2023.0
0801907115,Barcelona,41.432174,2.159637,0.03698,1092.0,29529.47539210384,52531.0,22103.0,8.0,2023.0,2023.0
0801907116,Barcelona,41.432008,2.161711,0.02463,1535.0,62322.37109216403,42141.0,17700.0,9.200000000000003,2023.0,2023.0
0801907117,Barcelona,41.430718,2.162062,0.04336,1074.0,24769.372693726935,42491.0,18406.0,15.599999999999994,2023.0,2023.0
0801907118,Barcelona,41.430092,2.158765,0.04641,1330.0,28657.61689291101,41731.0,17407.0,15.299999999999997,2023.0,2023.0
0801907119,Barcelona,41.428817,2.158874,0.02734,1296.0,47403.072421360645,39910.0,15877.0,19.299999999999997,2023.0,2023.0
0801907120,Barcelona,41.427209,2.15969,0.05777,1205.0,20858.57711615025,39403.0,16514.0,16.0,2023.0,2023.0
0801907121,Barcelona,41.429048,2.160703,0.01916,1177.0,61430.06263048017,37922.0,15117.0,23.099999999999994,2023.0,2023.0
0801907122,Barcelona,41.428539,2.162675,0.05354,1287.0,24038.10235338065,41367.0,17518.0,13.799999999999997,2023.0,2023.0
0801907123,Barcelona,41.429906,2.164108,0.03483,1379.0,39592.30548377835,44441.0,18939.0,11.299999999999997,2023.0,2023.0
0801908001,Barcelona,41.430107,2.166072,0.01891,1250.0,66102.59122157589,38533.0,16612.0,12.200000000000003,2023.0,2023.0
0801908002,Barcelona,41.428458,2.165586,0.03252,1261.0,38776.13776137761,42622.0,18135.0,12.400000000000006,2023.0,2023.0
0801908003,Barcelona,41.428458,2.167289,0.01907,1257.0,65915.04981646565,38484.0,16211.0,15.700000000000003,2023.0,2023.0
0801908004,Barcelona,41.42979,2.168153,0.02364,1440.0,60913.70558375634,38884.0,16003.0,20.5,2023.0,2023.0
0801908005,Barcelona,41.429651,2.170067,0.02781,1158.0,41639.69795037756,41234.0,16888.0,15.099999999999994,2023.0,2023.0
0801908006,Barcelona,41.428173,2.169236,0.03871,1628.0,42056.31619736502,43143.0,17045.0,19.200000000000003,2023.0,2023.0
0801908007,Barcelona,41.429039,2.171508,0.02234,1122.0,50223.81378692928,42468.0,17451.0,11.0,2023.0,2023.0
0801908008,Barcelona,41.427437,2.171211,0.02433,1591.0,65392.519523222356,42378.0,17571.0,17.200000000000003,2023.0,2023.0
0801908009,Barcelona,41.426637,2.174175,0.0446,1785.0,40022.421524663674,39335.0,15747.0,20.700000000000003,2023.0,2023.0
0801908010,Barcelona,41.42892,2.172681,0.02857,1141.0,39936.99684984249,44095.0,19125.0,13.799999999999997,2023.0,2023.0
0801908011,Barcelona,41.429064,2.173843,0.0303,1180.0,38943.894389438945,47177.0,18532.0,11.400000000000006,2023.0,2023.0
0801908012,Barcelona,41.427056,2.176075,0.04883,1244.0,25476.1417161581,39381.0,17606.0,16.299999999999997,2023.0,2023.0
0801908013,Barcelona,41.428987,2.175123,0.0239,1208.0,50543.9330543933,40515.0,16544.0,17.700000000000003,2023.0,2023.0
0801908014,Barcelona,41.429359,2.176409,0.03467,1301.0,37525.23795788867,38520.0,15565.0,19.900000000000006,2023.0,2023.0
0801908015,Barcelona,41.428724,2.178629,0.03461,1467.0,42386.593470095344,35161.0,14485.0,23.0,2023.0,2023.0
0801908016,Barcelona,41.429856,2.179072,0.02528,1141.0,45134.49367088608,39073.0,16283.0,18.799999999999997,2023.0,2023.0
0801908017,Barcelona,41.428516,2.181056,0.03618,1355.0,37451.63073521283,40951.0,17767.0,15.400000000000006,2023.0,2023.0
0801908018,Barcelona,41.428135,2.183501,0.01724,1502.0,87122.96983758702,40831.0,16814.0,17.200000000000003,2023.0,2023.0
0801908019,Barcelona,41.429449,2.18238,0.03274,1834.0,56017.10445937691,37760.0,15238.0,25.0,2023.0,2023.0
0801908020,Barcelona,41.430837,2.18106,0.02716,1405.0,51730.486008836524,37519.0,15795.0,19.700000000000003,2023.0,2023.0
0801908021,Barcelona,41.431614,2.17978,0.02866,1432.0,49965.10816468946,39530.0,16882.0,15.799999999999997,2023.0,2023.0
0801908022,Barcelona,41.43249,2.177697,0.02928,1214.0,41461.74863387978,41006.0,16557.0,16.599999999999994,2023.0,2023.0
0801908023,Barcelona,41.431105,2.178223,0.02595,1433.0,55221.579961464355,36681.0,14924.0,21.400000000000006,2023.0,2023.0
0801908024,Barcelona,41.430899,2.175986,0.03063,1405.0,45870.06203068887,37751.0,15580.0,17.700000000000003,2023.0,2023.0
0801908025,Barcelona,41.431852,2.175614,0.01945,1278.0,65706.940874036,34435.0,14056.0,23.099999999999994,2023.0,2023.0
0801908026,Barcelona,41.433316,2.175752,0.04769,1383.0,28999.79031243447,41145.0,16724.0,18.200000000000003,2023.0,2023.0
0801908027,Barcelona,41.436174,2.17829,0.10023,1454.0,14506.634740097776,43238.0,17772.0,11.299999999999997,2023.0,2023.0
0801908028,Barcelona,41.434142,2.178532,0.02644,1068.0,40393.343419062025,35798.0,15538.0,11.799999999999997,2023.0,2023.0
0801908029,Barcelona,41.43555,2.182152,0.29195,1543.0,5285.151567049153,31855.0,13376.0,13.700000000000003,2023.0,2023.0
0801908030,Barcelona,41.438324,2.180208,0.02861,1453.0,50786.43830828382,37353.0,15035.0,16.0,2023.0,2023.0
0801908031,Barcelona,41.438431,2.177654,0.01388,1295.0,93299.71181556195,37442.0,15703.0,14.400000000000006,2023.0,2023.0
0801908032,Barcelona,41.437264,2.17652,0.03608,1265.0,35060.9756097561,39262.0,16011.0,14.700000000000003,2023.0,2023.0
0801908033,Barcelona,41.43765,2.174947,0.02469,1479.0,59902.794653705954,34457.0,13811.0,21.0,2023.0,2023.0
0801908034,Barcelona,41.436394,2.173824,0.01518,1269.0,83596.83794466403,31673.0,12579.0,27.200000000000003,2023.0,2023.0
0801908035,Barcelona,41.435516,2.175327,0.02913,1402.0,48129.0765533814,32041.0,14874.0,16.0,2023.0,2023.0
0801908036,Barcelona,41.435152,2.173945,0.02399,1566.0,65277.19883284702,30987.0,12502.0,25.5,2023.0,2023.0
0801908037,Barcelona,41.434018,2.173541,0.03973,1594.0,40120.81550465643,36246.0,14705.0,19.799999999999997,2023.0,2023.0
0801908038,Barcelona,41.43234,2.173135,0.03493,1641.0,46979.673632980244,35595.0,13538.0,25.5,2023.0,2023.0
0801908039,Barcelona,41.434397,2.17139,0.02747,1568.0,57080.45140152894,33626.0,13982.0,22.900000000000006,2023.0,2023.0
0801908040,Barcelona,41.433207,2.17074,0.03563,1948.0,54673.028346898674,31923.0,12395.0,22.599999999999994,2023.0,2023.0
0801908041,Barcelona,41.432571,2.169471,0.02219,2554.0,115096.89049121225,30203.0,10427.0,34.099999999999994,2023.0,2023.0
0801908042,Barcelona,41.431399,2.17224,0.03692,1265.0,34263.271939328275,38997.0,15953.0,14.900000000000006,2023.0,2023.0
0801908043,Barcelona,41.430841,2.170905,0.02428,1111.0,45757.825370675455,33110.0,14859.0,10.299999999999997,2023.0,2023.0
0801908044,Barcelona,41.43139,2.169018,0.02062,1408.0,68283.22017458778,31979.0,12353.0,25.200000000000003,2023.0,2023.0
0801908045,Barcelona,41.430914,2.167812,0.01466,1818.0,124010.91405184176,32384.0,11916.0,27.5,2023.0,2023.0
0801908046,Barcelona,41.431284,2.164865,0.02744,1561.0,56887.75510204082,32690.0,13316.0,25.900000000000006,2023.0,2023.0
0801908047,Barcelona,41.43264,2.165843,0.10778,1655.0,15355.353497866023,31308.0,11577.0,28.799999999999997,2023.0,2023.0
0801908048,Barcelona,41.434379,2.167748,0.05692,924.0,16233.30990864371,24800.0,10544.0,9.400000000000006,2023.0,2023.0
0801908049,Barcelona,41.435274,2.165287,0.06252,1180.0,18873.960332693536,29569.0,13671.0,8.900000000000006,2023.0,2023.0
0801908050,Barcelona,41.435402,2.169917,0.02843,1383.0,48645.796693633485,45342.0,18660.0,8.200000000000003,2023.0,2023.0
0801908051,Barcelona,41.437877,2.164728,0.09793,1327.0,13550.495251710405,44762.0,17350.0,6.900000000000006,2023.0,2023.0
0801908052,Barcelona,41.438331,2.166229,0.01457,877.0,60192.17570350035,37697.0,16342.0,11.900000000000006,2023.0,2023.0
0801908053,Barcelona,41.438263,2.167353,0.02085,1156.0,55443.64508393285,44236.0,18019.0,8.200000000000003,2023.0,2023.0
0801908054,Barcelona,41.438118,2.169439,0.04599,1600.0,34790.171776473144,37518.0,16701.0,10.400000000000006,2023.0,2023.0
0801908055,Barcelona,41.438037,2.172607,0.03434,1739.0,50640.65230052417,49602.0,20843.0,5.400000000000006,2023.0,2023.0
0801908056,Barcelona,41.439588,2.170468,0.05261,1535.0,29176.962554647405,36998.0,15115.0,13.700000000000003,2023.0,2023.0
0801908057,Barcelona,41.440785,2.171952,0.11795,1336.0,11326.83340398474,39261.0,15940.0,14.599999999999994,2023.0,2023.0
0801908058,Barcelona,41.440694,2.168036,0.05905,1685.0,28535.139712108383,35140.0,14220.0,15.799999999999997,2023.0,2023.0
0801908059,Barcelona,41.440087,2.16482,0.05116,1028.0,20093.8232994527,35706.0,14883.0,12.400000000000006,2023.0,2023.0
0801908060,Barcelona,41.4412,2.163682,0.05015,1191.0,23748.75373878365,39690.0,16680.0,7.400000000000006,2023.0,2023.0
0801908061,Barcelona,41.442796,2.162877,0.05596,1614.0,28842.030021443887,34732.0,14904.0,7.599999999999994,2023.0,2023.0
0801908062,Barcelona,41.442632,2.166192,0.07226,1120.0,15499.584832549128,39985.0,16597.0,6.0,2023.0,2023.0
0801908063,Barcelona,41.442989,2.16888,0.03422,1065.0,31122.150789012274,44795.0,18926.0,7.099999999999994,2023.0,2023.0
0801908064,Barcelona,41.446038,2.162804,0.5765,1782.0,3091.0667823070253,36603.0,14399.0,10.5,2023.0,2023.0
0801908065,Barcelona,41.447808,2.171097,0.18259,1777.0,9732.186866750644,32848.0,11429.0,25.900000000000006,2023.0,2023.0
0801908066,Barcelona,41.44976,2.175943,0.04992,1676.0,33573.71794871795,29329.0,10307.0,25.900000000000006,2023.0,2023.0
0801908067,Barcelona,41.450268,2.179381,0.18553,1893.0,10203.201638549022,34504.0,13077.0,23.099999999999994,2023.0,2023.0
0801908068,Barcelona,41.447654,2.1758,0.02412,1865.0,77321.72470978441,30707.0,11183.0,26.400000000000006,2023.0,2023.0
0801908069,Barcelona,41.447242,2.174032,0.02171,1560.0,71856.2874251497,31678.0,11811.0,27.200000000000003,2023.0,2023.0
0801908070,Barcelona,41.446476,2.174737,0.02515,1484.0,59005.964214711734,29559.0,11177.0,27.599999999999994,2023.0,2023.0
0801908071,Barcelona,41.445805,2.17416,0.02169,1756.0,80958.96726602121,32597.0,12076.0,22.799999999999997,2023.0,2023.0
0801908072,Barcelona,41.445779,2.171781,0.02127,1173.0,55148.095909732016,35053.0,13752.0,18.0,2023.0,2023.0
0801908073,Barcelona,41.444613,2.1732,0.05058,1878.0,37129.30011862396,26812.0,10508.0,34.3,2023.0,2023.0
0801908074,Barcelona,41.446123,2.177745,0.05675,1570.0,27665.198237885463,29835.0,11128.0,27.400000000000006,2023.0,2023.0
0801908075,Barcelona,41.444665,2.178072,0.03592,1970.0,54844.09799554566,31750.0,13235.0,24.900000000000006,2023.0,2023.0
0801908076,Barcelona,41.442635,2.176993,0.03756,1580.0,42066.02768903088,32615.0,13811.0,18.200000000000003,2023.0,2023.0
0801908077,Barcelona,41.443974,2.17584,0.03597,1413.0,39282.73561301084,30164.0,11894.0,11.700000000000003,2023.0,2023.0
0801908078,Barcelona,41.443145,2.17335,0.03509,1652.0,47078.939868908514,28766.0,11998.0,28.900000000000006,2023.0,2023.0
0801908079,Barcelona,41.441681,2.173804,0.02574,1469.0,57070.707070707074,29964.0,11949.0,25.099999999999994,2023.0,2023.0
0801908080,Barcelona,41.441893,2.174957,0.02361,1608.0,68106.73443456163,32531.0,12751.0,27.200000000000003,2023.0,2023.0
0801908081,Barcelona,41.44081,2.175126,0.01906,1667.0,87460.65057712486,31144.0,11491.0,30.599999999999994,2023.0,2023.0
0801908082,Barcelona,41.440294,2.175716,0.0218,1664.0,76330.2752293578,31939.0,13244.0,24.299999999999997,2023.0,2023.0
0801908083,Barcelona,41.439151,2.17647,0.03064,1257.0,41024.80417754569,33539.0,13264.0,29.200000000000003,2023.0,2023.0
0801908084,Barcelona,41.43951,2.179366,0.0148,1125.0,76013.5135135135,35193.0,14703.0,17.599999999999994,2023.0,2023.0
0801908085,Barcelona,41.440158,2.178623,0.02196,1557.0,70901.6393442623,33727.0,13073.0,24.0,2023.0,2023.0
0801908086,Barcelona,41.440729,2.177515,0.0269,1704.0,63345.724907063195,34674.0,14260.0,20.599999999999994,2023.0,2023.0
0801908087,Barcelona,41.442229,2.178809,0.02334,1272.0,54498.714652956296,32986.0,13676.0,20.299999999999997,2023.0,2023.0
0801908088,Barcelona,41.443296,2.179667,0.02644,1321.0,49962.17851739788,34626.0,13738.0,20.400000000000006,2023.0,2023.0
0801908089,Barcelona,41.444307,2.180077,0.02032,1201.0,59104.330708661415,33503.0,14133.0,21.5,2023.0,2023.0
0801908090,Barcelona,41.443065,2.18162,0.02235,1234.0,55212.52796420582,34439.0,14063.0,18.299999999999997,2023.0,2023.0
0801908091,Barcelona,41.441685,2.180488,0.02919,1197.0,41007.19424460432,35093.0,14108.0,18.599999999999994,2023.0,2023.0
0801908092,Barcelona,41.440013,2.181907,0.05448,960.0,17621.145374449337,37003.0,14749.0,14.099999999999994,2023.0,2023.0
0801908093,Barcelona,41.441808,2.182158,0.02532,1332.0,52606.63507109005,34330.0,13933.0,16.099999999999994,2023.0,2023.0
0801908094,Barcelona,41.441842,2.183778,0.03596,1446.0,40211.34593993326,35049.0,14688.0,12.599999999999994,2023.0,2023.0
0801908095,Barcelona,41.441023,2.184985,0.04227,1085.0,25668.32268748521,43143.0,17113.0,12.0,2023.0,2023.0
0801908096,Barcelona,41.443433,2.185543,0.03016,1511.0,50099.46949602122,37556.0,14515.0,15.299999999999997,2023.0,2023.0
0801908097,Barcelona,41.44564,2.186175,0.05499,1377.0,25040.916530278235,34247.0,13482.0,17.5,2023.0,2023.0
0801908098,Barcelona,41.445297,2.184537,0.01431,1275.0,89098.53249475891,33965.0,13414.0,18.200000000000003,2023.0,2023.0
0801908099,Barcelona,41.44375,2.183795,0.02298,1470.0,63968.6684073107,31926.0,12940.0,22.200000000000003,2023.0,2023.0
0801908100,Barcelona,41.444434,2.183146,0.01665,1328.0,79759.75975975975,32027.0,13512.0,21.799999999999997,2023.0,2023.0
0801908101,Barcelona,41.445972,2.183116,0.03212,1672.0,52054.79452054794,34715.0,14626.0,13.799999999999997,2023.0,2023.0
0801908102,Barcelona,41.44518,2.181071,0.04566,1509.0,33048.62023653088,29652.0,12039.0,25.299999999999997,2023.0,2023.0
0801908103,Barcelona,41.448303,2.181218,0.09261,1691.0,18259.367238959076,25720.0,10455.0,32.900000000000006,2023.0,2023.0
0801908104,Barcelona,41.447486,2.183698,0.04563,1261.0,27635.327635327638,28482.0,11557.0,24.5,2023.0,2023.0
0801908105,Barcelona,41.448165,2.186604,0.06441,1407.0,21844.434094084772,31346.0,11797.0,22.200000000000003,2023.0,2023.0
0801908106,Barcelona,41.451007,2.187967,0.05502,1238.0,22500.908760450744,30679.0,10842.0,25.799999999999997,2023.0,2023.0
0801908107,Barcelona,41.452006,2.185078,0.2979,1930.0,6478.684122188654,30399.0,12253.0,14.299999999999997,2023.0,2023.0
0801908108,Barcelona,41.456558,2.181164,0.58299,2080.0,3567.8141992143946,31774.0,10662.0,24.700000000000003,2023.0,2023.0
0801908109,Barcelona,41.454036,2.17069,1.17568,891.0,757.8592814371257,32287.0,11395.0,10.0,2023.0,2023.0
0801908215,Barcelona,41.436642,2.170385,0.08385,1346.0,16052.474657125822,42332.0,16850.0,12.700000000000003,2023.0,2023.0
0801909001,Barcelona,41.455464,2.190519,0.2397,2671.0,11143.095536086776,29522.0,9266.0,33.2,2023.0,2023.0
0801909002,Barcelona,41.451917,2.192345,0.03835,2121.0,55306.3885267275,30495.0,10372.0,31.400000000000006,2023.0,2023.0
0801909003,Barcelona,41.451953,2.190282,0.02658,2174.0,81790.820165538,30511.0,10775.0,29.5,2023.0,2023.0
0801909004,Barcelona,41.450393,2.191283,0.02927,1663.0,56815.8524086095,33472.0,12036.0,25.700000000000003,2023.0,2023.0
0801909005,Barcelona,41.449712,2.194426,0.47878,1640.0,3425.3728225907516,38519.0,14548.0,18.299999999999997,2023.0,2023.0
0801909006,Barcelona,41.447861,2.200018,0.0434,1293.0,29792.626728110597,31419.0,11508.0,13.5,2023.0,2023.0
0801909007,Barcelona,41.44533,2.198762,0.18555,1294.0,6973.861492859068,28336.0,11273.0,17.5,2023.0,2023.0
0801909008,Barcelona,41.439443,2.196849,0.28101,1861.0,6622.540123127291,61079.0,20769.0,7.5,2023.0,2023.0
0801909009,Barcelona,41.441107,2.202567,0.61023,1422.0,2330.2689149992625,41807.0,15588.0,10.700000000000003,2023.0,2023.0
0801909010,Barcelona,41.437176,2.202948,0.09109,1773.0,19464.26611044022,35273.0,14280.0,8.900000000000006,2023.0,2023.0
0801909011,Barcelona,41.437531,2.207165,0.10364,1686.0,16267.85025086839,31092.0,12139.0,13.900000000000006,2023.0,2023.0
0801909013,Barcelona,41.434851,2.207717,0.11095,2102.0,18945.470932852637,30153.0,10454.0,26.299999999999997,2023.0,2023.0
0801909014,Barcelona,41.434279,2.20522,0.06326,1490.0,23553.588365475814,32435.0,12470.0,20.299999999999997,2023.0,2023.0
0801909015,Barcelona,41.432207,2.200805,0.61051,1918.0,3141.6356816432162,31960.0,11916.0,26.299999999999997,2023.0,2023.0
0801909016,Barcelona,41.431453,2.195091,0.04787,1275.0,26634.63547106747,41973.0,17497.0,7.099999999999994,2023.0,2023.0
0801909017,Barcelona,41.431424,2.194055,0.03396,1562.0,45995.28857479388,46774.0,18278.0,11.799999999999997,2023.0,2023.0
0801909018,Barcelona,41.430457,2.194994,0.01768,1436.0,81221.71945701356,41729.0,17136.0,5.599999999999994,2023.0,2023.0
0801909019,Barcelona,41.428787,2.19484,0.05046,2651.0,52536.662703131195,51409.0,19432.0,7.299999999999997,2023.0,2023.0
0801909020,Barcelona,41.429001,2.192479,0.04633,1153.0,24886.682495143534,44371.0,18788.0,8.400000000000006,2023.0,2023.0
0801909021,Barcelona,41.42961,2.190556,0.0348,1397.0,40143.678160919546,46582.0,19274.0,13.0,2023.0,2023.0
0801909022,Barcelona,41.430757,2.191734,0.03115,1240.0,39807.383627608346,49520.0,20336.0,9.5,2023.0,2023.0
0801909023,Barcelona,41.431931,2.191856,0.03494,1197.0,34258.7292501431,48893.0,19930.0,9.5,2023.0,2023.0
0801909024,Barcelona,41.43334,2.19162,0.07628,1198.0,15705.296276874673,43207.0,18667.0,10.700000000000003,2023.0,2023.0
0801909025,Barcelona,41.435199,2.191361,0.07233,1248.0,17254.251347988386,45807.0,20500.0,11.5,2023.0,2023.0
0801909026,Barcelona,41.436907,2.190376,0.02402,1470.0,61199.00083263947,45615.0,19683.0,9.299999999999997,2023.0,2023.0
0801909027,Barcelona,41.437117,2.192474,0.02689,1288.0,47898.84715507623,46527.0,19220.0,7.799999999999997,2023.0,2023.0
0801909028,Barcelona,41.438654,2.192414,0.03062,1524.0,49771.391247550615,59113.0,22129.0,2.9000000000000057,2023.0,2023.0
0801909029,Barcelona,41.439204,2.191564,0.01342,1057.0,78763.04023845008,41256.0,17818.0,7.799999999999997,2023.0,2023.0
0801909030,Barcelona,41.440404,2.192032,0.02001,1466.0,73263.36831584208,46105.0,18979.0,7.5,2023.0,2023.0
0801909031,Barcelona,41.442887,2.194184,0.24426,1146.0,4691.721935642348,48790.0,19678.0,4.099999999999994,2023.0,2023.0
0801909032,Barcelona,41.444698,2.191151,0.20921,2193.0,10482.29052148559,38309.0,14904.0,13.400000000000006,2023.0,2023.0
0801909033,Barcelona,41.444468,2.187815,0.07932,3199.0,40330.30761472516,39771.0,17020.0,15.099999999999994,2023.0,2023.0
0801909034,Barcelona,41.44138,2.18664,0.01774,1456.0,82074.40811724916,35735.0,15297.0,15.0,2023.0,2023.0
0801909035,Barcelona,41.439663,2.186887,0.03066,1540.0,50228.31050228311,41503.0,17640.0,12.599999999999994,2023.0,2023.0
0801909036,Barcelona,41.441075,2.188009,0.02893,1404.0,48530.9367438645,41208.0,17551.0,6.400000000000006,2023.0,2023.0
0801909037,Barcelona,41.440921,2.189818,0.04196,1531.0,36487.130600571974,40049.0,15394.0,13.700000000000003,2023.0,2023.0
0801909038,Barcelona,41.439036,2.190021,0.03709,1717.0,46292.80129414937,46526.0,18877.0,8.200000000000003,2023.0,2023.0
0801909039,Barcelona,41.43852,2.188738,0.02711,1575.0,58096.64330505349,43191.0,18253.0,11.5,2023.0,2023.0
0801909040,Barcelona,41.438016,2.186871,0.05907,1628.0,27560.52141527002,49809.0,20194.0,11.400000000000006,2023.0,2023.0
0801909041,Barcelona,41.4368,2.187244,0.03462,1385.0,40005.777007510114,41721.0,17941.0,11.299999999999997,2023.0,2023.0
0801909042,Barcelona,41.435312,2.188522,0.03842,1299.0,33810.51535658511,44502.0,19444.0,12.5,2023.0,2023.0
0801909043,Barcelona,41.436134,2.185611,0.0285,1399.0,49087.71929824561,39779.0,16720.0,16.900000000000006,2023.0,2023.0
0801909044,Barcelona,41.434601,2.187173,0.04273,1534.0,35899.83618066932,44629.0,19022.0,12.400000000000006,2023.0,2023.0
0801909045,Barcelona,41.434559,2.185048,0.02871,1422.0,49529.780564263325,42276.0,18316.0,10.599999999999994,2023.0,2023.0
0801909046,Barcelona,41.433283,2.185058,0.03759,1327.0,35301.94200585262,44330.0,19562.0,10.099999999999994,2023.0,2023.0
0801909047,Barcelona,41.432701,2.187848,0.04736,1577.0,33298.14189189189,44315.0,19645.0,12.599999999999994,2023.0,2023.0
0801909048,Barcelona,41.432349,2.18446,0.02178,1355.0,62213.039485766756,41157.0,17827.0,11.5,2023.0,2023.0
0801909049,Barcelona,41.43058,2.183723,0.04358,1260.0,28912.3451124369,43676.0,17280.0,16.099999999999994,2023.0,2023.0
0801909050,Barcelona,41.431225,2.185891,0.0398,1547.0,38869.34673366834,44116.0,19403.0,13.900000000000006,2023.0,2023.0
0801909051,Barcelona,41.43078,2.188021,0.04067,1263.0,31054.83157118269,43868.0,18946.0,13.200000000000003,2023.0,2023.0
0801909052,Barcelona,41.42873,2.189851,0.02096,1208.0,57633.587786259544,43873.0,18543.0,10.900000000000006,2023.0,2023.0
0801909053,Barcelona,41.42924,2.18832,0.03461,1679.0,48511.9907541173,45786.0,19547.0,12.0,2023.0,2023.0
0801909054,Barcelona,41.429382,2.185867,0.03678,1064.0,28928.765633496467,44333.0,19126.0,13.599999999999994,2023.0,2023.0
0801909055,Barcelona,41.427404,2.185647,0.03489,1768.0,50673.545428489546,41976.0,14554.0,20.799999999999997,2023.0,2023.0
0801909056,Barcelona,41.425722,2.187372,0.01802,1128.0,62597.114317425076,43060.0,17810.0,12.599999999999994,2023.0,2023.0
0801909057,Barcelona,41.424127,2.187751,0.04173,1702.0,40786.00527198658,41565.0,16641.0,25.299999999999997,2023.0,2023.0
0801909058,Barcelona,41.423556,2.189852,0.0479,1520.0,31732.776617954074,45475.0,18166.0,16.5,2023.0,2023.0
0801909059,Barcelona,41.425199,2.189912,0.02393,1448.0,60509.82030923527,43915.0,18339.0,15.5,2023.0,2023.0
0801909060,Barcelona,41.427103,2.188752,0.08644,1378.0,15941.693660342433,42084.0,17005.0,16.200000000000003,2023.0,2023.0
0801909061,Barcelona,41.426549,2.192868,0.08921,1734.0,19437.28281582782,47375.0,19593.0,14.400000000000006,2023.0,2023.0
0801909062,Barcelona,41.424416,2.19385,0.14313,1591.0,11115.768881436456,44329.0,18363.0,18.799999999999997,2023.0,2023.0
0801909063,Barcelona,41.419794,2.192396,0.21907,1129.0,5153.6038709088425,45469.0,20159.0,13.799999999999997,2023.0,2023.0
0801909064,Barcelona,41.418795,2.190507,0.04015,1149.0,28617.68368617684,45979.0,17983.0,12.900000000000006,2023.0,2023.0
0801909065,Barcelona,41.420057,2.188487,0.03482,2034.0,58414.70419299254,42633.0,16714.0,19.400000000000006,2023.0,2023.0
0801909066,Barcelona,41.421163,2.189258,0.02339,1396.0,59683.62548097477,45750.0,19906.0,13.200000000000003,2023.0,2023.0
0801909067,Barcelona,41.421978,2.187787,0.02835,1491.0,52592.59259259259,40183.0,16160.0,18.5,2023.0,2023.0
0801909068,Barcelona,41.422129,2.185765,0.0409,1560.0,38141.80929095355,44817.0,18229.0,15.0,2023.0,2023.0
0801909069,Barcelona,41.42375,2.186288,0.01891,960.0,50766.79005817028,41925.0,16996.0,17.700000000000003,2023.0,2023.0
0801909070,Barcelona,41.424797,2.185622,0.01536,1794.0,116796.875,32405.0,13827.0,27.799999999999997,2023.0,2023.0
0801909071,Barcelona,41.426367,2.184954,0.02624,1872.0,71341.46341463414,40575.0,15971.0,20.0,2023.0,2023.0
0801909072,Barcelona,41.424736,2.184606,0.0118,1512.0,128135.59322033898,33822.0,14244.0,26.299999999999997,2023.0,2023.0
0801909073,Barcelona,41.423538,2.184818,0.01346,1484.0,110252.60029717682,44305.0,18034.0,13.099999999999994,2023.0,2023.0
0801909074,Barcelona,41.424453,2.183044,0.04496,1714.0,38122.775800711745,40396.0,16577.0,16.200000000000003,2023.0,2023.0
0801909075,Barcelona,41.426771,2.18239,0.07093,1564.0,22049.90836035528,43113.0,16366.0,18.5,2023.0,2023.0
0801909076,Barcelona,41.427126,2.178738,0.03941,1475.0,37427.04897234205,38797.0,16696.0,16.099999999999994,2023.0,2023.0
0801909077,Barcelona,41.425515,2.180597,0.04307,1612.0,37427.443696308335,39405.0,17187.0,14.0,2023.0,2023.0
0801909078,Barcelona,41.424388,2.179539,0.04237,1477.0,34859.570450790656,43290.0,18119.0,18.200000000000003,2023.0,2023.0
0801909079,Barcelona,41.425234,2.177705,0.03659,1670.0,45640.88548783821,44373.0,18402.0,16.700000000000003,2023.0,2023.0
0801909080,Barcelona,41.423112,2.179776,0.02586,1365.0,52784.22273781902,43431.0,18083.0,16.599999999999994,2023.0,2023.0
0801909081,Barcelona,41.422619,2.182568,0.04558,1776.0,38964.45809565599,41304.0,17156.0,19.0,2023.0,2023.0
0801909082,Barcelona,41.421413,2.180988,0.0572,2004.0,35034.96503496503,43214.0,17021.0,21.799999999999997,2023.0,2023.0
0801909083,Barcelona,41.42084,2.184509,0.05731,1679.0,29296.80683999302,44036.0,17895.0,16.799999999999997,2023.0,2023.0
0801909084,Barcelona,41.419259,2.181765,0.03283,1717.0,52299.725860493454,46908.0,19761.0,17.799999999999997,2023.0,2023.0
0801909085,Barcelona,41.417503,2.18157,0.03843,1763.0,45875.61800676555,43851.0,17859.0,18.0,2023.0,2023.0
0801909086,Barcelona,41.419217,2.183945,0.03564,1483.0,41610.54994388328,44645.0,17505.0,20.799999999999997,2023.0,2023.0
0801909087,Barcelona,41.417966,2.184461,0.01655,1274.0,76978.85196374623,46115.0,18641.0,14.400000000000006,2023.0,2023.0
0801909088,Barcelona,41.416776,2.185919,0.02993,1952.0,65218.843969261616,37055.0,16406.0,17.299999999999997,2023.0,2023.0
0801909089,Barcelona,41.418754,2.186114,0.03995,1492.0,37346.68335419274,38989.0,16887.0,18.799999999999997,2023.0,2023.0
0801909090,Barcelona,41.417096,2.18761,0.03089,1558.0,50437.03463904176,39705.0,16696.0,22.099999999999994,2023.0,2023.0
0801909091,Barcelona,41.419031,2.187717,0.02381,1850.0,77698.44603107938,43577.0,17565.0,18.0,2023.0,2023.0
0801909092,Barcelona,41.417521,2.189568,0.03485,1870.0,53658.53658536586,44063.0,17771.0,15.599999999999994,2023.0,2023.0
0801909093,Barcelona,41.416248,2.189013,0.01794,1269.0,70735.78595317726,41619.0,17804.0,14.0,2023.0,2023.0
0801909094,Barcelona,41.415717,2.190402,0.02657,2037.0,76665.41211893113,43599.0,17778.0,19.400000000000006,2023.0,2023.0
0801909095,Barcelona,41.414958,2.188439,0.03599,2177.0,60489.02472909141,45793.0,18514.0,16.900000000000006,2023.0,2023.0
0801909156,Barcelona,41.427079,2.186639,0.0095,1247.0,131263.15789473685,40805.0,16473.0,15.799999999999997,2023.0,2023.0
0801910001,Barcelona,41.415232,2.185785,0.0327,1537.0,47003.058103975534,36957.0,16050.0,25.400000000000006,2023.0,2023.0
0801910002,Barcelona,41.413807,2.185326,0.04943,1871.0,37851.507181873356,40693.0,17625.0,23.599999999999994,2023.0,2023.0
0801910003,Barcelona,41.415101,2.18319,0.03037,1572.0,51761.60684886401,44277.0,18918.0,21.599999999999994,2023.0,2023.0
0801910004,Barcelona,41.416769,2.183747,0.03151,1605.0,50936.21072675341,41436.0,17472.0,19.400000000000006,2023.0,2023.0
0801910005,Barcelona,41.415497,2.181666,0.04407,1580.0,35852.053551168596,43804.0,18589.0,18.0,2023.0,2023.0
0801910006,Barcelona,41.41437,2.180231,0.02808,1821.0,64850.42735042735,44158.0,19095.0,21.200000000000003,2023.0,2023.0
0801910007,Barcelona,41.413346,2.17825,0.03184,1312.0,41206.030150753766,54256.0,23486.0,13.700000000000003,2023.0,2023.0
0801910008,Barcelona,41.411846,2.176878,0.02847,1712.0,60133.47383210397,41783.0,19012.0,23.599999999999994,2023.0,2023.0
0801910009,Barcelona,41.411699,2.178539,0.02693,1653.0,61381.35907909395,40977.0,18305.0,24.099999999999994,2023.0,2023.0
0801910010,Barcelona,41.4124,2.179897,0.03148,1756.0,55781.44853875476,40316.0,17887.0,26.599999999999994,2023.0,2023.0
0801910011,Barcelona,41.410363,2.178774,0.01651,1219.0,73834.03997577226,45021.0,19659.0,22.299999999999997,2023.0,2023.0
0801910012,Barcelona,41.409768,2.180386,0.03474,1745.0,50230.28209556707,45446.0,19378.0,20.700000000000003,2023.0,2023.0
0801910013,Barcelona,41.411029,2.181169,0.02785,1410.0,50628.36624775583,40761.0,18182.0,23.5,2023.0,2023.0
0801910014,Barcelona,41.409284,2.183424,0.03019,1437.0,47598.542563762836,42974.0,18838.0,27.599999999999994,2023.0,2023.0
0801910015,Barcelona,41.408882,2.181549,0.02888,1951.0,67555.40166204986,42718.0,18703.0,27.200000000000003,2023.0,2023.0
0801910016,Barcelona,41.407761,2.182258,0.01827,1216.0,66557.19759168035,46460.0,19732.0,22.0,2023.0,2023.0
0801910017,Barcelona,41.407654,2.18358,0.02533,1630.0,64350.5724437426,45770.0,19243.0,23.900000000000006,2023.0,2023.0
0801910018,Barcelona,41.407737,2.184908,0.03001,1414.0,47117.627457514165,40707.0,18152.0,29.799999999999997,2023.0,2023.0
0801910019,Barcelona,41.409922,2.185124,0.02177,1591.0,73082.22324299494,44099.0,18979.0,19.799999999999997,2023.0,2023.0
0801910020,Barcelona,41.410588,2.183909,0.01543,1445.0,93648.73622812703,38454.0,16534.0,22.599999999999994,2023.0,2023.0
0801910021,Barcelona,41.411467,2.182619,0.01978,1303.0,65874.62082912032,41038.0,17160.0,21.200000000000003,2023.0,2023.0
0801910022,Barcelona,41.413192,2.182163,0.03826,1337.0,34945.11238891793,41821.0,18490.0,22.700000000000003,2023.0,2023.0
0801910023,Barcelona,41.41185,2.183998,0.032,1403.0,43843.75,41075.0,17668.0,22.799999999999997,2023.0,2023.0
0801910024,Barcelona,41.412523,2.184996,0.0331,1504.0,45438.0664652568,46398.0,18677.0,21.900000000000006,2023.0,2023.0
0801910025,Barcelona,41.4102,2.18628,0.03186,1321.0,41462.649089767736,41048.0,18078.0,25.900000000000006,2023.0,2023.0
0801910026,Barcelona,41.410573,2.18791,0.04857,1691.0,34815.72987440807,46808.0,19634.0,24.099999999999994,2023.0,2023.0
0801910027,Barcelona,41.412537,2.18855,0.03052,1547.0,50688.07339449541,44991.0,18566.0,17.599999999999994,2023.0,2023.0
0801910028,Barcelona,41.413677,2.187584,0.03045,1748.0,57405.5829228243,45631.0,17680.0,20.900000000000006,2023.0,2023.0
0801910029,Barcelona,41.413809,2.19017,0.02074,1435.0,69189.97107039536,41618.0,16915.0,18.0,2023.0,2023.0
0801910030,Barcelona,41.414063,2.191917,0.03379,1745.0,51642.497780408405,44229.0,17681.0,13.200000000000003,2023.0,2023.0
0801910031,Barcelona,41.412244,2.19052,0.04218,1498.0,35514.461830251304,39500.0,17974.0,21.799999999999997,2023.0,2023.0
0801910032,Barcelona,41.410267,2.191266,0.03549,1335.0,37616.229923922234,48421.0,19871.0,17.099999999999994,2023.0,2023.0
0801910033,Barcelona,41.411761,2.192263,0.02347,865.0,36855.56028973157,46707.0,21270.0,6.400000000000006,2023.0,2023.0
0801910034,Barcelona,41.412843,2.193551,0.01744,1636.0,93807.33944954128,42185.0,17846.0,13.599999999999994,2023.0,2023.0
0801910035,Barcelona,41.411086,2.194738,0.07609,1909.0,25088.710737284793,51046.0,19388.0,9.099999999999994,2023.0,2023.0
0801910036,Barcelona,41.409273,2.192938,0.051,1407.0,27588.23529411765,54187.0,20320.0,18.0,2023.0,2023.0
0801910037,Barcelona,41.408107,2.190927,0.03926,1031.0,26260.82526744778,38014.0,14794.0,25.5,2023.0,2023.0
0801910038,Barcelona,41.408981,2.189405,0.04541,1660.0,36555.82470821405,45168.0,18818.0,22.200000000000003,2023.0,2023.0
0801910039,Barcelona,41.408257,2.187641,0.04557,1862.0,40860.215053763444,43873.0,17242.0,29.700000000000003,2023.0,2023.0
0801910040,Barcelona,41.406614,2.18624,0.03764,1831.0,48645.05844845909,45002.0,18668.0,26.299999999999997,2023.0,2023.0
0801910041,Barcelona,41.405544,2.186606,0.08429,1567.0,18590.580139992882,43215.0,18944.0,23.700000000000003,2023.0,2023.0
0801910042,Barcelona,41.402337,2.191577,0.51389,3600.0,7005.390258615657,43329.0,17604.0,28.900000000000006,2023.0,2023.0
0801910043,Barcelona,41.397021,2.190624,0.35526,2632.0,7408.658447334346,46786.0,19326.0,35.7,2023.0,2023.0
0801910044,Barcelona,41.394756,2.187411,0.04629,1572.0,33959.8185353208,45533.0,19408.0,25.099999999999994,2023.0,2023.0
0801910045,Barcelona,41.3927,2.185195,0.03302,1190.0,36038.764385221075,51371.0,21242.0,22.0,2023.0,2023.0
0801910046,Barcelona,41.391437,2.183492,0.01666,1229.0,73769.50780312125,46054.0,20776.0,22.0,2023.0,2023.0
0801910047,Barcelona,41.391025,2.185169,0.03598,1568.0,43579.766536964984,47468.0,20690.0,22.099999999999994,2023.0,2023.0
0801910048,Barcelona,41.391869,2.187416,0.03646,1609.0,44130.55403181569,48824.0,21273.0,25.0,2023.0,2023.0
0801910049,Barcelona,41.393142,2.187965,0.01686,1256.0,74495.84816132858,45902.0,19208.0,21.599999999999994,2023.0,2023.0
0801910050,Barcelona,41.39314,2.189495,0.0541,1524.0,28170.055452865065,50514.0,21067.0,18.0,2023.0,2023.0
0801910051,Barcelona,41.391369,2.190287,0.05908,1633.0,27640.487474610698,54249.0,21554.0,24.700000000000003,2023.0,2023.0
0801910052,Barcelona,41.393886,2.195351,0.16911,2395.0,14162.37951629117,67781.0,27167.0,23.299999999999997,2023.0,2023.0
0801910053,Barcelona,41.391609,2.195472,0.11809,1699.0,14387.331696163943,81971.0,31465.0,20.0,2023.0,2023.0
0801910054,Barcelona,41.388908,2.192618,0.1522,953.0,6261.49802890933,72356.0,27958.0,24.099999999999994,2023.0,2023.0
0801910055,Barcelona,41.389782,2.200011,0.43808,2581.0,5891.617969320671,82214.0,29750.0,21.099999999999994,2023.0,2023.0
0801910056,Barcelona,41.396899,2.197706,0.18716,1776.0,9489.207095533235,42715.0,17943.0,33.599999999999994,2023.0,2023.0
0801910057,Barcelona,41.398054,2.200501,0.11171,1372.0,12281.801092113508,39738.0,18146.0,30.299999999999997,2023.0,2023.0
0801910058,Barcelona,41.400437,2.197924,0.07585,1147.0,15121.951219512195,40542.0,17760.0,25.700000000000003,2023.0,2023.0
0801910059,Barcelona,41.396023,2.205734,0.41573,1770.0,4257.571019652179,50404.0,20574.0,38.0,2023.0,2023.0
0801910060,Barcelona,41.39987,2.204945,0.04707,1661.0,35287.86913108137,46210.0,18684.0,31.599999999999994,2023.0,2023.0
0801910061,Barcelona,41.399585,2.20295,0.05662,1735.0,30642.882373719534,51195.0,21066.0,18.200000000000003,2023.0,2023.0
0801910062,Barcelona,41.401162,2.2034,0.03305,1531.0,46323.75189107413,48069.0,19208.0,18.900000000000006,2023.0,2023.0
0801910063,Barcelona,41.402217,2.20259,0.02928,1282.0,43784.15300546448,55038.0,22296.0,24.599999999999994,2023.0,2023.0
0801910064,Barcelona,41.401455,2.200354,0.06004,1633.0,27198.53431045969,49084.0,20983.0,27.799999999999997,2023.0,2023.0
0801910065,Barcelona,41.403853,2.200782,0.05292,1534.0,28987.150415721844,49152.0,20237.0,22.200000000000003,2023.0,2023.0
0801910066,Barcelona,41.402962,2.198248,0.05064,2013.0,39751.184834123225,50703.0,20208.0,23.200000000000003,2023.0,2023.0
0801910067,Barcelona,41.404385,2.196314,0.049,1860.0,37959.183673469386,73463.0,26718.0,20.599999999999994,2023.0,2023.0
0801910068,Barcelona,41.405309,2.198038,0.04379,1594.0,36401.00479561544,58071.0,22180.0,15.099999999999994,2023.0,2023.0
0801910069,Barcelona,41.406229,2.202157,0.08103,2863.0,35332.59286683944,56669.0,22515.0,22.0,2023.0,2023.0
0801910070,Barcelona,41.40427,2.202699,0.03881,1652.0,42566.34887915486,43532.0,19476.0,27.400000000000006,2023.0,2023.0
0801910071,Barcelona,41.40207,2.20566,0.04901,1787.0,36461.94654152214,54738.0,21299.0,14.799999999999997,2023.0,2023.0
0801910072,Barcelona,41.402678,2.208135,0.04786,2043.0,42687.00376096949,48482.0,19505.0,27.200000000000003,2023.0,2023.0
0801910073,Barcelona,41.403689,2.206819,0.03518,1417.0,40278.56736782262,41557.0,17477.0,16.599999999999994,2023.0,2023.0
0801910074,Barcelona,41.4046,2.204985,0.04636,1749.0,37726.48835202761,43338.0,17406.0,28.299999999999997,2023.0,2023.0
0801910075,Barcelona,41.405652,2.205336,0.02564,1500.0,58502.34009360374,46255.0,18450.0,22.900000000000006,2023.0,2023.0
0801910076,Barcelona,41.407134,2.207562,0.12362,2228.0,18022.973628862645,47009.0,21569.0,17.099999999999994,2023.0,2023.0
0801910077,Barcelona,41.404842,2.209788,0.08137,1787.0,21961.41083937569,64254.0,23898.0,15.900000000000006,2023.0,2023.0
0801910078,Barcelona,41.400736,2.211961,0.37376,2384.0,6378.424657534247,65789.0,24838.0,25.200000000000003,2023.0,2023.0
0801910079,Barcelona,41.405223,2.21215,0.07916,1615.0,20401.71803941385,53668.0,21460.0,16.0,2023.0,2023.0
0801910080,Barcelona,41.407399,2.216651,0.45992,2328.0,5061.749869542529,78273.0,27765.0,42.1,2023.0,2023.0
0801910081,Barcelona,41.409603,2.222731,0.54383,2179.0,4006.7668205137634,35503.0,13733.0,34.5,2023.0,2023.0
0801910082,Barcelona,41.415396,2.217525,0.05112,2072.0,40532.0813771518,26619.0,8752.0,40.8,2023.0,2023.0
0801910083,Barcelona,41.416905,2.215934,0.0498,2135.0,42871.4859437751,26766.0,8127.0,41.8,2023.0,2023.0
0801910084,Barcelona,41.415266,2.215023,0.03877,1622.0,41836.47149858138,29793.0,10769.0,34.599999999999994,2023.0,2023.0
0801910085,Barcelona,41.417502,2.214131,0.04077,2070.0,50772.62693156733,28811.0,10025.0,39.0,2023.0,2023.0
0801910086,Barcelona,41.418483,2.213214,0.06257,1977.0,31596.611794789835,30283.0,11243.0,27.599999999999994,2023.0,2023.0
0801910087,Barcelona,41.419686,2.211702,0.06592,1847.0,28018.810679611648,29803.0,11238.0,30.200000000000003,2023.0,2023.0
0801910088,Barcelona,41.419828,2.209948,0.03312,1684.0,50845.41062801933,40484.0,15977.0,13.099999999999994,2023.0,2023.0
0801910089,Barcelona,41.415888,2.210036,0.13341,1508.0,11303.500487219848,29678.0,11536.0,31.0,2023.0,2023.0
0801910090,Barcelona,41.414766,2.213596,0.0341,1427.0,41847.5073313783,33761.0,12728.0,25.099999999999994,2023.0,2023.0
0801910091,Barcelona,41.413083,2.215833,0.03604,1966.0,54550.49944506104,36225.0,14370.0,23.400000000000006,2023.0,2023.0
0801910092,Barcelona,41.41138,2.216967,0.03923,1451.0,36986.99974509304,44191.0,17954.0,14.400000000000006,2023.0,2023.0
0801910093,Barcelona,41.412648,2.21303,0.14072,1243.0,8833.14383172257,43333.0,18306.0,18.299999999999997,2023.0,2023.0
0801910094,Barcelona,41.411512,2.207666,0.24401,3201.0,13118.314823162986,49310.0,19741.0,31.0,2023.0,2023.0
0801910095,Barcelona,41.409985,2.204889,0.0931,1286.0,13813.10418904404,39704.0,16298.0,21.099999999999994,2023.0,2023.0
0801910096,Barcelona,41.407236,2.199788,0.09567,1648.0,17225.880631336888,53033.0,20379.0,23.400000000000006,2023.0,2023.0
0801910097,Barcelona,41.406596,2.194971,0.06037,1604.0,26569.488156369058,50900.0,20590.0,18.599999999999994,2023.0,2023.0
0801910098,Barcelona,41.407591,2.193736,0.05856,1728.0,29508.196721311477,52269.0,19751.0,9.400000000000006,2023.0,2023.0
0801910099,Barcelona,41.409711,2.196565,0.04001,1088.0,27193.201699575107,35829.0,13668.0,8.799999999999997,2023.0,2023.0
0801910100,Barcelona,41.40914,2.198798,0.12737,1666.0,13080.003140456934,37421.0,15415.0,21.5,2023.0,2023.0
0801910101,Barcelona,41.412318,2.202928,0.19768,1712.0,8660.461351679482,42610.0,15585.0,28.5,2023.0,2023.0
0801910102,Barcelona,41.417392,2.206766,0.03812,2589.0,67917.10388247638,38126.0,15239.0,17.700000000000003,2023.0,2023.0
0801910103,Barcelona,41.415271,2.203931,0.0575,2132.0,37078.260869565216,40807.0,16746.0,12.599999999999994,2023.0,2023.0
0801910104,Barcelona,41.413144,2.201091,0.03817,1566.0,41026.98454283468,49024.0,19025.0,6.900000000000006,2023.0,2023.0
0801910105,Barcelona,41.414037,2.199909,0.03615,2150.0,59474.4121715076,42861.0,17569.0,11.900000000000006,2023.0,2023.0
0801910106,Barcelona,41.412791,2.198148,0.01985,1031.0,51939.54659949622,39801.0,16341.0,15.900000000000006,2023.0,2023.0
0801910107,Barcelona,41.412368,2.196444,0.03763,1513.0,40207.281424395434,50366.0,20309.0,13.299999999999997,2023.0,2023.0
0801910108,Barcelona,41.413777,2.196851,0.02146,1336.0,62255.35880708294,38465.0,16443.0,14.700000000000003,2023.0,2023.0
0801910109,Barcelona,41.415091,2.198674,0.04999,1597.0,31946.38927785557,36805.0,15314.0,18.5,2023.0,2023.0
0801910110,Barcelona,41.414973,2.196229,0.06137,1928.0,31416.00130356852,37346.0,15444.0,27.400000000000006,2023.0,2023.0
0801910111,Barcelona,41.416482,2.19613,0.02701,1287.0,47649.018881895594,39588.0,16283.0,16.900000000000006,2023.0,2023.0
0801910112,Barcelona,41.415405,2.19469,0.01854,1479.0,79773.46278317152,47938.0,19683.0,9.299999999999997,2023.0,2023.0
0801910113,Barcelona,41.415893,2.193873,0.05743,1228.0,21382.55267281908,40935.0,16381.0,22.099999999999994,2023.0,2023.0
0801910114,Barcelona,41.417757,2.196344,0.02712,1532.0,56489.67551622419,35463.0,13578.0,25.400000000000006,2023.0,2023.0
0801910115,Barcelona,41.419514,2.196673,0.12508,1342.0,10729.133354653022,36288.0,15090.0,19.0,2023.0,2023.0
0801910116,Barcelona,41.421345,2.197131,0.04403,1835.0,41676.12991142403,33828.0,14463.0,20.599999999999994,2023.0,2023.0
0801910117,Barcelona,41.420521,2.199253,0.0181,1270.0,70165.74585635359,37572.0,15777.0,16.799999999999997,2023.0,2023.0
0801910118,Barcelona,41.418794,2.199234,0.01723,987.0,57283.807312826466,48884.0,19274.0,9.400000000000006,2023.0,2023.0
0801910119,Barcelona,41.417977,2.198124,0.01728,1132.0,65509.259259259255,34055.0,14876.0,19.700000000000003,2023.0,2023.0
0801910120,Barcelona,41.418008,2.200417,0.05146,1522.0,29576.369996113488,37047.0,14756.0,22.799999999999997,2023.0,2023.0
0801910121,Barcelona,41.416215,2.201212,0.05335,1538.0,28828.491096532332,36889.0,15036.0,22.200000000000003,2023.0,2023.0
0801910122,Barcelona,41.417044,2.203065,0.05745,1457.0,25361.18363794604,46734.0,18921.0,11.0,2023.0,2023.0
0801910123,Barcelona,41.417901,2.204957,0.01965,1348.0,68600.50890585242,38222.0,16121.0,13.700000000000003,2023.0,2023.0
0801910124,Barcelona,41.418742,2.20609,0.01965,1051.0,53486.00508905852,43263.0,17406.0,10.5,2023.0,2023.0
0801910125,Barcelona,41.419681,2.207,0.02444,1097.0,44885.43371522095,37387.0,15300.0,13.599999999999994,2023.0,2023.0
0801910126,Barcelona,41.420628,2.206046,0.01276,1005.0,78761.75548589342,42606.0,16358.0,10.200000000000003,2023.0,2023.0
0801910127,Barcelona,41.419218,2.204332,0.0352,1019.0,28948.863636363636,44472.0,17394.0,8.799999999999997,2023.0,2023.0
0801910128,Barcelona,41.420082,2.203216,0.03557,1545.0,43435.479336519544,41439.0,17881.0,11.099999999999994,2023.0,2023.0
0801910129,Barcelona,41.421339,2.204919,0.0184,1129.0,61358.69565217391,45398.0,17617.0,9.700000000000003,2023.0,2023.0
0801910130,Barcelona,41.422062,2.203347,0.03458,1193.0,34499.710815500286,38503.0,16833.0,20.5,2023.0,2023.0
0801910131,Barcelona,41.420682,2.20111,0.0247,1054.0,42672.064777327934,48459.0,19356.0,8.200000000000003,2023.0,2023.0
0801910132,Barcelona,41.421816,2.201421,0.03515,1288.0,36642.95874822191,37937.0,14575.0,20.200000000000003,2023.0,2023.0
0801910133,Barcelona,41.422902,2.199552,0.04345,1746.0,40184.119677790564,35570.0,14771.0,17.700000000000003,2023.0,2023.0
0801910134,Barcelona,41.422727,2.197663,0.03029,1607.0,53053.81313965005,32495.0,14173.0,19.700000000000003,2023.0,2023.0
0801910135,Barcelona,41.424882,2.198665,0.18143,1235.0,6807.033015488067,36713.0,15016.0,16.400000000000006,2023.0,2023.0
0801910136,Barcelona,41.425036,2.201715,0.01885,1400.0,74270.55702917773,37021.0,14701.0,15.599999999999994,2023.0,2023.0
0801910137,Barcelona,41.427637,2.201577,0.27257,1574.0,5774.6633892211175,33881.0,13430.0,15.799999999999997,2023.0,2023.0
0801910138,Barcelona,41.425192,2.205739,0.11368,2733.0,24041.168191414497,31846.0,12229.0,43.2,2023.0,2023.0
0801910139,Barcelona,41.423276,2.204046,0.01786,1670.0,93505.039193729,32125.0,13114.0,24.5,2023.0,2023.0
0801910140,Barcelona,41.42259,2.20655,0.03494,1625.0,46508.29994275902,34550.0,13308.0,24.0,2023.0,2023.0
0801910141,Barcelona,41.420851,2.207881,0.03898,1160.0,29758.850692662905,34098.0,13344.0,15.900000000000006,2023.0,2023.0
0801910142,Barcelona,41.422071,2.209286,0.06242,1642.0,26305.67125921179,32780.0,12453.0,20.0,2023.0,2023.0
0801910143,Barcelona,41.423653,2.20928,0.04228,1760.0,41627.24692526017,36951.0,13596.0,21.599999999999994,2023.0,2023.0
0801910234,Barcelona,41.406417,2.189909,0.03089,1765.0,57138.2324376821,42425.0,17761.0,14.900000000000006,2023.0,2023.0
0801910235,Barcelona,41.409608,2.211772,0.07302,1296.0,17748.562037797863,33759.0,15845.0,18.0,2023.0,2023.0
0801910236,Barcelona,41.409731,2.210208,0.03928,1560.0,39714.86761710794,35942.0,15948.0,21.599999999999994,2023.0,2023.0
0801910237,Barcelona,41.417533,2.208125,0.04795,853.0,17789.363920750784,32641.0,14572.0,17.799999999999997,2023.0,2023.0
0807704001,Esplugues de Llobregat,41.386017,2.097306,1.16991,1229.0,1050.5081587472541,95382.0,31405.0,18.5,2023.0,2023.0
0810101006,"Hospitalet de Llobregat, L'",41.362618,2.106318,0.03271,1679.0,51329.86854173035,38238.0,15547.0,11.400000000000006,2023.0,2023.0
0810101007,"Hospitalet de Llobregat, L'",41.356022,2.100517,0.0985,2056.0,20873.096446700507,39584.0,15373.0,14.900000000000006,2023.0,2023.0
0810101009,"Hospitalet de Llobregat, L'",41.358792,2.100515,0.03004,1114.0,37083.88814913449,42736.0,17990.0,12.0,2023.0,2023.0
0810101011,"Hospitalet de Llobregat, L'",41.363688,2.102204,0.06284,817.0,13001.273074474859,45388.0,18300.0,13.200000000000003,2023.0,2023.0
0810101012,"Hospitalet de Llobregat, L'",41.361034,2.102548,0.03497,1609.0,46010.86645696311,45644.0,17106.0,13.900000000000006,2023.0,2023.0
0810101013,"Hospitalet de Llobregat, L'",41.355296,2.105576,1.06179,2654.0,2499.5526422362236,50858.0,19955.0,10.700000000000003,2023.0,2023.0
0810101014,"Hospitalet de Llobregat, L'",41.364378,2.105665,0.02704,1457.0,53883.136094674555,36279.0,14587.0,14.099999999999994,2023.0,2023.0
0810101015,"Hospitalet de Llobregat, L'",41.360709,2.107576,0.0286,1300.0,45454.545454545456,37115.0,14700.0,18.0,2023.0,2023.0
0810101017,"Hospitalet de Llobregat, L'",41.365392,2.110219,0.09025,1913.0,21196.67590027701,38021.0,14686.0,17.0,2023.0,2023.0
0810101019,"Hospitalet de Llobregat, L'",41.361209,2.108663,0.01485,1137.0,76565.65656565657,37653.0,16052.0,9.0,2023.0,2023.0
0810101020,"Hospitalet de Llobregat, L'",41.361943,2.110595,0.03481,1690.0,48549.26745188164,41892.0,16198.0,12.799999999999997,2023.0,2023.0
0810101021,"Hospitalet de Llobregat, L'",41.362672,2.112775,0.01758,955.0,54323.09442548351,33657.0,12031.0,22.900000000000006,2023.0,2023.0
0810101022,"Hospitalet de Llobregat, L'",41.364352,2.112307,0.0519,1061.0,20443.15992292871,35795.0,13573.0,21.200000000000003,2023.0,2023.0
0810101024,"Hospitalet de Llobregat, L'",41.358196,2.101655,0.02046,876.0,42815.24926686217,42286.0,17208.0,11.799999999999997,2023.0,2023.0
0810101025,"Hospitalet de Llobregat, L'",41.366154,2.115138,0.09193,1628.0,17709.126509300557,36780.0,14166.0,23.5,2023.0,2023.0
0810101026,"Hospitalet de Llobregat, L'",41.363368,2.114841,0.05606,1024.0,18266.143417766678,34390.0,13409.0,17.599999999999994,2023.0,2023.0
0810101027,"Hospitalet de Llobregat, L'",41.363002,2.107381,0.01671,772.0,46199.88031119091,35714.0,14596.0,20.299999999999997,2023.0,2023.0
0810101033,"Hospitalet de Llobregat, L'",41.361606,2.100513,0.02842,891.0,31351.161154116817,43724.0,17627.0,17.599999999999994,2023.0,2023.0
0810101034,"Hospitalet de Llobregat, L'",41.362073,2.104005,0.08356,1431.0,17125.4188606989,43686.0,17123.0,15.599999999999994,2023.0,2023.0
0810101035,"Hospitalet de Llobregat, L'",41.360008,2.105826,0.03286,1469.0,44704.80827754108,39875.0,16046.0,15.700000000000003,2023.0,2023.0
0810101036,"Hospitalet de Llobregat, L'",41.363291,2.108333,0.02088,1203.0,57614.942528735635,37520.0,14714.0,16.299999999999997,2023.0,2023.0
0810101037,"Hospitalet de Llobregat, L'",41.363647,2.109697,0.0241,1463.0,60705.39419087137,41126.0,15127.0,11.400000000000006,2023.0,2023.0
0810101038,"Hospitalet de Llobregat, L'",41.361482,2.109399,0.01541,726.0,47112.26476314082,40196.0,16571.0,6.5,2023.0,2023.0
0810101039,"Hospitalet de Llobregat, L'",41.362422,2.111835,0.01771,902.0,50931.67701863354,35227.0,13534.0,19.799999999999997,2023.0,2023.0
0810101040,"Hospitalet de Llobregat, L'",41.367204,2.117451,0.02002,1046.0,52247.75224775225,31082.0,10950.0,30.599999999999994,2023.0,2023.0
0810102001,"Hospitalet de Llobregat, L'",41.375063,2.11244,0.08609,1677.0,19479.614357068185,43176.0,16406.0,19.099999999999994,2023.0,2023.0
0810102002,"Hospitalet de Llobregat, L'",41.373611,2.113754,0.02336,1848.0,79109.5890410959,30619.0,10394.0,35.3,2023.0,2023.0
0810102004,"Hospitalet de Llobregat, L'",41.374046,2.115953,0.02719,1658.0,60978.30084589923,32325.0,11355.0,34.599999999999994,2023.0,2023.0
0810102005,"Hospitalet de Llobregat, L'",41.375139,2.116142,0.01921,1036.0,53930.244664237376,40062.0,14377.0,27.700000000000003,2023.0,2023.0
0810102007,"Hospitalet de Llobregat, L'",41.374536,2.117969,0.04904,1892.0,38580.75040783034,35973.0,12515.0,32.099999999999994,2023.0,2023.0
0810102008,"Hospitalet de Llobregat, L'",41.376514,2.120361,0.04135,1690.0,40870.616686819834,42483.0,17787.0,23.5,2023.0,2023.0
0810102009,"Hospitalet de Llobregat, L'",41.374706,2.120127,0.03224,1096.0,33995.037220843675,36531.0,13767.0,31.0,2023.0,2023.0
0810102010,"Hospitalet de Llobregat, L'",41.374672,2.122231,0.03325,856.0,25744.360902255637,33583.0,14023.0,23.599999999999994,2023.0,2023.0
0810102011,"Hospitalet de Llobregat, L'",41.370591,2.128279,0.01528,1495.0,97840.31413612566,30501.0,10112.0,43.3,2023.0,2023.0
0810102012,"Hospitalet de Llobregat, L'",41.372796,2.114723,0.02038,1580.0,77526.9872423945,31654.0,10538.0,38.9,2023.0,2023.0
0810102013,"Hospitalet de Llobregat, L'",41.372185,2.115091,0.0108,1066.0,98703.7037037037,32739.0,10756.0,38.6,2023.0,2023.0
0810102014,"Hospitalet de Llobregat, L'",41.372454,2.117381,0.03668,2259.0,61586.6957470011,32870.0,11213.0,33.900000000000006,2023.0,2023.0
0810102016,"Hospitalet de Llobregat, L'",41.371448,2.115667,0.02279,1438.0,63097.84993418166,34916.0,11711.0,29.0,2023.0,2023.0
0810102017,"Hospitalet de Llobregat, L'",41.369609,2.126658,0.02435,1590.0,65297.74127310062,33768.0,11434.0,38.9,2023.0,2023.0
0810102020,"Hospitalet de Llobregat, L'",41.373265,2.11944,0.02425,1805.0,74432.98969072165,33976.0,11567.0,36.9,2023.0,2023.0
0810102021,"Hospitalet de Llobregat, L'",41.370386,2.116846,0.0278,2067.0,74352.51798561151,33172.0,11149.0,34.7,2023.0,2023.0
0810102023,"Hospitalet de Llobregat, L'",41.371217,2.118107,0.01532,1332.0,86945.16971279374,33906.0,10855.0,34.8,2023.0,2023.0
0810102024,"Hospitalet de Llobregat, L'",41.371817,2.119491,0.013,1246.0,95846.15384615384,33119.0,11544.0,31.900000000000006,2023.0,2023.0
0810102026,"Hospitalet de Llobregat, L'",41.373222,2.12125,0.0301,1941.0,64485.049833887046,35547.0,12691.0,34.400000000000006,2023.0,2023.0
0810102028,"Hospitalet de Llobregat, L'",41.368809,2.11849,0.05728,2417.0,42196.22905027933,30114.0,9740.0,38.9,2023.0,2023.0
0810102029,"Hospitalet de Llobregat, L'",41.370128,2.118709,0.02027,2010.0,99161.32215096202,31343.0,9566.0,39.2,2023.0,2023.0
0810102031,"Hospitalet de Llobregat, L'",41.371208,2.120459,0.01881,1320.0,70175.43859649122,30970.0,10253.0,36.4,2023.0,2023.0
0810102032,"Hospitalet de Llobregat, L'",41.37163,2.12187,0.01808,1207.0,66758.84955752213,31906.0,10850.0,37.4,2023.0,2023.0
0810102033,"Hospitalet de Llobregat, L'",41.372535,2.122669,0.01594,1079.0,67691.3425345044,29912.0,10468.0,41.5,2023.0,2023.0
0810102034,"Hospitalet de Llobregat, L'",41.373243,2.123799,0.01971,1101.0,55859.9695585997,32569.0,11953.0,38.8,2023.0,2023.0
0810102036,"Hospitalet de Llobregat, L'",41.368876,2.121203,0.0305,1146.0,37573.770491803276,29650.0,10552.0,33.7,2023.0,2023.0
0810102037,"Hospitalet de Llobregat, L'",41.37032,2.121022,0.01723,1518.0,88102.14741729542,31991.0,10545.0,36.8,2023.0,2023.0
0810102038,"Hospitalet de Llobregat, L'",41.369185,2.128585,0.04948,1073.0,21685.529506871462,32706.0,11438.0,35.0,2023.0,2023.0
0810102039,"Hospitalet de Llobregat, L'",41.372098,2.123981,0.02192,1154.0,52645.98540145986,33419.0,12644.0,36.2,2023.0,2023.0
0810102040,"Hospitalet de Llobregat, L'",41.368983,2.123607,0.04896,1947.0,39767.1568627451,33317.0,10356.0,41.1,2023.0,2023.0
0810102042,"Hospitalet de Llobregat, L'",41.370623,2.123342,0.01508,1251.0,82957.55968169762,30219.0,10170.0,36.7,2023.0,2023.0
0810102043,"Hospitalet de Llobregat, L'",41.371721,2.12501,0.02405,1672.0,69521.82952182952,33810.0,12222.0,33.0,2023.0,2023.0
0810102045,"Hospitalet de Llobregat, L'",41.369435,2.124262,0.01295,1150.0,88803.0888030888,30822.0,10194.0,37.2,2023.0,2023.0
0810102046,"Hospitalet de Llobregat, L'",41.369929,2.124747,0.01137,1304.0,114687.77484608619,32385.0,9838.0,40.7,2023.0,2023.0
0810102047,"Hospitalet de Llobregat, L'",41.370396,2.125397,0.0128,1472.0,115000.0,32287.0,10349.0,36.0,2023.0,2023.0
0810102048,"Hospitalet de Llobregat, L'",41.370877,2.12616,0.01406,1311.0,93243.24324324324,33318.0,11140.0,34.400000000000006,2023.0,2023.0
0810102049,"Hospitalet de Llobregat, L'",41.371418,2.126935,0.01443,1064.0,73735.27373527373,33626.0,12327.0,30.099999999999994,2023.0,2023.0
0810103001,"Hospitalet de Llobregat, L'",41.363522,2.122194,0.03133,1376.0,43919.565911267164,34569.0,14505.0,16.200000000000003,2023.0,2023.0
0810103002,"Hospitalet de Llobregat, L'",41.364105,2.11749,0.03543,1494.0,42167.65453005927,32939.0,13211.0,23.400000000000006,2023.0,2023.0
0810103003,"Hospitalet de Llobregat, L'",41.364658,2.119752,0.02042,1657.0,81145.93535749265,32104.0,13234.0,24.299999999999997,2023.0,2023.0
0810103004,"Hospitalet de Llobregat, L'",41.365631,2.122663,0.0531,2066.0,38907.72128060264,41936.0,16527.0,21.599999999999994,2023.0,2023.0
0810103005,"Hospitalet de Llobregat, L'",41.366553,2.125189,0.04045,1648.0,40741.656365883806,41348.0,15695.0,17.0,2023.0,2023.0
0810103006,"Hospitalet de Llobregat, L'",41.366639,2.126474,0.04255,1622.0,38119.85898942421,36453.0,14015.0,26.400000000000006,2023.0,2023.0
0810103007,"Hospitalet de Llobregat, L'",41.368504,2.130447,0.01799,1273.0,70761.5341856587,41442.0,17499.0,12.599999999999994,2023.0,2023.0
0810103008,"Hospitalet de Llobregat, L'",41.364671,2.128578,0.06452,2164.0,33539.98760074396,43944.0,16898.0,17.900000000000006,2023.0,2023.0
0810103009,"Hospitalet de Llobregat, L'",41.36196,2.1293,0.03939,1323.0,33587.20487433358,40653.0,15899.0,19.5,2023.0,2023.0
0810103010,"Hospitalet de Llobregat, L'",41.364377,2.12498,0.01518,945.0,62252.964426877465,35884.0,13948.0,19.900000000000006,2023.0,2023.0
0810103011,"Hospitalet de Llobregat, L'",41.363674,2.124464,0.02454,1663.0,67766.91116544418,37126.0,13020.0,29.200000000000003,2023.0,2023.0
0810103012,"Hospitalet de Llobregat, L'",41.361906,2.133938,0.05277,1883.0,35683.15330680311,34715.0,14691.0,29.599999999999994,2023.0,2023.0
0810103013,"Hospitalet de Llobregat, L'",41.362903,2.123458,0.05693,1904.0,33444.58106446513,38532.0,14891.0,16.0,2023.0,2023.0
0810103014,"Hospitalet de Llobregat, L'",41.360338,2.126421,0.04579,2464.0,53810.875737060494,40224.0,15094.0,20.400000000000006,2023.0,2023.0
0810103015,"Hospitalet de Llobregat, L'",41.361009,2.127605,0.04315,1918.0,44449.59443800695,40460.0,15821.0,21.799999999999997,2023.0,2023.0
0810103016,"Hospitalet de Llobregat, L'",41.363576,2.131378,0.11213,1982.0,17675.91188798716,46709.0,19105.0,10.299999999999997,2023.0,2023.0
0810103017,"Hospitalet de Llobregat, L'",41.363001,2.125797,0.01551,1187.0,76531.27014829143,34236.0,11678.0,35.900000000000006,2023.0,2023.0
0810103018,"Hospitalet de Llobregat, L'",41.365684,2.118312,0.0441,774.0,17551.020408163266,44846.0,17030.0,10.299999999999997,2023.0,2023.0
0810103019,"Hospitalet de Llobregat, L'",41.36657,2.130991,0.05783,1661.0,28722.116548504237,43491.0,16919.0,17.799999999999997,2023.0,2023.0
0810103020,"Hospitalet de Llobregat, L'",41.350618,2.125057,2.1786,1768.0,811.5303405856973,46142.0,17696.0,24.5,2023.0,2023.0
0810103021,"Hospitalet de Llobregat, L'",41.367788,2.128472,0.0276,2192.0,79420.28985507246,44815.0,17636.0,11.299999999999997,2023.0,2023.0
0810103022,"Hospitalet de Llobregat, L'",41.363755,2.12642,0.01851,1365.0,73743.92220421394,36648.0,13178.0,27.400000000000006,2023.0,2023.0
0810103023,"Hospitalet de Llobregat, L'",41.360421,2.125126,0.01945,1763.0,90642.67352185091,40643.0,15281.0,11.599999999999994,2023.0,2023.0
0810103024,"Hospitalet de Llobregat, L'",41.361728,2.128284,0.01802,1151.0,63873.47391786903,38472.0,13320.0,27.299999999999997,2023.0,2023.0
0810103025,"Hospitalet de Llobregat, L'",41.366446,2.128266,0.0332,1777.0,53524.096385542165,43780.0,17676.0,16.0,2023.0,2023.0
0810103026,"Hospitalet de Llobregat, L'",41.357999,2.122317,0.17316,2379.0,13738.738738738739,53318.0,19781.0,30.5,2023.0,2023.0
0810103027,"Hospitalet de Llobregat, L'",41.359307,2.124825,0.05736,1339.0,23343.793584379357,48080.0,18739.0,15.200000000000003,2023.0,2023.0
0810103028,"Hospitalet de Llobregat, L'",41.367116,2.12122,0.0968,1916.0,19793.388429752067,50219.0,17784.0,14.799999999999997,2023.0,2023.0
0810103029,"Hospitalet de Llobregat, L'",41.361901,2.119203,0.18996,1619.0,8522.84691514003,45604.0,16735.0,5.5,2023.0,2023.0
0810104001,"Hospitalet de Llobregat, L'",41.370008,2.104798,0.04,1262.0,31550.0,35280.0,11939.0,29.5,2023.0,2023.0
0810104002,"Hospitalet de Llobregat, L'",41.371022,2.105746,0.01358,958.0,70544.91899852724,32008.0,10796.0,37.2,2023.0,2023.0
0810104003,"Hospitalet de Llobregat, L'",41.372074,2.106409,0.02431,1254.0,51583.71040723982,35264.0,12362.0,31.200000000000003,2023.0,2023.0
0810104004,"Hospitalet de Llobregat, L'",41.369477,2.111808,0.0151,1505.0,99668.87417218543,34038.0,10374.0,34.5,2023.0,2023.0
0810104005,"Hospitalet de Llobregat, L'",41.373228,2.107728,0.01526,1929.0,126408.9121887287,30924.0,10664.0,36.4,2023.0,2023.0
0810104006,"Hospitalet de Llobregat, L'",41.373452,2.109006,0.0128,1407.0,109921.875,32455.0,10865.0,32.0,2023.0,2023.0
0810104007,"Hospitalet de Llobregat, L'",41.372672,2.107293,0.00954,1220.0,127882.59958071279,30308.0,9721.0,40.3,2023.0,2023.0
0810104009,"Hospitalet de Llobregat, L'",41.374016,2.110097,0.03279,2062.0,62885.02592253736,31297.0,10356.0,38.4,2023.0,2023.0
0810104010,"Hospitalet de Llobregat, L'",41.370475,2.107504,0.02255,1767.0,78359.20177383591,37391.0,12626.0,28.200000000000003,2023.0,2023.0
0810104011,"Hospitalet de Llobregat, L'",41.371171,2.108178,0.02016,1012.0,50198.4126984127,33871.0,11796.0,33.3,2023.0,2023.0
0810104012,"Hospitalet de Llobregat, L'",41.372502,2.109243,0.01863,1583.0,84970.47772410091,33103.0,12382.0,29.700000000000003,2023.0,2023.0
0810104014,"Hospitalet de Llobregat, L'",41.37169,2.109763,0.01633,2039.0,124862.21677893447,28512.0,9125.0,39.9,2023.0,2023.0
0810104016,"Hospitalet de Llobregat, L'",41.372779,2.111614,0.03111,1509.0,48505.303760848605,30556.0,9896.0,34.2,2023.0,2023.0
0810104018,"Hospitalet de Llobregat, L'",41.369096,2.107391,0.02024,1425.0,70405.13833992094,34672.0,11309.0,34.400000000000006,2023.0,2023.0
0810104019,"Hospitalet de Llobregat, L'",41.367574,2.111913,0.02816,2182.0,77485.79545454546,29904.0,9450.0,39.8,2023.0,2023.0
0810104020,"Hospitalet de Llobregat, L'",41.36876,2.110292,0.04187,2339.0,55863.38667303559,33694.0,10326.0,38.7,2023.0,2023.0
0810104021,"Hospitalet de Llobregat, L'",41.369757,2.10922,0.01299,1323.0,101847.57505773673,33148.0,10450.0,33.0,2023.0,2023.0
0810104022,"Hospitalet de Llobregat, L'",41.370551,2.11029,0.02049,1334.0,65104.92923377257,31455.0,9624.0,37.7,2023.0,2023.0
0810104023,"Hospitalet de Llobregat, L'",41.37192,2.111658,0.00879,1218.0,138566.5529010239,33460.0,10188.0,37.8,2023.0,2023.0
0810104025,"Hospitalet de Llobregat, L'",41.371028,2.11148,0.01204,1101.0,91445.18272425249,32095.0,10855.0,35.400000000000006,2023.0,2023.0
0810104026,"Hospitalet de Llobregat, L'",41.371943,2.112988,0.00996,1066.0,107028.1124497992,30988.0,9874.0,41.0,2023.0,2023.0
0810104027,"Hospitalet de Llobregat, L'",41.370913,2.112476,0.01819,1754.0,96426.60802638812,28348.0,9018.0,44.5,2023.0,2023.0
0810104030,"Hospitalet de Llobregat, L'",41.370251,2.112593,0.01209,1188.0,98263.02729528536,30530.0,9115.0,41.5,2023.0,2023.0
0810104031,"Hospitalet de Llobregat, L'",41.369738,2.113796,0.01323,1796.0,135752.07860922147,29514.0,8819.0,47.0,2023.0,2023.0
0810104032,"Hospitalet de Llobregat, L'",41.37036,2.114734,0.03157,1324.0,41938.54925562243,31904.0,11047.0,36.1,2023.0,2023.0
0810104033,"Hospitalet de Llobregat, L'",41.367452,2.10864,0.02465,1922.0,77971.60243407708,27606.0,9020.0,37.5,2023.0,2023.0
0810104035,"Hospitalet de Llobregat, L'",41.367308,2.109793,0.01784,1143.0,64069.506726457395,25070.0,8561.0,45.2,2023.0,2023.0
0810104036,"Hospitalet de Llobregat, L'",41.367147,2.105867,0.16173,1595.0,9862.115872132566,31830.0,10138.0,38.9,2023.0,2023.0
0810104037,"Hospitalet de Llobregat, L'",41.36657,2.110281,0.01839,1830.0,99510.60358890702,30896.0,10021.0,36.6,2023.0,2023.0
0810104040,"Hospitalet de Llobregat, L'",41.367753,2.113423,0.00921,1068.0,115960.91205211727,33235.0,11396.0,29.0,2023.0,2023.0
0810104041,"Hospitalet de Llobregat, L'",41.368578,2.11479,0.05233,2144.0,40970.76246894707,35029.0,13035.0,24.700000000000003,2023.0,2023.0
0810105002,"Hospitalet de Llobregat, L'",41.368146,2.101093,0.04777,1565.0,32761.147163491732,33495.0,12129.0,26.5,2023.0,2023.0
0810105006,"Hospitalet de Llobregat, L'",41.365759,2.102615,0.06652,1647.0,24759.470835838845,36574.0,14736.0,11.5,2023.0,2023.0
0810105011,"Hospitalet de Llobregat, L'",41.371261,2.100468,0.02167,2362.0,108998.61559760038,32064.0,10733.0,34.8,2023.0,2023.0
0810105013,"Hospitalet de Llobregat, L'",41.372462,2.101169,0.02046,1536.0,75073.3137829912,29546.0,9842.0,37.1,2023.0,2023.0
0810105014,"Hospitalet de Llobregat, L'",41.370228,2.101054,0.0144,1441.0,100069.44444444445,31016.0,10317.0,35.099999999999994,2023.0,2023.0
0810105017,"Hospitalet de Llobregat, L'",41.37063,2.102722,0.02602,2273.0,87355.88009223674,29971.0,9610.0,39.3,2023.0,2023.0
0810105018,"Hospitalet de Llobregat, L'",41.369289,2.101441,0.01115,1201.0,107713.00448430493,31820.0,10906.0,30.599999999999994,2023.0,2023.0
0810105020,"Hospitalet de Llobregat, L'",41.369597,2.102383,0.01046,905.0,86520.07648183555,33616.0,11733.0,29.799999999999997,2023.0,2023.0
0810105021,"Hospitalet de Llobregat, L'",41.366721,2.1003,0.02314,922.0,39844.42523768367,35952.0,15123.0,10.099999999999994,2023.0,2023.0
0810105023,"Hospitalet de Llobregat, L'",41.374102,2.105836,0.02011,1543.0,76727.99602187966,33377.0,11185.0,34.5,2023.0,2023.0
0810105024,"Hospitalet de Llobregat, L'",41.371503,2.103372,0.01877,1476.0,78636.12147043155,29960.0,9337.0,41.6,2023.0,2023.0
0810105025,"Hospitalet de Llobregat, L'",41.371958,2.104009,0.00965,1042.0,107979.27461139896,31872.0,10355.0,36.2,2023.0,2023.0
0810105026,"Hospitalet de Llobregat, L'",41.372676,2.102528,0.01932,2121.0,109782.60869565218,31696.0,10070.0,39.3,2023.0,2023.0
0810105028,"Hospitalet de Llobregat, L'",41.372688,2.104701,0.01984,1229.0,61945.56451612903,33181.0,11606.0,31.200000000000003,2023.0,2023.0
0810105029,"Hospitalet de Llobregat, L'",41.373481,2.103651,0.01827,1390.0,76081.00711548986,30570.0,10634.0,36.5,2023.0,2023.0
0810105030,"Hospitalet de Llobregat, L'",41.375095,2.10731,0.06945,1867.0,26882.649388048958,37404.0,13609.0,29.799999999999997,2023.0,2023.0
0810105031,"Hospitalet de Llobregat, L'",41.373919,2.101939,0.0096,1039.0,108229.16666666667,30442.0,10536.0,37.7,2023.0,2023.0
0810105032,"Hospitalet de Llobregat, L'",41.374561,2.102729,0.01637,1463.0,89370.80024434942,32275.0,11551.0,35.0,2023.0,2023.0
0810105033,"Hospitalet de Llobregat, L'",41.375435,2.102096,0.03023,2053.0,67912.66953357591,30621.0,10419.0,34.900000000000006,2023.0,2023.0
0810105034,"Hospitalet de Llobregat, L'",41.376146,2.100858,0.00931,1028.0,110418.9044038668,30513.0,10641.0,33.7,2023.0,2023.0
0810105035,"Hospitalet de Llobregat, L'",41.367569,2.102624,0.01508,946.0,62732.09549071618,39069.0,15020.0,12.0,2023.0,2023.0
0810105037,"Hospitalet de Llobregat, L'",41.377591,2.104798,0.23489,1277.0,5436.587338754311,33855.0,12071.0,30.799999999999997,2023.0,2023.0
0810105038,"Hospitalet de Llobregat, L'",41.374418,2.10452,0.02045,1444.0,70611.24694376528,33735.0,11181.0,32.599999999999994,2023.0,2023.0
0810106001,"Hospitalet de Llobregat, L'",41.34378,2.102981,2.1167,1997.0,943.4497094533946,36979.0,13591.0,19.200000000000003,2023.0,2023.0
0810106002,"Hospitalet de Llobregat, L'",41.351773,2.106677,0.0263,1224.0,46539.92395437262,33559.0,12248.0,20.200000000000003,2023.0,2023.0
0810106005,"Hospitalet de Llobregat, L'",41.350783,2.108699,0.06646,1593.0,23969.30484501956,39828.0,15143.0,13.400000000000006,2023.0,2023.0
0810106006,"Hospitalet de Llobregat, L'",41.348197,2.107361,0.01408,1067.0,75781.25,34301.0,12596.0,26.200000000000003,2023.0,2023.0
0810106007,"Hospitalet de Llobregat, L'",41.348585,2.108487,0.02147,1017.0,47368.42105263158,32161.0,12435.0,19.700000000000003,2023.0,2023.0
0810106008,"Hospitalet de Llobregat, L'",41.352208,2.116428,0.0397,1280.0,32241.813602015114,35882.0,14015.0,6.5,2023.0,2023.0
0810106009,"Hospitalet de Llobregat, L'",41.355657,2.112197,0.01527,809.0,52979.69875573019,37383.0,14375.0,12.5,2023.0,2023.0
0810106010,"Hospitalet de Llobregat, L'",41.354511,2.114229,0.0222,1164.0,52432.43243243243,36972.0,14227.0,13.599999999999994,2023.0,2023.0
0810106011,"Hospitalet de Llobregat, L'",41.357448,2.11483,0.06603,1816.0,27502.65031046494,35052.0,13105.0,19.700000000000003,2023.0,2023.0
0810106012,"Hospitalet de Llobregat, L'",41.355539,2.11466,0.02176,955.0,43887.86764705882,33915.0,13878.0,14.700000000000003,2023.0,2023.0
0810106013,"Hospitalet de Llobregat, L'",41.353677,2.11423,0.01722,1140.0,66202.0905923345,34080.0,13893.0,14.5,2023.0,2023.0
0810106014,"Hospitalet de Llobregat, L'",41.35206,2.114229,0.04881,917.0,18787.133784060643,35247.0,14263.0,12.200000000000003,2023.0,2023.0
0810106015,"Hospitalet de Llobregat, L'",41.349971,2.114125,0.04121,763.0,18514.923562242177,35241.0,14797.0,9.299999999999997,2023.0,2023.0
0810106016,"Hospitalet de Llobregat, L'",41.357136,2.118891,0.21289,1991.0,9352.247639626099,36033.0,12491.0,9.099999999999994,2023.0,2023.0
0810106017,"Hospitalet de Llobregat, L'",41.352871,2.115822,0.01136,929.0,81778.1690140845,36511.0,13945.0,7.299999999999997,2023.0,2023.0
0810106018,"Hospitalet de Llobregat, L'",41.352657,2.108746,0.02853,1076.0,37714.68629512793,46597.0,17735.0,10.400000000000006,2023.0,2023.0
0810106019,"Hospitalet de Llobregat, L'",41.349132,2.110195,0.04831,1271.0,26309.252742703375,35922.0,14189.0,14.700000000000003,2023.0,2023.0
0810106021,"Hospitalet de Llobregat, L'",41.353955,2.109182,0.02443,1341.0,54891.52681129758,37479.0,14907.0,11.200000000000003,2023.0,2023.0
0810106022,"Hospitalet de Llobregat, L'",41.35595,2.118181,0.0188,770.0,40957.446808510635,36646.0,14901.0,7.5,2023.0,2023.0
0810106023,"Hospitalet de Llobregat, L'",41.354811,2.111232,0.0342,1309.0,38274.85380116959,36193.0,14344.0,10.200000000000003,2023.0,2023.0
0810106024,"Hospitalet de Llobregat, L'",41.356045,2.113024,0.01982,1037.0,52320.887991927346,37857.0,14029.0,13.900000000000006,2023.0,2023.0
0810106025,"Hospitalet de Llobregat, L'",41.353139,2.110549,0.01397,1134.0,81173.94416607016,38480.0,15234.0,11.0,2023.0,2023.0
0810106026,"Hospitalet de Llobregat, L'",41.353002,2.117829,0.02637,897.0,34015.92718998862,36216.0,13831.0,10.799999999999997,2023.0,2023.0
0810106027,"Hospitalet de Llobregat, L'",41.351741,2.111674,0.06274,868.0,13834.874083519286,39349.0,16050.0,8.599999999999994,2023.0,2023.0
0810106030,"Hospitalet de Llobregat, L'",41.35355,2.112175,0.02178,811.0,37235.99632690541,36579.0,14379.0,12.400000000000006,2023.0,2023.0
0810106031,"Hospitalet de Llobregat, L'",41.349826,2.112293,0.01914,1027.0,53657.26227795193,36176.0,14216.0,12.599999999999994,2023.0,2023.0
0810106032,"Hospitalet de Llobregat, L'",41.355391,2.116763,0.05813,867.0,14914.846034749698,34948.0,12802.0,9.200000000000003,2023.0,2023.0
0812506001,Montcada i Reixac,41.459744,2.16314,1.374,955.0,695.0509461426492,42751.0,14856.0,4.5,2023.0,2023.0
0816901001,"Prat de Llobregat, El",41.339753,2.086821,1.83772,1910.0,1039.331345362732,46899.0,17714.0,12.700000000000003,2023.0,2023.0
0816901005,"Prat de Llobregat, El",41.330614,2.100011,0.1059,1627.0,15363.550519357887,42655.0,16363.0,12.299999999999997,2023.0,2023.0
0816902003,"Prat de Llobregat, El",41.32844,2.100259,0.04779,1465.0,30654.94873404478,36855.0,14635.0,14.5,2023.0,2023.0
0816902006,"Prat de Llobregat, El",41.329469,2.105093,0.35027,2049.0,5849.773032232278,45295.0,17310.0,5.799999999999997,2023.0,2023.0
0816902007,"Prat de Llobregat, El",41.326194,2.103817,0.07909,1749.0,22114.047287899863,41031.0,16426.0,7.099999999999994,2023.0,2023.0
0816905003,"Prat de Llobregat, El",41.324648,2.099941,0.02821,1331.0,47181.850407656864,35970.0,14590.0,11.299999999999997,2023.0,2023.0
0816905006,"Prat de Llobregat, El",41.323025,2.101632,0.07241,2080.0,28725.314183123875,41982.0,15766.0,8.599999999999994,2023.0,2023.0
0816905008,"Prat de Llobregat, El",41.325433,2.106863,0.24046,2074.0,8625.135157614572,49331.0,18331.0,5.299999999999997,2023.0,2023.0
0816905009,"Prat de Llobregat, El",41.307094,2.115915,12.76992,2501.0,195.8508745552047,50747.0,18287.0,7.900000000000006,2023.0,2023.0
0819401001,Sant Adrià de Besòs,41.430572,2.216306,0.09232,1464.0,15857.8856152513,41037.0,15864.0,14.099999999999994,2023.0,2023.0
0819401002,Sant Adrià de Besòs,41.433064,2.214039,0.11323,1708.0,15084.34160558156,41396.0,15119.0,16.799999999999997,2023.0,2023.0
0819401003,Sant Adrià de Besòs,41.430837,2.221452,0.06573,1974.0,30031.94888178914,38115.0,12794.0,21.5,2023.0,2023.0
0819401004,Sant Adrià de Besòs,41.428675,2.219419,0.05152,1702.0,33035.71428571428,41573.0,15730.0,10.5,2023.0,2023.0
0819401005,Sant Adrià de Besòs,41.431927,2.218452,0.05269,1903.0,36116.910229645095,39756.0,15806.0,16.0,2023.0,2023.0
0819401006,Sant Adrià de Besòs,41.429289,2.218157,0.0285,1241.0,43543.85964912281,41272.0,15864.0,14.099999999999994,2023.0,2023.0
0819402001,Sant Adrià de Besòs,41.427044,2.230836,0.5667,1837.0,3241.57402505735,38038.0,13653.0,19.700000000000003,2023.0,2023.0
0819402002,Sant Adrià de Besòs,41.422772,2.231085,0.19185,1681.0,8762.05368777691,34551.0,12596.0,24.099999999999994,2023.0,2023.0
0819402003,Sant Adrià de Besòs,41.424336,2.225803,0.15499,1571.0,10136.137815342927,40733.0,14518.0,10.900000000000006,2023.0,2023.0
0819402004,Sant Adrià de Besòs,41.427342,2.222622,0.08522,1701.0,19960.103262145036,36229.0,14670.0,9.200000000000003,2023.0,2023.0
0819402005,Sant Adrià de Besòs,41.428692,2.221935,0.07863,2098.0,26681.928017296195,41176.0,15837.0,7.200000000000003,2023.0,2023.0
0819403001,Sant Adrià de Besòs,41.42892,2.209716,0.45263,1294.0,2858.847182025054,32481.0,12383.0,22.0,2023.0,2023.0
0819404001,Sant Adrià de Besòs,41.42253,2.222164,0.98124,2501.0,2548.815784109902,46090.0,16921.0,31.200000000000003,2023.0,2023.0
0819405001,Sant Adrià de Besòs,41.423477,2.212047,0.01864,1509.0,80954.9356223176,35267.0,13608.0,16.900000000000006,2023.0,2023.0
0819405002,Sant Adrià de Besòs,41.422592,2.213077,0.02637,1571.0,59575.274933636705,31442.0,12091.0,22.0,2023.0,2023.0
0819405003,Sant Adrià de Besòs,41.421809,2.215946,0.21177,928.0,4382.1126694054865,31230.0,12084.0,22.400000000000006,2023.0,2023.0
0819405004,Sant Adrià de Besòs,41.420903,2.213588,0.02771,909.0,32804.04186214363,31928.0,12771.0,21.299999999999997,2023.0,2023.0
0819406001,Sant Adrià de Besòs,41.420097,2.222469,0.01878,471.0,25079.872204472842,25024.0,8525.0,12.700000000000003,2023.0,2023.0
0819406002,Sant Adrià de Besòs,41.420042,2.221482,0.0214,1239.0,57897.19626168225,24408.0,8706.0,6.5,2023.0,2023.0
0819406003,Sant Adrià de Besòs,41.419931,2.219457,0.02712,919.0,33886.43067846608,25633.0,7734.0,18.5,2023.0,2023.0
0819406004,Sant Adrià de Besòs,41.418591,2.217719,0.02947,1588.0,53885.307091957926,25287.0,8353.0,10.099999999999994,2023.0,2023.0
0819406005,Sant Adrià de Besòs,41.417572,2.218843,0.03663,1323.0,36117.936117936115,29041.0,10625.0,16.200000000000003,2023.0,2023.0
0819406006,Sant Adrià de Besòs,41.418533,2.221037,0.05598,1607.0,28706.680957484816,27137.0,9130.0,8.0,2023.0,2023.0
0819406007,Sant Adrià de Besòs,41.415237,2.223745,0.36566,2977.0,8141.442870426079,36630.0,12717.0,31.5,2023.0,2023.0
0820501012,Sant Cugat del Vallès,41.45061,2.108263,10.31044,2176.0,211.04821908667333,87690.0,29426.0,13.599999999999994,2023.0,2023.0
0820506001,Sant Cugat del Vallès,41.435086,2.0941,2.96683,1375.0,463.4576298608279,49816.0,16460.0,18.400000000000006,2023.0,2023.0
0822101005,Sant Just Desvern,41.397659,2.090239,3.01242,2079.0,690.1428087716852,85913.0,28982.0,14.799999999999997,2023.0,2023.0
0824501001,Santa Coloma de Gramenet,41.452486,2.208467,0.05979,1060.0,17728.717176785416,43368.0,17040.0,8.900000000000006,2023.0,2023.0
0824501002,Santa Coloma de Gramenet,41.449694,2.209434,0.03386,977.0,28854.10513880685,48220.0,18711.0,15.299999999999997,2023.0,2023.0
0824501003,Santa Coloma de Gramenet,41.447431,2.211306,0.01707,1439.0,84299.94141769187,30838.0,11407.0,26.599999999999994,2023.0,2023.0
0824501004,Santa Coloma de Gramenet,41.448487,2.211336,0.0155,828.0,53419.354838709674,32653.0,12383.0,24.400000000000006,2023.0,2023.0
0824501005,Santa Coloma de Gramenet,41.449488,2.211205,0.01958,946.0,48314.606741573036,35400.0,12773.0,16.700000000000003,2023.0,2023.0
0824501006,Santa Coloma de Gramenet,41.449401,2.212888,0.0123,843.0,68536.58536585365,32332.0,12743.0,20.799999999999997,2023.0,2023.0
0824501007,Santa Coloma de Gramenet,41.448183,2.212815,0.01411,1641.0,116300.49610205529,30129.0,9956.0,31.599999999999994,2023.0,2023.0
0824501009,Santa Coloma de Gramenet,41.448437,2.213968,0.01624,1397.0,86022.16748768472,32721.0,11840.0,23.299999999999997,2023.0,2023.0
0824501010,Santa Coloma de Gramenet,41.448786,2.215276,0.0223,1732.0,77668.16143497758,32767.0,10588.0,35.400000000000006,2023.0,2023.0
0824501011,Santa Coloma de Gramenet,41.450084,2.214704,0.01719,1086.0,63176.265270506105,33131.0,13451.0,17.0,2023.0,2023.0
0824501012,Santa Coloma de Gramenet,41.451329,2.214003,0.01899,869.0,45760.926803580835,37847.0,14773.0,15.299999999999997,2023.0,2023.0
0824501013,Santa Coloma de Gramenet,41.450587,2.212479,0.04093,2012.0,49157.09748350843,41751.0,16040.0,16.299999999999997,2023.0,2023.0
0824501014,Santa Coloma de Gramenet,41.451385,2.210662,0.03455,1092.0,31606.367583212737,45470.0,17392.0,10.5,2023.0,2023.0
0824501015,Santa Coloma de Gramenet,41.452463,2.212227,0.02366,888.0,37531.699070160605,39084.0,15066.0,15.5,2023.0,2023.0
0824501016,Santa Coloma de Gramenet,41.453453,2.210323,0.02732,918.0,33601.75695461201,41750.0,16646.0,11.099999999999994,2023.0,2023.0
0824501017,Santa Coloma de Gramenet,41.45481,2.2095,0.0225,1455.0,64666.66666666667,35008.0,14633.0,9.799999999999997,2023.0,2023.0
0824501018,Santa Coloma de Gramenet,41.454509,2.208059,0.03336,1333.0,39958.03357314149,36564.0,14893.0,12.5,2023.0,2023.0
0824502002,Santa Coloma de Gramenet,41.454792,2.21244,0.10146,1558.0,15355.805243445693,36686.0,14946.0,10.0,2023.0,2023.0
0824502004,Santa Coloma de Gramenet,41.451954,2.214832,0.02621,1417.0,54063.33460511255,31514.0,11052.0,34.900000000000006,2023.0,2023.0
0824502005,Santa Coloma de Gramenet,41.452585,2.215511,0.02576,1326.0,51475.1552795031,33279.0,12008.0,27.099999999999994,2023.0,2023.0
0824502006,Santa Coloma de Gramenet,41.453384,2.216068,0.02065,1327.0,64261.50121065375,32159.0,12307.0,22.599999999999994,2023.0,2023.0
0824502007,Santa Coloma de Gramenet,41.455669,2.21545,0.07395,2133.0,28843.813387423936,37567.0,13929.0,10.700000000000003,2023.0,2023.0
0824502008,Santa Coloma de Gramenet,41.454038,2.21689,0.02252,1549.0,68783.30373001777,32632.0,12184.0,23.700000000000003,2023.0,2023.0
0824502009,Santa Coloma de Gramenet,41.454626,2.217701,0.02012,1196.0,59443.33996023857,33042.0,12286.0,17.700000000000003,2023.0,2023.0
0824502010,Santa Coloma de Gramenet,41.455036,2.219123,0.00949,792.0,83456.26975763962,30401.0,11488.0,18.299999999999997,2023.0,2023.0
0824503001,Santa Coloma de Gramenet,41.454761,2.201061,0.2918,879.0,3012.337217272104,33993.0,12802.0,17.599999999999994,2023.0,2023.0
0824503003,Santa Coloma de Gramenet,41.456862,2.195453,0.29657,919.0,3098.762518123883,30499.0,11723.0,13.400000000000006,2023.0,2023.0
0824503004,Santa Coloma de Gramenet,41.463794,2.191104,0.70454,1075.0,1525.8182643994662,32550.0,12187.0,12.900000000000006,2023.0,2023.0
0824504001,Santa Coloma de Gramenet,41.453856,2.205662,0.03209,1094.0,34091.617326269865,38055.0,15724.0,11.900000000000006,2023.0,2023.0
0824504002,Santa Coloma de Gramenet,41.452111,2.206542,0.03486,1292.0,37062.535857716575,42267.0,16648.0,14.900000000000006,2023.0,2023.0
0824504003,Santa Coloma de Gramenet,41.45292,2.203246,0.03264,1584.0,48529.41176470588,38950.0,15065.0,9.799999999999997,2023.0,2023.0
0824504004,Santa Coloma de Gramenet,41.451422,2.202078,0.05772,1479.0,25623.700623700624,37720.0,15138.0,9.200000000000003,2023.0,2023.0
0824504005,Santa Coloma de Gramenet,41.451141,2.203679,0.02741,1036.0,37796.42466253192,35421.0,14432.0,14.099999999999994,2023.0,2023.0
0824504006,Santa Coloma de Gramenet,41.450407,2.203868,0.04624,1289.0,27876.297577854668,34374.0,14040.0,14.400000000000006,2023.0,2023.0
0824504007,Santa Coloma de Gramenet,41.449942,2.207889,0.02932,1597.0,54467.93997271487,36061.0,14149.0,17.700000000000003,2023.0,2023.0
0824504008,Santa Coloma de Gramenet,41.449566,2.206407,0.03702,1718.0,46407.34737979471,37621.0,14728.0,17.099999999999994,2023.0,2023.0
0824504009,Santa Coloma de Gramenet,41.448648,2.203913,0.08097,1553.0,19179.943188835372,34123.0,13991.0,16.0,2023.0,2023.0
0824504010,Santa Coloma de Gramenet,41.448284,2.208776,0.0204,1279.0,62696.078431372545,34344.0,13159.0,22.5,2023.0,2023.0
0824504011,Santa Coloma de Gramenet,41.44782,2.207326,0.01984,1145.0,57711.6935483871,34829.0,12927.0,21.0,2023.0,2023.0
0824504012,Santa Coloma de Gramenet,41.447084,2.205215,0.03928,1102.0,28054.98981670061,31985.0,12087.0,21.200000000000003,2023.0,2023.0
0824504013,Santa Coloma de Gramenet,41.446772,2.209398,0.02669,1123.0,42075.68377669539,34206.0,14363.0,12.599999999999994,2023.0,2023.0
0824504014,Santa Coloma de Gramenet,41.446236,2.208145,0.0251,1844.0,73466.13545816732,33595.0,12965.0,19.900000000000006,2023.0,2023.0
0824504015,Santa Coloma de Gramenet,41.445644,2.206276,0.04922,1455.0,29561.154002438034,30673.0,11435.0,25.700000000000003,2023.0,2023.0
0824504016,Santa Coloma de Gramenet,41.446805,2.210351,0.01335,1352.0,101273.40823970037,33953.0,13663.0,14.200000000000003,2023.0,2023.0
0824505001,Santa Coloma de Gramenet,41.445058,2.209305,0.06822,994.0,14570.507182644385,29545.0,10752.0,32.599999999999994,2023.0,2023.0
0824505002,Santa Coloma de Gramenet,41.447298,2.213777,0.01606,1412.0,87920.29887920298,30842.0,11769.0,24.400000000000006,2023.0,2023.0
0824505003,Santa Coloma de Gramenet,41.447545,2.215971,0.02132,1128.0,52908.06754221389,34181.0,12044.0,24.299999999999997,2023.0,2023.0
0824505004,Santa Coloma de Gramenet,41.446587,2.213814,0.01302,883.0,67818.74039938556,33884.0,12011.0,24.900000000000006,2023.0,2023.0
0824505005,Santa Coloma de Gramenet,41.445845,2.211676,0.01224,1315.0,107434.64052287582,29821.0,11221.0,30.0,2023.0,2023.0
0824505006,Santa Coloma de Gramenet,41.446552,2.21674,0.01682,1170.0,69560.04756242568,30366.0,10314.0,33.5,2023.0,2023.0
0824505007,Santa Coloma de Gramenet,41.446155,2.214813,0.02054,1112.0,54138.266796494645,30845.0,11038.0,26.799999999999997,2023.0,2023.0
0824505008,Santa Coloma de Gramenet,41.445481,2.212996,0.01405,982.0,69893.23843416371,30286.0,10469.0,31.299999999999997,2023.0,2023.0
0824505009,Santa Coloma de Gramenet,41.444794,2.212361,0.02245,1249.0,55634.74387527839,31278.0,11199.0,24.799999999999997,2023.0,2023.0
0824505011,Santa Coloma de Gramenet,41.445789,2.218128,0.03633,2462.0,67767.68510872556,29614.0,10392.0,33.0,2023.0,2023.0
0824505012,Santa Coloma de Gramenet,41.444753,2.216375,0.0367,1571.0,42806.53950953678,28477.0,9699.0,31.099999999999994,2023.0,2023.0
0824505013,Santa Coloma de Gramenet,41.443185,2.214567,0.08335,2497.0,29958.008398320337,31367.0,10113.0,33.2,2023.0,2023.0
0824505014,Santa Coloma de Gramenet,41.443858,2.212116,0.03285,1565.0,47640.79147640792,32647.0,11672.0,25.900000000000006,2023.0,2023.0
0824505015,Santa Coloma de Gramenet,41.442938,2.209937,0.09636,1616.0,16770.44416770444,31543.0,10749.0,28.400000000000006,2023.0,2023.0
0824505016,Santa Coloma de Gramenet,41.441146,2.210226,0.07463,1257.0,16843.092590111213,34575.0,13103.0,18.400000000000006,2023.0,2023.0
0824505018,Santa Coloma de Gramenet,41.440572,2.212268,0.02208,1365.0,61820.65217391305,27132.0,8441.0,35.7,2023.0,2023.0
0824505019,Santa Coloma de Gramenet,41.437147,2.211343,0.24384,1370.0,5618.438320209973,32735.0,12374.0,25.400000000000006,2023.0,2023.0
0824506002,Santa Coloma de Gramenet,41.451194,2.217343,0.02182,1161.0,53208.06599450046,33037.0,10983.0,38.1,2023.0,2023.0
0824506003,Santa Coloma de Gramenet,41.451356,2.218414,0.03772,2001.0,53048.780487804885,30714.0,10055.0,40.2,2023.0,2023.0
0824506004,Santa Coloma de Gramenet,41.452641,2.218883,0.02121,929.0,43800.0942951438,32047.0,12074.0,25.900000000000006,2023.0,2023.0
0824506005,Santa Coloma de Gramenet,41.451147,2.220062,0.02069,1145.0,55340.74432092798,29602.0,10029.0,42.4,2023.0,2023.0
0824506008,Santa Coloma de Gramenet,41.449806,2.216761,0.04617,2938.0,63634.39462854667,31517.0,10288.0,42.4,2023.0,2023.0
0824506009,Santa Coloma de Gramenet,41.450614,2.221108,0.02108,1810.0,85863.37760910815,28727.0,9046.0,43.4,2023.0,2023.0
0824506011,Santa Coloma de Gramenet,41.448742,2.220325,0.03244,1905.0,58723.79778051789,31362.0,9185.0,52.1,2023.0,2023.0
0824506012,Santa Coloma de Gramenet,41.448139,2.21934,0.04366,2303.0,52748.511223087495,28595.0,8875.0,46.7,2023.0,2023.0
0824506014,Santa Coloma de Gramenet,41.447724,2.217829,0.03056,2605.0,85242.14659685864,28898.0,8648.0,46.4,2023.0,2023.0
0826601011,Cerdanyola del Vallès,41.466164,2.134323,14.82227,1365.0,92.09115742730364,53725.0,17842.0,7.200000000000003,2023.0,2023.0
