tract_code,municipality,lat,lon,area_km2,population,population_density,income_household,income_per_capita,pct_foreign,population_year,income_year
2800601033,Alcobendas,40.524649,-3.646195,0.46205,2235.0,4837.138837788118,104774.0,36918.0,14.5,2023,2023
2800601034,Alcobendas,40.52106,-3.644169,0.16147,1379.0,8540.286121260915,104774.0,36918.0,11.5,2023,2023
2800601035,Alcobendas,40.519931,-3.627252,2.12759,894.0,420.193740335309,104774.0,36918.0,20.599999999999994,2023,2023
2800601036,Alcobendas,40.514224,-3.625177,2.98217,2034.0,682.0536723258567,104774.0,36918.0,25.0,2023,2023
2800601048,Alcobendas,40.521441,-3.638901,0.38807,2233.0,5754.116525369134,104774.0,36918.0,16.0,2023,2023
2800601059,Alcobendas,40.510581,-3.644377,0.50224,3255.0,6480.965275565466,104774.0,36918.0,19.099999999999994,2023,2023
2800601060,Alcobendas,40.552087,-3.669351,15.28261,1371.0,89.70980742163806,59938.0,24357.0,22.200000000000003,2023,2023
2800601067,Alcobendas,40.522319,-3.586938,15.45203,2054.0,132.92751826135466,104774.0,35444.0,19.299999999999997,2023,2023
2800702015,Alcorcón,40.359452,-3.805911,1.61562,1732.0,1072.03426548322,43685.0,16794.0,7.200000000000003,2023,2023
2800702016,Alcorcón,40.352967,-3.807461,0.24522,2045.0,8339.450289535927,44443.0,17015.0,7.0,2023,2023
2800702021,Alcorcón,40.349364,-3.805393,0.08162,1566.0,19186.473903455037,49813.0,19302.0,3.4000000000000057,2023,2023
2800702029,Alcorcón,40.350843,-3.802202,0.04064,1175.0,28912.40157480315,33047.0,13837.0,6.299999999999997,2023,2023
2800702030,Alcorcón,40.357305,-3.808012,0.12122,1062.0,8760.930539514931,64916.0,21457.0,3.299999999999997,2023,2023
2800702033,Alcorcón,40.344738,-3.806896,0.22428,1837.0,8190.6545389691455,36674.0,13765.0,6.0,2023,2023
2800702034,Alcorcón,40.353643,-3.800766,0.09468,2636.0,27841.1491339248,57222.0,18710.0,3.799999999999997,2023,2023
2800702035,Alcorcón,40.34718,-3.806553,0.04725,2189.0,46328.04232804233,57546.0,19859.0,2.700000000000003,2023,2023
2800702037,Alcorcón,40.35519,-3.80372,0.07357,1256.0,17072.176158760365,69410.0,22173.0,4.799999999999997,2023,2023
2800702038,Alcorcón,40.351766,-3.803779,0.07516,1885.0,25079.82969664715,60403.0,21633.0,2.799999999999997,2023,2023
2800703021,Alcorcón,40.341417,-3.809091,0.54609,1237.0,2265.1943818784453,38831.0,15989.0,12.200000000000003,2023,2023
2806502004,Getafe,40.318119,-3.725081,0.01958,1364.0,69662.9213483146,26808.0,10388.0,32.400000000000006,2023,2023
2806502005,Getafe,40.31726,-3.724617,0.02222,1471.0,66201.6201620162,26853.0,10241.0,31.200000000000003,2023,2023
2806502006,Getafe,40.316811,-3.72397,0.01749,1224.0,69982.84734133791,26434.0,9812.0,35.0,2023,2023
2806502007,Getafe,40.316619,-3.722742,0.01976,1360.0,68825.91093117409,27583.0,9980.0,40.2,2023,2023
2806502013,Getafe,40.317975,-3.727993,0.29532,3202.0,10842.47595828254,53835.0,20806.0,12.200000000000003,2023,2023
2806502014,Getafe,40.314621,-3.725064,0.12969,1346.0,10378.59511141954,30513.0,12965.0,24.5,2023,2023
2806502016,Getafe,40.31985,-3.721778,0.43842,2560.0,5839.149673828749,44387.0,16994.0,8.900000000000006,2023,2023
2806502017,Getafe,40.322912,-3.719634,0.10181,1041.0,10224.928788920539,74959.0,24914.0,3.700000000000003,2023,2023
2806502018,Getafe,40.324509,-3.723266,0.08898,1781.0,20015.733872780398,41182.0,15062.0,6.900000000000006,2023,2023
2806502019,Getafe,40.326043,-3.716328,0.21119,2258.0,10691.794119039729,42748.0,15328.0,5.400000000000006,2023,2023
2806502020,Getafe,40.321974,-3.712259,0.21286,2172.0,10203.889880672743,46576.0,16345.0,4.799999999999997,2023,2023
2806502021,Getafe,40.328249,-3.721612,0.37702,2614.0,6933.319187311017,46590.0,16396.0,6.599999999999994,2023,2023
2806502022,Getafe,40.320951,-3.716142,0.16197,1150.0,7100.080261776872,70502.0,22770.0,3.5999999999999943,2023,2023
2806503009,Getafe,40.325687,-3.7381,0.11646,2075.0,17817.276318049117,34173.0,12613.0,16.599999999999994,2023,2023
2806503013,Getafe,40.324872,-3.73622,0.04203,1011.0,24054.246966452534,31188.0,12350.0,17.200000000000003,2023,2023
2806503030,Getafe,40.327128,-3.734482,0.1409,1837.0,13037.615330021292,55558.0,20159.0,5.299999999999997,2023,2023
2806503033,Getafe,40.313406,-3.734983,0.32876,1867.0,5678.914709818713,56811.0,19888.0,5.400000000000006,2023,2023
2806503036,Getafe,40.319524,-3.742051,0.21362,2140.0,10017.788596573355,54345.0,17952.0,7.900000000000006,2023,2023
2806503037,Getafe,40.316137,-3.739243,0.28245,2391.0,8465.215082315455,48758.0,17269.0,5.099999999999994,2023,2023
2806503038,Getafe,40.320824,-3.735067,0.29263,3013.0,10296.278577042682,52621.0,17628.0,4.700000000000003,2023,2023
2806503039,Getafe,40.325443,-3.730788,0.21458,2502.0,11659.986951253612,70883.0,22633.0,8.5,2023,2023
2806503040,Getafe,40.323001,-3.739587,0.12197,1931.0,15831.761908666065,43010.0,14967.0,6.200000000000003,2023,2023
2806503044,Getafe,40.330596,-3.727986,0.49928,3154.0,6317.096619131549,68306.0,22644.0,8.400000000000006,2023,2023
2806503045,Getafe,40.320783,-3.730142,0.32974,3286.0,9965.42730636259,52722.0,19093.0,5.700000000000003,2023,2023
2806503047,Getafe,40.307662,-3.747452,1.5875,3894.0,2452.913385826772,50841.0,19240.0,4.599999999999994,2023,2023
2806504003,Getafe,40.314494,-3.72207,0.05008,1634.0,32627.79552715655,32854.0,12616.0,24.0,2023,2023
2806504004,Getafe,40.316152,-3.720928,0.01753,1206.0,68796.34911580148,27494.0,10117.0,35.7,2023,2023
2806504012,Getafe,40.294077,-3.700647,6.99482,1171.0,167.40959738778125,35713.0,15619.0,19.200000000000003,2023,2023
2806504014,Getafe,40.314862,-3.720065,0.01823,1106.0,60669.22654964345,31811.0,12394.0,24.0,2023,2023
2806504017,Getafe,40.314471,-3.717874,0.02071,1270.0,61323.032351521004,29046.0,10958.0,27.5,2023,2023
2806504023,Getafe,40.313919,-3.718753,0.02608,1365.0,52338.95705521473,30248.0,12712.0,18.400000000000006,2023,2023
2806504027,Getafe,40.323538,-3.656436,0.18243,1516.0,8310.03672641561,41084.0,14910.0,8.400000000000006,2023,2023
2806504028,Getafe,40.302628,-3.606863,17.41773,1330.0,76.35897444730169,44589.0,15659.0,8.0,2023,2023
2806504029,Getafe,40.325387,-3.663109,0.44543,2744.0,6160.339447275666,49740.0,16718.0,9.0,2023,2023
2806504030,Getafe,40.316362,-3.711694,0.29131,2314.0,7943.427963338025,45298.0,17466.0,4.400000000000006,2023,2023
2806504032,Getafe,40.315142,-3.715013,0.19952,2125.0,10650.56134723336,45885.0,15952.0,4.900000000000006,2023,2023
2806504033,Getafe,40.297949,-3.656026,26.72409,2420.0,90.55500112445363,52540.0,16561.0,15.700000000000003,2023,2023
2806504034,Getafe,40.320257,-3.705942,0.35427,2843.0,8024.952719677083,50854.0,19696.0,3.799999999999997,2023,2023
2806504035,Getafe,40.316062,-3.706114,0.22097,2356.0,10662.08082545142,39373.0,17160.0,7.5,2023,2023
2806504036,Getafe,40.320497,-3.697411,0.2399,1743.0,7265.527303042934,51861.0,18688.0,4.0,2023,2023
2806504037,Getafe,40.318638,-3.69879,0.08329,2593.0,31132.188738143836,51905.0,18639.0,2.9000000000000057,2023,2023
2806504038,Getafe,40.316138,-3.697638,0.38667,2583.0,6680.114826596322,43065.0,17557.0,5.099999999999994,2023,2023
2806504039,Getafe,40.320699,-3.653193,0.32409,2137.0,6593.847388071215,68623.0,19736.0,6.400000000000006,2023,2023
2807401001,Leganés,40.326288,-3.763549,0.02498,1129.0,45196.15692554043,37315.0,15054.0,14.0,2023,2023
2807401002,Leganés,40.325058,-3.76486,0.02277,722.0,31708.388230127362,34161.0,13135.0,13.599999999999994,2023,2023
2807401003,Leganés,40.323348,-3.765782,0.02754,1425.0,51742.91938997822,30676.0,11963.0,20.700000000000003,2023,2023
2807401004,Leganés,40.327716,-3.765524,0.03843,989.0,25735.102784283114,45414.0,17604.0,16.5,2023,2023
2807401005,Leganés,40.326141,-3.766554,0.06831,1269.0,18577.07509881423,38559.0,14437.0,15.0,2023,2023
2807401006,Leganés,40.324977,-3.768279,0.05438,1629.0,29955.866127252666,34280.0,13674.0,15.799999999999997,2023,2023
2807401007,Leganés,40.323118,-3.767818,0.02773,1109.0,39992.78759466282,30207.0,12209.0,12.900000000000006,2023,2023
2807401008,Leganés,40.324346,-3.769734,0.0165,905.0,54848.48484848485,29647.0,12530.0,14.799999999999997,2023,2023
2807401009,Leganés,40.32348,-3.770311,0.03202,1476.0,46096.18988132417,31426.0,12850.0,12.900000000000006,2023,2023
2807401010,Leganés,40.328907,-3.767386,0.02682,978.0,36465.32438478747,40545.0,14886.0,19.200000000000003,2023,2023
2807401011,Leganés,40.330031,-3.768952,0.02502,1283.0,51278.97681854516,34509.0,13427.0,20.299999999999997,2023,2023
2807401012,Leganés,40.328449,-3.769009,0.04044,1035.0,25593.471810089024,34700.0,13735.0,24.299999999999997,2023,2023
2807401013,Leganés,40.327508,-3.769826,0.02323,828.0,35643.56435643564,34369.0,13618.0,15.900000000000006,2023,2023
2807401014,Leganés,40.327848,-3.771422,0.04071,1076.0,26430.852370424956,32543.0,12275.0,16.599999999999994,2023,2023
2807401015,Leganés,40.326358,-3.770955,0.01561,897.0,57463.16463805253,35131.0,12768.0,24.5,2023,2023
2807401016,Leganés,40.325658,-3.770286,0.02783,1353.0,48616.60079051383,33443.0,12911.0,25.900000000000006,2023,2023
2807401017,Leganés,40.325877,-3.7722,0.0184,905.0,49184.782608695656,31968.0,12773.0,16.200000000000003,2023,2023
2807401018,Leganés,40.318814,-3.766474,1.12654,2566.0,2277.7708736485165,38045.0,15338.0,13.5,2023,2023
2807401019,Leganés,40.325261,-3.773601,0.02309,919.0,39800.779558250324,28595.0,12040.0,17.700000000000003,2023,2023
2807401020,Leganés,40.32854,-3.774056,0.26959,1183.0,4388.144960866501,44565.0,17083.0,6.700000000000003,2023,2023
2807401021,Leganés,40.332186,-3.773097,0.02108,905.0,42931.688804554076,30394.0,11034.0,26.599999999999994,2023,2023
2807401022,Leganés,40.332587,-3.774436,0.0158,972.0,61518.98734177215,28072.0,10838.0,25.0,2023,2023
2807401023,Leganés,40.321326,-3.79992,9.62122,1234.0,128.25816268622899,27788.0,11152.0,28.299999999999997,2023,2023
2807401024,Leganés,40.324123,-3.760255,0.08397,1505.0,17923.067762296057,39222.0,15024.0,13.099999999999994,2023,2023
2807401025,Leganés,40.323493,-3.76213,0.0736,1761.0,23926.630434782608,38901.0,14920.0,9.900000000000006,2023,2023
2807401026,Leganés,40.306877,-3.770401,6.84825,938.0,136.9692987259519,51231.0,17296.0,2.200000000000003,2023,2023
2807402001,Leganés,40.33388,-3.759215,0.04242,1427.0,33639.79255068364,30204.0,10987.0,23.799999999999997,2023,2023
2807402002,Leganés,40.332604,-3.759632,0.0327,1060.0,32415.902140672784,29442.0,11816.0,23.700000000000003,2023,2023
2807402003,Leganés,40.331414,-3.760375,0.04899,1451.0,29618.289446825882,30870.0,11997.0,23.200000000000003,2023,2023
2807402004,Leganés,40.330262,-3.758788,0.0337,855.0,25370.91988130564,29219.0,11425.0,22.5,2023,2023
2807402005,Leganés,40.328928,-3.758719,0.0266,958.0,36015.03759398496,32387.0,11536.0,21.5,2023,2023
2807402006,Leganés,40.329794,-3.760513,0.02108,1048.0,49715.37001897533,30837.0,11295.0,25.700000000000003,2023,2023
2807402008,Leganés,40.326299,-3.756899,0.25935,1205.0,4646.230962020435,28778.0,10924.0,28.900000000000006,2023,2023
2807402009,Leganés,40.328093,-3.760499,0.02475,966.0,39030.30303030303,26714.0,11159.0,21.5,2023,2023
2807402010,Leganés,40.328353,-3.762552,0.02447,1025.0,41888.02615447487,33070.0,11519.0,26.900000000000006,2023,2023
2807402011,Leganés,40.327159,-3.762141,0.02418,1756.0,72622.00165425971,32080.0,13134.0,14.900000000000006,2023,2023
2807402012,Leganés,40.326231,-3.761203,0.01479,713.0,48208.248816768086,26786.0,10722.0,20.0,2021,2021
2807402013,Leganés,40.334356,-3.762226,0.03046,1636.0,53709.783322390016,28280.0,10829.0,20.299999999999997,2023,2023
2807402014,Leganés,40.331899,-3.766871,0.11388,999.0,8772.391991570074,39683.0,14535.0,20.799999999999997,2023,2023
2807402015,Leganés,40.333121,-3.762133,0.02739,1155.0,42168.67469879518,27286.0,11266.0,20.400000000000006,2023,2023
2807402016,Leganés,40.333259,-3.76406,0.03661,1010.0,27588.090685605028,29536.0,11797.0,25.900000000000006,2023,2023
2807402017,Leganés,40.331475,-3.763773,0.05951,1269.0,21324.1472021509,29917.0,11720.0,24.700000000000003,2023,2023
2807402019,Leganés,40.329932,-3.762665,0.03553,1411.0,39712.91866028708,33056.0,12780.0,23.599999999999994,2023,2023
2807402020,Leganés,40.328745,-3.764207,0.03792,1252.0,33016.8776371308,40441.0,14889.0,17.5,2023,2023
2807402021,Leganés,40.329891,-3.765385,0.02269,875.0,38563.24371970031,34146.0,13500.0,21.599999999999994,2023,2023
2807402022,Leganés,40.336833,-3.759156,0.22467,617.0,2746.2500556371565,48431.0,18442.0,4.200000000000003,2023,2023
2807403001,Leganés,40.335842,-3.766066,0.06319,1121.0,17740.14875771483,32439.0,12570.0,16.5,2023,2023
2807403002,Leganés,40.335838,-3.767773,0.03501,1194.0,34104.54155955441,30951.0,11992.0,19.400000000000006,2023,2023
2807403003,Leganés,40.334744,-3.7682,0.02232,1079.0,48342.29390681004,30245.0,11228.0,25.900000000000006,2023,2023
2807403004,Leganés,40.333851,-3.767785,0.02671,1991.0,74541.37027330587,28860.0,10701.0,28.0,2023,2023
2807403005,Leganés,40.332514,-3.76887,0.02247,781.0,34757.45438362261,23670.0,9443.0,24.5,2021,2021
2807403006,Leganés,40.335566,-3.771111,0.03434,1215.0,35381.47932440302,28462.0,11022.0,24.299999999999997,2023,2023
2807403007,Leganés,40.334544,-3.770514,0.02871,1251.0,43573.66771159875,31794.0,12497.0,17.799999999999997,2023,2023
2807403008,Leganés,40.333225,-3.770718,0.03348,1758.0,52508.960573476696,28123.0,10987.0,24.700000000000003,2023,2023
2807403012,Leganés,40.334732,-3.773292,0.0479,1890.0,39457.20250521921,30042.0,11274.0,25.799999999999997,2023,2023
2807403013,Leganés,40.332699,-3.771913,0.03924,1633.0,41615.69826707442,31373.0,11371.0,29.700000000000003,2023,2023
2807403014,Leganés,40.334046,-3.776543,0.10679,1739.0,16284.29628242345,41746.0,15195.0,10.700000000000003,2023,2023
2807403015,Leganés,40.339117,-3.763305,0.45386,1864.0,4106.993345965717,48124.0,17561.0,5.900000000000006,2023,2023
2807403016,Leganés,40.346919,-3.764111,1.09905,1545.0,1405.759519585096,50614.0,17362.0,5.299999999999997,2023,2023
2807403017,Leganés,40.341751,-3.764513,0.1505,1116.0,7415.282392026578,46195.0,15745.0,4.299999999999997,2023,2023
2807403018,Leganés,40.337287,-3.773427,0.16712,2157.0,12906.893250359024,37954.0,12329.0,8.400000000000006,2023,2023
2807403019,Leganés,40.340842,-3.774409,0.40233,1510.0,3753.1379713170777,68882.0,21605.0,3.5999999999999943,2023,2023
2807403020,Leganés,40.349899,-3.784843,2.28345,2924.0,1280.518513652587,59718.0,19321.0,4.599999999999994,2023,2023
2807403021,Leganés,40.34618,-3.772,0.40396,3295.0,8156.748192890385,51325.0,17396.0,4.799999999999997,2023,2023
2807403022,Leganés,40.334149,-3.778783,0.12305,2056.0,16708.655018285248,45635.0,16703.0,2.799999999999997,2023,2023
2807403023,Leganés,40.338413,-3.781581,0.27286,2880.0,10554.863299860735,59255.0,20879.0,3.299999999999997,2023,2023
2807403024,Leganés,40.344334,-3.794583,1.74548,2042.0,1169.8787726012329,41082.0,18209.0,1.4000000000000057,2023,2023
2807404001,Leganés,40.335297,-3.756242,0.01887,1227.0,65023.84737678855,30888.0,12976.0,15.799999999999997,2023,2023
2807404002,Leganés,40.336436,-3.756443,0.02068,1188.0,57446.80851063829,34507.0,13610.0,16.0,2023,2023
2807404003,Leganés,40.337324,-3.755167,0.02346,1114.0,47485.0809889173,34363.0,13931.0,12.599999999999994,2023,2023
2807404004,Leganés,40.33965,-3.753784,0.06506,923.0,14186.904395942205,32903.0,13254.0,14.0,2023,2023
2807404005,Leganés,40.340244,-3.750153,0.03549,1091.0,30741.053817976896,33864.0,14069.0,8.200000000000003,2023,2023
2807404006,Leganés,40.338801,-3.748893,0.02649,890.0,33597.58399395998,33309.0,13626.0,14.0,2023,2023
2807404007,Leganés,40.339135,-3.751756,0.01901,1022.0,53761.17832719621,37027.0,15244.0,7.0,2023,2023
2807404008,Leganés,40.33846,-3.749905,0.01985,943.0,47506.29722921915,32524.0,13155.0,12.599999999999994,2023,2023
2807404009,Leganés,40.338238,-3.751601,0.0215,1328.0,61767.44186046512,31544.0,12843.0,14.200000000000003,2023,2023
2807404010,Leganés,40.336795,-3.754,0.02829,1323.0,46765.64156945918,33265.0,13508.0,12.700000000000003,2023,2023
2807404011,Leganés,40.337124,-3.752471,0.03745,809.0,21602.136181575435,30687.0,13257.0,9.900000000000006,2023,2023
2807404012,Leganés,40.336891,-3.750722,0.02095,941.0,44916.46778042959,31949.0,12419.0,16.799999999999997,2023,2023
2807404013,Leganés,40.336834,-3.749019,0.02741,1228.0,44801.16745713243,36094.0,14320.0,14.299999999999997,2023,2023
2807404014,Leganés,40.335252,-3.754556,0.02172,922.0,42449.355432780845,33748.0,13615.0,10.5,2023,2023
2807404015,Leganés,40.335416,-3.752572,0.0265,1012.0,38188.67924528302,33505.0,13971.0,13.599999999999994,2023,2023
2807404016,Leganés,40.335079,-3.750926,0.02776,814.0,29322.76657060519,34621.0,14954.0,9.900000000000006,2023,2023
2807404017,Leganés,40.335488,-3.748808,0.02679,1278.0,47704.3673012318,36458.0,14720.0,8.700000000000003,2023,2023
2807404018,Leganés,40.334091,-3.756554,0.02508,1050.0,41866.02870813397,31477.0,12899.0,15.599999999999994,2023,2023
2807404019,Leganés,40.33256,-3.757455,0.02619,1292.0,49331.80603283696,34627.0,13932.0,12.599999999999994,2023,2023
2807404020,Leganés,40.332193,-3.756424,0.02009,994.0,49477.351916376305,35126.0,12995.0,15.700000000000003,2023,2023
2807404021,Leganés,40.333904,-3.754609,0.02628,1025.0,39003.04414003044,34298.0,14391.0,14.0,2023,2023
2807404022,Leganés,40.3339,-3.752644,0.0218,946.0,43394.49541284404,32541.0,13205.0,11.700000000000003,2023,2023
2807404023,Leganés,40.333918,-3.750682,0.02099,1183.0,56360.171510242966,30900.0,13176.0,9.5,2023,2023
2807404024,Leganés,40.334154,-3.748467,0.03194,1141.0,35723.23105823419,33666.0,14551.0,11.400000000000006,2023,2023
2807404025,Leganés,40.332585,-3.755147,0.01757,1109.0,63118.95276038703,33188.0,12783.0,16.400000000000006,2023,2023
2807404026,Leganés,40.33226,-3.753559,0.03081,936.0,30379.74683544304,34791.0,13827.0,14.599999999999994,2023,2023
2807404027,Leganés,40.332371,-3.751893,0.03099,850.0,27428.202646014845,35838.0,13248.0,16.0,2023,2023
2807404028,Leganés,40.332679,-3.750298,0.01877,1001.0,53329.78156632925,31593.0,13381.0,11.099999999999994,2023,2023
2807404029,Leganés,40.332104,-3.748839,0.0285,1101.0,38631.57894736842,33473.0,13677.0,7.299999999999997,2023,2023
2807404030,Leganés,40.332734,-3.747522,0.02689,1011.0,37597.61993306062,33014.0,14338.0,9.099999999999994,2023,2023
2807404031,Leganés,40.331106,-3.755196,0.0242,987.0,40785.12396694215,32700.0,12613.0,18.5,2023,2023
2807404032,Leganés,40.330648,-3.753652,0.02357,1304.0,55324.5651251591,33097.0,13336.0,10.299999999999997,2023,2023
2807404033,Leganés,40.33065,-3.751868,0.02257,1040.0,46078.8657509969,31924.0,13324.0,13.900000000000006,2023,2023
2807404034,Leganés,40.331187,-3.750268,0.024,1033.0,43041.666666666664,30962.0,13024.0,10.200000000000003,2023,2023
2807404035,Leganés,40.33013,-3.757099,0.01905,1187.0,62309.71128608924,33698.0,12864.0,12.200000000000003,2023,2023
2807404036,Leganés,40.330151,-3.755799,0.02139,1168.0,54604.95558672277,33601.0,13463.0,14.200000000000003,2023,2023
2807404037,Leganés,40.328915,-3.75516,0.05452,1202.0,22046.955245781366,40690.0,16073.0,9.099999999999994,2023,2023
2807404038,Leganés,40.329219,-3.751806,0.03693,1043.0,28242.62117519632,32810.0,13013.0,13.0,2023,2023
2807404039,Leganés,40.329257,-3.749589,0.02072,933.0,45028.95752895753,32170.0,13019.0,10.799999999999997,2023,2023
2807404040,Leganés,40.330317,-3.749358,0.02008,1065.0,53037.84860557769,34223.0,13921.0,7.900000000000006,2023,2023
2807404041,Leganés,40.330398,-3.747118,0.06438,953.0,14802.733768251008,31374.0,14183.0,7.099999999999994,2023,2023
2807405001,Leganés,40.339265,-3.746688,0.09658,1478.0,15303.3754400497,45392.0,17190.0,8.200000000000003,2023,2023
2807405002,Leganés,40.339533,-3.743025,0.11983,1903.0,15880.831177501459,47337.0,17871.0,7.200000000000003,2023,2023
2807405003,Leganés,40.35182,-3.735915,5.79962,1494.0,257.6030843400085,46127.0,17034.0,3.9000000000000057,2023,2023
2807405004,Leganés,40.336189,-3.746002,0.09008,909.0,10091.030195381883,50607.0,19305.0,5.400000000000006,2023,2023
2807405005,Leganés,40.336839,-3.743276,0.04551,1384.0,30410.898703581628,50356.0,18792.0,6.0,2023,2023
2807405006,Leganés,40.334666,-3.742434,0.0625,1283.0,20528.0,46580.0,18074.0,6.599999999999994,2023,2023
2807405007,Leganés,40.328415,-3.74132,2.05865,1802.0,875.3309207490345,38612.0,14260.0,12.299999999999997,2023,2023
2807405008,Leganés,40.335492,-3.737996,0.07062,897.0,12701.7841971113,53686.0,18937.0,5.5,2023,2023
2807405009,Leganés,40.343726,-3.745762,0.06088,1664.0,27332.45729303548,43848.0,15118.0,4.700000000000003,2023,2023
2807405010,Leganés,40.345745,-3.741996,0.16107,1142.0,7090.085056186752,54228.0,19077.0,2.9000000000000057,2023,2023
2807405011,Leganés,40.343663,-3.752734,0.11677,1478.0,12657.360623447803,35805.0,12686.0,7.200000000000003,2023,2023
2807405012,Leganés,40.345838,-3.751645,0.20604,1591.0,7721.801591923898,46283.0,15340.0,5.599999999999994,2023,2023
2807405013,Leganés,40.332548,-3.743242,0.26015,1154.0,4435.902364020757,51968.0,19595.0,2.5,2023,2023
2807405014,Leganés,40.337535,-3.741279,0.04371,1261.0,28849.233584991995,49917.0,18808.0,4.900000000000006,2023,2023
2807405015,Leganés,40.335403,-3.740304,0.05314,1204.0,22657.132103876553,53121.0,18433.0,4.400000000000006,2023,2023
2807405016,Leganés,40.341924,-3.7518,0.19805,1818.0,9179.50012623075,46732.0,15260.0,12.0,2023,2023
2807405017,Leganés,40.342551,-3.742461,0.23899,1650.0,6904.054562952425,46629.0,16055.0,6.099999999999994,2023,2023
2807405018,Leganés,40.319893,-3.754066,0.0618,1091.0,17653.721682847896,42063.0,14839.0,14.799999999999997,2023,2023
2807405019,Leganés,40.318556,-3.755083,0.19884,3094.0,15560.249446791391,51746.0,17316.0,3.5999999999999943,2023,2023
2807405020,Leganés,40.346423,-3.745437,0.08479,1816.0,21417.620002358766,42696.0,14146.0,6.200000000000003,2023,2023
2807406001,Leganés,40.360531,-3.779783,0.0479,1425.0,29749.478079331944,29429.0,11329.0,22.400000000000006,2023,2023
2807406002,Leganés,40.359328,-3.780641,0.02281,1093.0,47917.580008768084,27832.0,10764.0,21.700000000000003,2023,2023
2807406003,Leganés,40.355275,-3.767744,1.84647,2668.0,1444.919224249514,39694.0,13509.0,12.5,2023,2023
2807406004,Leganés,40.357389,-3.781363,0.03709,1639.0,44189.80857373955,28769.0,10476.0,27.200000000000003,2023,2023
2807406005,Leganés,40.357301,-3.779901,0.03446,1611.0,46749.8549042368,27240.0,9891.0,28.900000000000006,2023,2023
2807406006,Leganés,40.356968,-3.778751,0.02608,1240.0,47546.012269938656,28457.0,10449.0,28.099999999999994,2023,2023
2807406008,Leganés,40.356332,-3.776918,0.05011,2049.0,40890.041907802835,29142.0,10531.0,22.900000000000006,2023,2023
2807406010,Leganés,40.357173,-3.78729,0.24413,2129.0,8720.763527628722,39100.0,14037.0,10.200000000000003,2023,2023
2807407001,Leganés,40.322897,-3.778474,0.19404,1127.0,5808.080808080808,62897.0,22597.0,2.299999999999997,2023,2023
2807407002,Leganés,40.324236,-3.782165,0.17799,1750.0,9832.013034440137,56960.0,20173.0,2.9000000000000057,2023,2023
2807407003,Leganés,40.318046,-3.783015,0.30374,2042.0,6722.855073418054,60796.0,19266.0,2.299999999999997,2023,2023
2807407004,Leganés,40.320281,-3.788139,0.46179,2442.0,5288.117975703242,61697.0,18986.0,3.299999999999997,2023,2023
2807407005,Leganés,40.313775,-3.794244,0.76267,2849.0,3735.560596326065,58182.0,18827.0,3.5999999999999943,2023,2023
2807407006,Leganés,40.314432,-3.786434,0.07325,1549.0,21146.75767918089,47036.0,16043.0,3.299999999999997,2023,2023
2807407007,Leganés,40.31107,-3.786778,0.28633,1657.0,5787.028952607132,47735.0,15424.0,7.099999999999994,2023,2023
2807901001,Madrid,40.417426,-3.716572,0.65435,1135.0,1734.5457324062047,59502.0,27408.0,22.0,2023,2023
2807901002,Madrid,40.421787,-3.710734,0.02756,906.0,32873.73004354136,43377.0,20951.0,27.900000000000006,2023,2023
2807901003,Madrid,40.420646,-3.708758,0.07454,1854.0,24872.551650120742,46211.0,21921.0,32.7,2023,2023
2807901004,Madrid,40.419326,-3.710478,0.04971,1252.0,25186.079259706297,69425.0,32264.0,18.400000000000006,2023,2023
2807901006,Madrid,40.417296,-3.710043,0.04883,1702.0,34855.62154413271,56913.0,28844.0,21.0,2023,2023
2807901007,Madrid,40.416104,-3.710435,0.02105,845.0,40142.517814726845,49645.0,25414.0,19.400000000000006,2023,2023
2807901008,Madrid,40.41483,-3.709052,0.02763,785.0,28411.14730365545,58264.0,29172.0,21.700000000000003,2023,2023
2807901009,Madrid,40.414298,-3.710951,0.06896,1392.0,20185.614849187936,48943.0,24639.0,20.5,2023,2023
2807901011,Madrid,40.41262,-3.710436,0.04648,1108.0,23838.209982788296,45259.0,22651.0,22.099999999999994,2023,2023
2807901012,Madrid,40.412152,-3.708618,0.02474,780.0,31527.89005658852,42477.0,19722.0,26.299999999999997,2023,2023
2807901013,Madrid,40.410337,-3.710015,0.03296,1202.0,36468.446601941745,36166.0,18695.0,24.700000000000003,2023,2023
2807901014,Madrid,40.410675,-3.711537,0.02806,1400.0,49893.08624376336,44800.0,22182.0,17.900000000000006,2023,2023
2807901015,Madrid,40.411474,-3.713032,0.0431,1441.0,33433.8747099768,45275.0,22803.0,19.700000000000003,2023,2023
2807901016,Madrid,40.413115,-3.712523,0.02535,1122.0,44260.3550295858,45698.0,22152.0,21.200000000000003,2023,2023
2807901018,Madrid,40.411675,-3.715556,0.14571,1717.0,11783.679912154279,43401.0,23133.0,14.700000000000003,2023,2023
2807901019,Madrid,40.409205,-3.716073,0.04113,1320.0,32093.362509117433,45613.0,23608.0,16.099999999999994,2023,2023
2807901020,Madrid,40.409243,-3.713342,0.03435,1249.0,36360.98981077147,39492.0,19828.0,18.200000000000003,2023,2023
2807901021,Madrid,40.408158,-3.712073,0.05269,1745.0,33118.23875498197,46313.0,22574.0,15.0,2023,2023
2807901022,Madrid,40.407357,-3.710052,0.04545,1255.0,27612.761276127614,39688.0,20127.0,22.5,2023,2023
2807901023,Madrid,40.409031,-3.709313,0.02281,1448.0,63480.9294169224,35945.0,17762.0,30.099999999999994,2023,2023
2807901024,Madrid,40.410289,-3.708175,0.02087,1195.0,57259.22376617154,37786.0,20177.0,25.099999999999994,2023,2023
2807901025,Madrid,40.412173,-3.70661,0.04174,1047.0,25083.852419741255,53715.0,23511.0,26.599999999999994,2023,2023
2807901026,Madrid,40.413366,-3.704869,0.049,1444.0,29469.38775510204,53276.0,25825.0,29.200000000000003,2023,2023
2807901027,Madrid,40.412892,-3.701729,0.03367,1174.0,34867.83486783487,46731.0,24472.0,27.5,2023,2023
2807901028,Madrid,40.411611,-3.704868,0.03425,1310.0,38248.17518248175,42698.0,20183.0,28.700000000000003,2023,2023
2807901029,Madrid,40.410572,-3.705868,0.02281,1360.0,59622.972380534855,38759.0,17822.0,27.900000000000006,2023,2023
2807901030,Madrid,40.409372,-3.70591,0.01762,1013.0,57491.48694665153,33369.0,15093.0,28.700000000000003,2023,2023
2807901031,Madrid,40.409421,-3.707454,0.02723,1138.0,41792.141020932795,30544.0,14509.0,26.400000000000006,2023,2023
2807901032,Madrid,40.407097,-3.707583,0.05665,2130.0,37599.29390997352,45036.0,21018.0,21.099999999999994,2023,2023
2807901033,Madrid,40.408849,-3.705738,0.0181,1234.0,68176.7955801105,33457.0,16616.0,31.099999999999994,2023,2023
2807901034,Madrid,40.409631,-3.703527,0.02215,1541.0,69571.10609480813,30419.0,13443.0,41.4,2023,2023
2807901035,Madrid,40.408332,-3.703599,0.03041,1416.0,46563.63038474186,32487.0,15044.0,26.5,2023,2023
2807901036,Madrid,40.408139,-3.705316,0.01649,1209.0,73317.1619163129,33117.0,16232.0,30.400000000000006,2023,2023
2807901037,Madrid,40.407214,-3.705041,0.01597,1072.0,67125.86098935503,35910.0,16731.0,25.5,2023,2023
2807901038,Madrid,40.407415,-3.702612,0.01292,1269.0,98219.81424148608,30258.0,14374.0,35.099999999999994,2023,2023
2807901039,Madrid,40.406138,-3.7036,0.08579,1039.0,12110.968644364144,33597.0,15843.0,28.700000000000003,2023,2023
2807901040,Madrid,40.406196,-3.700882,0.01313,827.0,62985.52932216299,37356.0,16968.0,28.700000000000003,2023,2023
2807901041,Madrid,40.407087,-3.700222,0.01884,983.0,52176.22080679406,37852.0,18326.0,32.2,2023,2023
2807901042,Madrid,40.408339,-3.701449,0.01679,1010.0,60154.85407980941,37486.0,17525.0,28.900000000000006,2023,2023
2807901043,Madrid,40.410008,-3.702925,0.01441,1169.0,81124.21929215823,31367.0,14527.0,38.1,2023,2023
2807901045,Madrid,40.411965,-3.701478,0.02647,1308.0,49414.43143180959,40026.0,20306.0,31.299999999999997,2023,2023
2807901046,Madrid,40.411008,-3.699385,0.02201,1492.0,67787.36937755566,37419.0,18432.0,29.200000000000003,2023,2023
2807901047,Madrid,40.41098,-3.70208,0.0305,2200.0,72131.14754098361,34640.0,16362.0,36.1,2023,2023
2807901048,Madrid,40.409787,-3.70157,0.01532,1189.0,77610.96605744126,33198.0,15085.0,30.400000000000006,2023,2023
2807901049,Madrid,40.410163,-3.700332,0.01469,1280.0,87134.10483321988,31453.0,15765.0,36.5,2023,2023
2807901050,Madrid,40.409103,-3.700171,0.01954,1341.0,68628.45445240533,32455.0,15556.0,34.400000000000006,2023,2023
2807901051,Madrid,40.409743,-3.698785,0.01572,1430.0,90966.92111959287,31211.0,15102.0,38.4,2023,2023
2807901053,Madrid,40.408959,-3.697242,0.04987,1331.0,26689.392420292763,38933.0,19864.0,29.799999999999997,2023,2023
2807901054,Madrid,40.408131,-3.699017,0.01486,864.0,58142.664872139976,34905.0,16904.0,30.0,2023,2023
2807901055,Madrid,40.40748,-3.698685,0.01583,1051.0,66392.92482627921,40689.0,20623.0,19.5,2023,2023
2807901056,Madrid,40.406626,-3.698813,0.01805,893.0,49473.68421052631,40859.0,19564.0,14.900000000000006,2023,2023
2807901057,Madrid,40.407698,-3.69552,0.06178,1411.0,22839.10650696018,44222.0,22480.0,16.5,2023,2023
2807901058,Madrid,40.409407,-3.694321,0.04327,710.0,16408.59718049457,47768.0,21568.0,21.799999999999997,2023,2023
2807901059,Madrid,40.411026,-3.697604,0.03593,1554.0,43250.76537712219,41742.0,20439.0,26.599999999999994,2023,2023
2807901061,Madrid,40.410899,-3.695444,0.01744,837.0,47993.119266055044,47978.0,23012.0,24.599999999999994,2023,2023
2807901062,Madrid,40.410737,-3.693663,0.04321,950.0,21985.65146956723,41465.0,22488.0,24.099999999999994,2023,2023
2807901063,Madrid,40.412136,-3.694076,0.02547,754.0,29603.45504515116,46356.0,22437.0,26.900000000000006,2023,2023
2807901064,Madrid,40.413209,-3.694934,0.04024,810.0,20129.224652087476,48540.0,24909.0,25.299999999999997,2023,2023
2807901065,Madrid,40.413732,-3.697804,0.02039,755.0,37027.95487984306,47379.0,24155.0,25.700000000000003,2023,2023
2807901066,Madrid,40.412232,-3.697139,0.03341,1262.0,37773.12181981443,38103.0,19083.0,30.900000000000006,2023,2023
2807901067,Madrid,40.413455,-3.700433,0.04168,1210.0,29030.71017274472,45373.0,21874.0,31.900000000000006,2023,2023
2807901068,Madrid,40.414473,-3.698955,0.03251,806.0,24792.37157797601,58863.0,27954.0,28.799999999999997,2023,2023
2807901069,Madrid,40.415337,-3.700958,0.03953,967.0,24462.433594738173,43001.0,22508.0,37.9,2023,2023
2807901071,Madrid,40.414619,-3.695261,0.05776,743.0,12863.573407202217,65228.0,30695.0,21.0,2023,2023
2807901072,Madrid,40.417227,-3.69672,0.23572,1507.0,6393.178347191583,64080.0,31803.0,25.700000000000003,2023,2023
2807901073,Madrid,40.42162,-3.693952,0.14964,1731.0,11567.76263031275,86421.0,36918.0,21.700000000000003,2023,2023
2807901074,Madrid,40.420093,-3.697774,0.07893,1655.0,20967.946281515266,58750.0,28826.0,32.400000000000006,2023,2023
2807901075,Madrid,40.422105,-3.700409,0.03209,1412.0,44001.24649423496,38755.0,19790.0,34.5,2023,2023
2807901076,Madrid,40.421459,-3.699211,0.0317,1375.0,43375.394321766566,44341.0,21521.0,35.0,2023,2023
2807901077,Madrid,40.421893,-3.696969,0.0361,1284.0,35567.86703601108,55898.0,27740.0,22.299999999999997,2023,2023
2807901079,Madrid,40.423694,-3.696626,0.03829,1458.0,38077.82710890572,54378.0,27616.0,27.799999999999997,2023,2023
2807901081,Madrid,40.423513,-3.698517,0.03398,1578.0,46439.08181283107,41472.0,21084.0,32.900000000000006,2023,2023
2807901082,Madrid,40.424961,-3.698741,0.05606,1656.0,29539.778808419553,47505.0,23494.0,28.599999999999994,2023,2023
2807901084,Madrid,40.424885,-3.693452,0.11693,1535.0,13127.512186778415,69800.0,34311.0,19.299999999999997,2023,2023
2807901087,Madrid,40.426505,-3.69667,0.06948,1413.0,20336.78756476684,81969.0,35441.0,22.900000000000006,2023,2023
2807901088,Madrid,40.426965,-3.699489,0.05937,1129.0,19016.338217955195,63317.0,31845.0,22.299999999999997,2023,2023
2807901089,Madrid,40.428062,-3.700804,0.03482,1446.0,41527.85755313039,53929.0,27528.0,20.200000000000003,2023,2023
2807901090,Madrid,40.428211,-3.702911,0.02765,792.0,28643.76130198915,51787.0,24702.0,22.5,2023,2023
2807901091,Madrid,40.428798,-3.705134,0.02378,1034.0,43481.91757779647,44476.0,23173.0,21.200000000000003,2023,2023
2807901092,Madrid,40.428227,-3.704393,0.01039,777.0,74783.44562078922,42696.0,21920.0,25.099999999999994,2023,2023
2807901093,Madrid,40.426802,-3.702635,0.02686,1562.0,58153.387937453466,39701.0,20706.0,30.400000000000006,2023,2023
2807901094,Madrid,40.424692,-3.70174,0.03451,1504.0,43581.57055925819,46821.0,24220.0,27.799999999999997,2023,2023
2807901095,Madrid,40.422739,-3.701575,0.03197,1435.0,44885.83046606193,43142.0,22367.0,28.299999999999997,2023,2023
2807901096,Madrid,40.42297,-3.703112,0.02069,1114.0,53842.435959400675,40474.0,19209.0,36.5,2023,2023
2807901097,Madrid,40.424031,-3.70389,0.02651,1461.0,55111.278762731046,39095.0,20242.0,25.299999999999997,2023,2023
2807901098,Madrid,40.424719,-3.704666,0.01775,1162.0,65464.78873239437,36962.0,19401.0,28.099999999999994,2023,2023
2807901099,Madrid,40.424836,-3.706457,0.02381,1296.0,54430.91138177236,36932.0,18677.0,27.200000000000003,2023,2023
2807901100,Madrid,40.425739,-3.70557,0.02394,1177.0,49164.57811194653,38648.0,21103.0,23.599999999999994,2023,2023
2807901101,Madrid,40.425731,-3.702935,0.02101,1279.0,60875.773441218465,37997.0,18919.0,34.599999999999994,2023,2023
2807901102,Madrid,40.426936,-3.705116,0.04262,1114.0,26137.96339746598,40685.0,20399.0,27.299999999999997,2023,2023
2807901103,Madrid,40.428665,-3.706955,0.03558,1357.0,38139.404159640246,59257.0,30158.0,17.5,2023,2023
2807901104,Madrid,40.426783,-3.707808,0.02227,1251.0,56174.22541535698,41265.0,21363.0,25.299999999999997,2023,2023
2807901105,Madrid,40.427589,-3.709063,0.03382,1277.0,37758.72264931993,47337.0,27175.0,18.5,2023,2023
2807901106,Madrid,40.429031,-3.708625,0.02177,1150.0,52824.98851630684,60787.0,29154.0,14.400000000000006,2023,2023
2807901107,Madrid,40.429461,-3.712972,0.08799,1176.0,13365.155131264917,62647.0,29697.0,12.799999999999997,2023,2023
2807901108,Madrid,40.427416,-3.711738,0.10776,1373.0,12741.276911655532,52152.0,24873.0,21.700000000000003,2023,2023
2807901109,Madrid,40.426279,-3.709593,0.0159,1019.0,64088.05031446541,43763.0,20515.0,26.700000000000003,2023,2023
2807901110,Madrid,40.425266,-3.708448,0.04049,847.0,20918.74536922697,40585.0,19648.0,23.0,2023,2023
2807901111,Madrid,40.424625,-3.710907,0.03681,987.0,26813.36593317033,43516.0,22533.0,27.200000000000003,2023,2023
2807901112,Madrid,40.423215,-3.708768,0.05233,1110.0,21211.54213644181,46789.0,22104.0,25.200000000000003,2023,2023
2807901113,Madrid,40.423518,-3.706589,0.02276,1066.0,46836.5553602812,45480.0,21896.0,31.0,2023,2023
2807901114,Madrid,40.422462,-3.704857,0.03388,1642.0,48465.17119244392,48907.0,23812.0,30.599999999999994,2023,2023
2807901115,Madrid,40.421529,-3.706355,0.04881,1049.0,21491.497643925424,45936.0,22587.0,28.799999999999997,2023,2023
2807901116,Madrid,40.421002,-3.703042,0.05404,1399.0,25888.230940044414,41867.0,20752.0,36.3,2023,2023
2807901117,Madrid,40.419292,-3.705268,0.10125,1599.0,15792.592592592591,45007.0,21549.0,28.599999999999994,2023,2023
2807901118,Madrid,40.41905,-3.700968,0.03522,894.0,25383.304940374786,41118.0,20173.0,37.9,2023,2023
2807901119,Madrid,40.416939,-3.701821,0.08756,1105.0,12619.91777067154,36563.0,16727.0,42.9,2023,2023
2807901120,Madrid,40.415595,-3.704376,0.05006,828.0,16540.151817818616,43736.0,21838.0,33.0,2023,2023
2807901121,Madrid,40.414955,-3.706781,0.0709,1791.0,25260.930888575458,44120.0,20959.0,33.8,2023,2023
2807901123,Madrid,40.416758,-3.706935,0.03287,755.0,22969.272893215697,45124.0,21721.0,28.299999999999997,2023,2023
2807901124,Madrid,40.417821,-3.705568,0.0679,770.0,11340.20618556701,56930.0,25639.0,29.900000000000006,2023,2023
2807902001,Madrid,40.413204,-3.718187,0.02786,1185.0,42534.099066762385,46334.0,23066.0,17.900000000000006,2023,2023
2807902002,Madrid,40.412814,-3.719626,0.02706,1469.0,54286.77014042868,40705.0,20553.0,16.099999999999994,2023,2023
2807902003,Madrid,40.411714,-3.721687,0.08498,1144.0,13461.991056719227,56604.0,23424.0,10.299999999999997,2023,2023
2807902004,Madrid,40.410889,-3.720901,0.01508,1015.0,67307.69230769231,56261.0,21730.0,9.900000000000006,2023,2023
2807902005,Madrid,40.411427,-3.720001,0.01149,804.0,69973.89033942559,50556.0,22075.0,11.700000000000003,2023,2023
2807902006,Madrid,40.410711,-3.719231,0.04008,2102.0,52445.109780439125,53028.0,22701.0,7.5,2023,2023
2807902007,Madrid,40.409051,-3.720122,0.01435,739.0,51498.25783972126,60223.0,22594.0,6.599999999999994,2023,2023
2807902008,Madrid,40.408449,-3.716802,0.03139,1626.0,51799.936285441225,44458.0,20805.0,13.799999999999997,2023,2023
2807902009,Madrid,40.406939,-3.718124,0.13378,1862.0,13918.37344894603,63202.0,27771.0,4.400000000000006,2023,2023
2807902010,Madrid,40.406148,-3.721342,0.09067,1081.0,11922.355795742804,50548.0,21254.0,7.5,2023,2023
2807902011,Madrid,40.401681,-3.719296,0.17926,1201.0,6699.765703447506,64801.0,25059.0,6.900000000000006,2023,2023
2807902013,Madrid,40.40408,-3.713745,0.02131,1196.0,56123.88549976537,53277.0,24706.0,6.200000000000003,2023,2023
2807902014,Madrid,40.405659,-3.712879,0.02539,1084.0,42693.974005513985,44144.0,20339.0,15.799999999999997,2023,2023
2807902015,Madrid,40.40556,-3.710535,0.04714,1589.0,33708.10352142554,53031.0,22034.0,8.700000000000003,2023,2023
2807902016,Madrid,40.398362,-3.709682,0.25238,1992.0,7892.859973056502,66756.0,27315.0,5.599999999999994,2023,2023
2807902017,Madrid,40.398294,-3.705899,0.04456,1746.0,39183.12387791741,60431.0,24012.0,5.400000000000006,2023,2023
2807902018,Madrid,40.400404,-3.706165,0.10665,1940.0,18190.342240975155,67889.0,28590.0,5.299999999999997,2023,2023
2807902019,Madrid,40.402557,-3.706439,0.03728,1431.0,38385.19313304721,64023.0,28215.0,3.700000000000003,2023,2023
2807902020,Madrid,40.40487,-3.705462,0.03477,1090.0,31348.863963186654,56017.0,25116.0,8.299999999999997,2023,2023
2807902021,Madrid,40.403344,-3.704621,0.01612,1098.0,68114.14392059554,44550.0,21215.0,12.599999999999994,2023,2023
2807902022,Madrid,40.403631,-3.703916,0.01314,1080.0,82191.78082191781,38444.0,17749.0,23.099999999999994,2023,2023
2807902023,Madrid,40.40412,-3.702893,0.02452,1201.0,48980.42414355628,42564.0,20151.0,14.700000000000003,2023,2023
2807902024,Madrid,40.402799,-3.701817,0.02618,1655.0,63216.19556913675,47068.0,22492.0,11.200000000000003,2023,2023
2807902025,Madrid,40.402162,-3.702824,0.01205,800.0,66390.04149377593,46446.0,19468.0,18.099999999999994,2023,2023
2807902026,Madrid,40.401582,-3.700885,0.02242,1307.0,58296.16413916147,44504.0,21960.0,11.0,2023,2023
2807902027,Madrid,40.400687,-3.703086,0.02073,962.0,46406.17462614569,49361.0,21950.0,6.900000000000006,2023,2023
2807902028,Madrid,40.399991,-3.703223,0.01213,957.0,78895.30090684255,30786.0,16275.0,27.599999999999994,2023,2023
2807902029,Madrid,40.398748,-3.702322,0.0123,758.0,61626.0162601626,33432.0,16042.0,23.900000000000006,2023,2023
2807902030,Madrid,40.400225,-3.701393,0.01798,1272.0,70745.27252502782,47401.0,21387.0,7.700000000000003,2023,2023
2807902031,Madrid,40.400606,-3.700438,0.01417,1083.0,76429.07551164432,54435.0,23548.0,4.700000000000003,2023,2023
2807902032,Madrid,40.400005,-3.699381,0.01357,630.0,46425.93957258658,50505.0,22620.0,7.599999999999994,2023,2023
2807902033,Madrid,40.3992,-3.699444,0.01612,1245.0,77233.2506203474,48309.0,21575.0,8.299999999999997,2023,2023
2807902034,Madrid,40.398436,-3.698745,0.01286,892.0,69362.36391912909,53139.0,22171.0,8.900000000000006,2023,2023
2807902035,Madrid,40.398569,-3.700468,0.01305,988.0,75708.81226053639,42488.0,18649.0,11.700000000000003,2023,2023
2807902036,Madrid,40.397791,-3.700976,0.01687,936.0,55483.10610551274,45911.0,20514.0,8.799999999999997,2023,2023
2807902037,Madrid,40.396666,-3.701715,0.02988,1260.0,42168.67469879518,51361.0,22135.0,8.700000000000003,2023,2023
2807902038,Madrid,40.396309,-3.700317,0.01946,1014.0,52106.88591983556,42601.0,19129.0,11.700000000000003,2023,2023
2807902039,Madrid,40.39766,-3.698872,0.01217,728.0,59819.22760887428,48899.0,21275.0,9.099999999999994,2023,2023
2807902040,Madrid,40.396591,-3.699021,0.02248,1721.0,76556.93950177936,43436.0,20107.0,11.200000000000003,2023,2023
2807902041,Madrid,40.396906,-3.697472,0.02834,1986.0,70077.62879322513,40065.0,18788.0,19.0,2023,2023
2807902042,Madrid,40.395003,-3.699133,0.02866,1800.0,62805.3035589672,43329.0,19052.0,12.900000000000006,2023,2023
2807902043,Madrid,40.39568,-3.697177,0.01506,969.0,64342.62948207171,39630.0,18078.0,14.400000000000006,2023,2023
2807902044,Madrid,40.39448,-3.697341,0.02857,1721.0,60238.011900595026,43740.0,16905.0,17.400000000000006,2023,2023
2807902045,Madrid,40.39484,-3.695766,0.01873,1078.0,57554.725040042715,42516.0,16671.0,22.799999999999997,2023,2023
2807902046,Madrid,40.39345,-3.695928,0.02248,1310.0,58274.02135231317,33303.0,14821.0,22.099999999999994,2023,2023
2807902047,Madrid,40.392835,-3.699375,0.26655,1629.0,6111.423747889701,35085.0,14339.0,26.700000000000003,2023,2023
2807902048,Madrid,40.390756,-3.69342,0.0247,1213.0,49109.31174089069,42348.0,17265.0,19.900000000000006,2023,2023
2807902049,Madrid,40.390749,-3.687314,0.05907,1682.0,28474.691044523446,65890.0,24049.0,4.0,2023,2023
2807902050,Madrid,40.392378,-3.694331,0.02594,1579.0,60871.241326137235,37885.0,16226.0,25.099999999999994,2023,2023
2807902051,Madrid,40.39488,-3.692158,0.11841,1983.0,16746.896376995184,58090.0,22860.0,8.799999999999997,2023,2023
2807902052,Madrid,40.395436,-3.689544,0.04573,1715.0,37502.73343538159,65739.0,24970.0,5.0,2023,2023
2807902053,Madrid,40.398423,-3.692981,0.05509,1647.0,29896.53294608822,51828.0,23416.0,9.200000000000003,2023,2023
2807902054,Madrid,40.396765,-3.693597,0.01869,1138.0,60888.17549491707,44924.0,19935.0,17.099999999999994,2023,2023
2807902055,Madrid,40.39563,-3.693704,0.01654,1266.0,76541.7170495768,46875.0,19751.0,15.200000000000003,2023,2023
2807902056,Madrid,40.395592,-3.695107,0.0157,1077.0,68598.72611464969,44391.0,20070.0,14.900000000000006,2023,2023
2807902057,Madrid,40.396912,-3.695463,0.02425,1532.0,63175.25773195876,43099.0,17133.0,21.799999999999997,2023,2023
2807902058,Madrid,40.398023,-3.695374,0.02153,1598.0,74222.01579191825,40509.0,18653.0,20.5,2023,2023
2807902059,Madrid,40.398133,-3.696962,0.01166,720.0,61749.571183533444,43663.0,19284.0,15.799999999999997,2023,2023
2807902060,Madrid,40.398956,-3.69612,0.02456,1297.0,52809.44625407166,49928.0,22281.0,14.599999999999994,2023,2023
2807902061,Madrid,40.39959,-3.695181,0.01516,870.0,57387.862796833775,40726.0,20077.0,17.400000000000006,2023,2023
2807902062,Madrid,40.400397,-3.695095,0.01805,1063.0,58891.96675900277,40885.0,18171.0,20.700000000000003,2023,2023
2807902063,Madrid,40.400222,-3.69757,0.03899,1705.0,43729.161323416265,41273.0,20091.0,18.599999999999994,2023,2023
2807902064,Madrid,40.401473,-3.697429,0.02828,1720.0,60820.36775106082,44551.0,20874.0,14.099999999999994,2023,2023
2807902065,Madrid,40.40124,-3.694038,0.02834,1432.0,50529.28722653493,44566.0,22960.0,16.799999999999997,2023,2023
2807902066,Madrid,40.401107,-3.68931,0.06152,2458.0,39954.48634590377,54711.0,24490.0,13.900000000000006,2023,2023
2807902067,Madrid,40.402774,-3.689471,0.06139,1384.0,22544.38833686268,36938.0,16855.0,19.200000000000003,2023,2023
2807902068,Madrid,40.40232,-3.691571,0.01543,1130.0,73233.95981853532,35586.0,16802.0,26.0,2023,2023
2807902069,Madrid,40.402402,-3.693035,0.01543,891.0,57744.65327284511,49760.0,21401.0,15.0,2023,2023
2807902070,Madrid,40.402287,-3.695364,0.04242,1337.0,31518.151815181518,45098.0,21018.0,12.299999999999997,2023,2023
2807902071,Madrid,40.402656,-3.69895,0.0464,1407.0,30323.275862068967,49492.0,22799.0,12.099999999999994,2023,2023
2807902072,Madrid,40.404345,-3.70037,0.07183,1621.0,22567.17249060281,46688.0,22008.0,12.299999999999997,2023,2023
2807902073,Madrid,40.404766,-3.69755,0.05352,1749.0,32679.372197309418,48972.0,23358.0,12.299999999999997,2023,2023
2807902074,Madrid,40.403454,-3.695533,0.04119,1729.0,41976.207817431416,45160.0,21279.0,15.400000000000006,2023,2023
2807902075,Madrid,40.403479,-3.692186,0.03052,1900.0,62254.25950196593,46197.0,19945.0,18.599999999999994,2023,2023
2807902077,Madrid,40.404549,-3.691362,0.01519,1145.0,75378.53851217906,42844.0,19628.0,18.700000000000003,2023,2023
2807902078,Madrid,40.404629,-3.692807,0.01478,846.0,57239.512855209745,43124.0,20563.0,20.700000000000003,2023,2023
2807902079,Madrid,40.404701,-3.69466,0.02399,1200.0,50020.84201750729,45294.0,20730.0,14.200000000000003,2023,2023
2807902080,Madrid,40.406204,-3.695779,0.04703,926.0,19689.559855411437,51371.0,21777.0,14.0,2023,2023
2807902081,Madrid,40.406077,-3.693974,0.02122,1100.0,51837.88878416588,48042.0,21944.0,19.200000000000003,2023,2023
2807902082,Madrid,40.405941,-3.692462,0.02929,1205.0,41140.320928644585,39204.0,18205.0,22.5,2023,2023
2807902083,Madrid,40.400286,-3.682312,0.84608,2027.0,2395.754538577912,55698.0,21254.0,11.400000000000006,2023,2023
2807902085,Madrid,40.400195,-3.707164,0.02672,1215.0,45471.55688622755,64508.0,25589.0,5.5,2023,2023
2807902086,Madrid,40.398772,-3.707992,0.03052,1278.0,41874.18086500656,50943.0,22928.0,9.299999999999997,2023,2023
2807902087,Madrid,40.402996,-3.711749,0.08898,2188.0,24589.795459653855,70900.0,28439.0,4.400000000000006,2023,2023
2807902088,Madrid,40.399265,-3.701697,0.00945,713.0,75449.73544973545,48060.0,20471.0,12.599999999999994,2023,2023
2807902089,Madrid,40.404714,-3.714622,0.01572,1045.0,66475.82697201017,55942.0,23921.0,8.200000000000003,2023,2023
2807902090,Madrid,40.405292,-3.719754,0.03631,1776.0,48912.14541448637,55256.0,21556.0,4.700000000000003,2023,2023
2807902091,Madrid,40.397581,-3.703314,0.02246,1131.0,50356.188780053424,52860.0,23530.0,5.299999999999997,2023,2023
2807902092,Madrid,40.402424,-3.704662,0.03713,1853.0,49905.73660113115,53603.0,23892.0,8.200000000000003,2023,2023
2807902093,Madrid,40.387296,-3.687723,0.0881,1462.0,16594.77866061294,54392.0,20673.0,3.700000000000003,2023,2023
2807902094,Madrid,40.404571,-3.709498,0.0361,1686.0,46703.60110803324,81034.0,29997.0,2.200000000000003,2023,2023
2807902095,Madrid,40.406424,-3.714847,0.07913,1787.0,22583.09111588525,65070.0,27279.0,7.799999999999997,2023,2023
2807902096,Madrid,40.400244,-3.709493,0.04582,1694.0,36970.75512876473,83462.0,30305.0,2.5999999999999943,2023,2023
2807902097,Madrid,40.393505,-3.690071,0.0257,1142.0,44435.797665369646,65210.0,24677.0,7.0,2023,2023
2807902098,Madrid,40.396257,-3.682213,0.04506,1348.0,29915.667998224588,63180.0,25956.0,15.400000000000006,2023,2023
2807902099,Madrid,40.385206,-3.690817,0.19502,2112.0,10829.658496564454,62219.0,23269.0,11.5,2023,2023
2807902100,Madrid,40.389153,-3.695232,0.11291,1732.0,15339.651049508459,62199.0,24648.0,10.900000000000006,2023,2023
2807902101,Madrid,40.391821,-3.690673,0.06326,1590.0,25134.3661081252,71639.0,27627.0,8.0,2023,2023
2807902102,Madrid,40.385013,-3.686475,0.07517,1705.0,22681.92097911401,69522.0,25075.0,3.5,2023,2023
2807902103,Madrid,40.390128,-3.682452,0.58606,2564.0,4374.978671125823,70972.0,29224.0,9.799999999999997,2023,2023
2807902104,Madrid,40.389081,-3.689733,0.09262,1400.0,15115.52580436191,66863.0,26870.0,6.700000000000003,2023,2023
2807902105,Madrid,40.396226,-3.687206,0.33076,1662.0,5024.7913895271495,60354.0,23954.0,10.799999999999997,2023,2023
2807902106,Madrid,40.398878,-3.686681,0.17317,2350.0,13570.47987526708,65342.0,26243.0,5.400000000000006,2023,2023
2807902107,Madrid,40.402738,-3.716079,0.13233,1321.0,9982.619209551878,74720.0,29169.0,8.900000000000006,2023,2023
2807902108,Madrid,40.402617,-3.708529,0.02818,978.0,34705.46486870121,72177.0,31359.0,5.0,2023,2023
2807902109,Madrid,40.404745,-3.707495,0.02815,1378.0,48952.04262877442,59829.0,26730.0,9.400000000000006,2023,2023
2807902110,Madrid,40.390778,-3.690106,0.03721,1611.0,43294.81322225208,72262.0,29059.0,5.0,2023,2023
2807902111,Madrid,40.387851,-3.693406,0.05182,1374.0,26514.859127749904,59130.0,25492.0,7.299999999999997,2023,2023
2807902112,Madrid,40.392653,-3.692314,0.02768,1521.0,54949.42196531792,65751.0,25716.0,4.299999999999997,2023,2023
2807903001,Madrid,40.401884,-3.679739,0.0237,1678.0,70801.68776371308,73700.0,30934.0,4.299999999999997,2023,2023
2807903002,Madrid,40.405981,-3.684054,0.06907,886.0,12827.566237150715,46034.0,21490.0,17.700000000000003,2023,2023
2807903003,Madrid,40.406492,-3.681182,0.01772,917.0,51749.43566591422,56726.0,24185.0,14.299999999999997,2023,2023
2807903004,Madrid,40.406403,-3.680068,0.02081,1005.0,48294.089380105725,45557.0,21945.0,16.700000000000003,2023,2023
2807903005,Madrid,40.404929,-3.681054,0.00989,700.0,70778.56420626896,42189.0,20161.0,19.599999999999994,2023,2023
2807903006,Madrid,40.404229,-3.68246,0.02798,2012.0,71908.5060757684,54009.0,24301.0,7.200000000000003,2023,2023
2807903007,Madrid,40.404514,-3.680004,0.01357,1021.0,75239.49889462048,36702.0,16951.0,24.400000000000006,2023,2023
2807903008,Madrid,40.405484,-3.679325,0.01555,1082.0,69581.99356913184,47726.0,22925.0,13.099999999999994,2023,2023
2807903009,Madrid,40.406547,-3.678607,0.01799,1009.0,56086.71484157866,52080.0,23088.0,13.900000000000006,2023,2023
2807903010,Madrid,40.406957,-3.676884,0.02119,1017.0,47994.336951392164,53967.0,25737.0,6.400000000000006,2023,2023
2807903011,Madrid,40.405946,-3.677254,0.01723,1057.0,61346.48868253047,47981.0,21999.0,12.200000000000003,2023,2023
2807903012,Madrid,40.404949,-3.678043,0.0157,1010.0,64331.210191082806,55925.0,24202.0,10.5,2023,2023
2807903013,Madrid,40.403995,-3.678789,0.0141,1043.0,73971.63120567377,51460.0,22359.0,8.0,2023,2023
2807903014,Madrid,40.403309,-3.677396,0.02081,1280.0,61508.88995675157,54371.0,23160.0,10.200000000000003,2023,2023
2807903015,Madrid,40.404396,-3.67683,0.01453,1051.0,72333.1039229181,45043.0,19429.0,18.599999999999994,2023,2023
2807903016,Madrid,40.405379,-3.676011,0.01499,818.0,54569.71314209473,35779.0,16352.0,15.5,2023,2023
2807903017,Madrid,40.406496,-3.675033,0.01865,1234.0,66166.2198391421,53831.0,23438.0,10.700000000000003,2023,2023
2807903018,Madrid,40.406139,-3.673698,0.02667,1820.0,68241.46981627296,43153.0,20904.0,12.099999999999994,2023,2023
2807903019,Madrid,40.405681,-3.672023,0.04904,1794.0,36582.38172920065,58751.0,25720.0,5.900000000000006,2023,2023
2807903020,Madrid,40.404399,-3.674016,0.03792,1429.0,37684.59915611814,45392.0,20127.0,15.0,2023,2023
2807903021,Madrid,40.403429,-3.674872,0.03554,2014.0,56668.54248733821,49218.0,22107.0,14.299999999999997,2023,2023
2807903022,Madrid,40.40273,-3.676252,0.00922,1082.0,117353.57917570497,37013.0,17099.0,23.700000000000003,2023,2023
2807903023,Madrid,40.402155,-3.675136,0.02114,953.0,45080.41627246926,46530.0,21908.0,9.200000000000003,2023,2023
2807903024,Madrid,40.399148,-3.672662,0.01978,1182.0,59757.33063700708,49861.0,21690.0,8.299999999999997,2023,2023
2807903025,Madrid,40.396898,-3.672585,0.10939,1408.0,12871.377639637993,44602.0,22349.0,10.599999999999994,2023,2023
2807903026,Madrid,40.399007,-3.670135,0.04455,1722.0,38653.198653198655,50028.0,22153.0,9.299999999999997,2023,2023
2807903027,Madrid,40.399903,-3.670397,0.02003,1238.0,61807.2890664004,42707.0,18781.0,12.400000000000006,2023,2023
2807903028,Madrid,40.400882,-3.671292,0.0346,1447.0,41820.80924855491,56896.0,23907.0,11.5,2023,2023
2807903029,Madrid,40.403687,-3.670895,0.07075,1616.0,22840.98939929329,70177.0,27392.0,8.299999999999997,2023,2023
2807903030,Madrid,40.405211,-3.669605,0.02724,785.0,28817.91483113069,84223.0,30402.0,1.9000000000000057,2023,2023
2807903031,Madrid,40.40751,-3.669503,0.0214,1117.0,52196.26168224299,57922.0,23872.0,7.099999999999994,2023,2023
2807903032,Madrid,40.410726,-3.669195,0.05532,1111.0,20083.152566883586,59809.0,26521.0,7.299999999999997,2023,2023
2807903033,Madrid,40.407572,-3.666359,0.10215,1420.0,13901.125795398922,55349.0,23170.0,6.400000000000006,2023,2023
2807903034,Madrid,40.409265,-3.667461,0.03959,1383.0,34933.06390502652,71145.0,26537.0,5.900000000000006,2023,2023
2807903035,Madrid,40.411429,-3.667536,0.04505,1120.0,24861.26526082131,67399.0,26598.0,4.299999999999997,2023,2023
2807903036,Madrid,40.410418,-3.666045,0.01836,893.0,48638.34422657952,77600.0,28003.0,5.0,2023,2023
2807903037,Madrid,40.409908,-3.664917,0.04421,1306.0,29540.827866998417,82879.0,29357.0,2.700000000000003,2023,2023
2807903038,Madrid,40.412989,-3.662705,0.03166,1009.0,31869.867340492736,78555.0,28522.0,3.0,2023,2023
2807903039,Madrid,40.412593,-3.665029,0.04301,852.0,19809.346663566612,85899.0,30085.0,3.5,2023,2023
2807903040,Madrid,40.41389,-3.664583,0.01417,772.0,54481.29851799576,89160.0,30328.0,2.5999999999999943,2023,2023
2807903041,Madrid,40.412994,-3.66664,0.02658,1156.0,43491.346877351396,64327.0,27019.0,5.400000000000006,2023,2023
2807903042,Madrid,40.413704,-3.668417,0.03293,1119.0,33981.172183419374,63584.0,26395.0,6.700000000000003,2023,2023
2807903044,Madrid,40.415519,-3.667611,0.07505,1140.0,15189.873417721517,64651.0,25496.0,8.200000000000003,2023,2023
2807903045,Madrid,40.418156,-3.665536,0.09239,993.0,10747.916441173287,72820.0,28714.0,4.400000000000006,2023,2023
2807903046,Madrid,40.419925,-3.666874,0.03813,909.0,23839.496459480724,81237.0,31315.0,6.299999999999997,2023,2023
2807903047,Madrid,40.418587,-3.668233,0.06667,1584.0,23758.812059397034,60480.0,24408.0,10.299999999999997,2023,2023
2807903048,Madrid,40.419546,-3.671408,0.13484,1115.0,8269.059626223674,63822.0,25943.0,13.799999999999997,2023,2023
2807903049,Madrid,40.417294,-3.670415,0.02859,1797.0,62854.14480587618,65207.0,26246.0,9.0,2023,2023
2807903050,Madrid,40.417397,-3.672343,0.02131,1401.0,65743.7822618489,54190.0,25908.0,14.0,2023,2023
2807903051,Madrid,40.417482,-3.673929,0.01928,1091.0,56587.13692946058,64333.0,26821.0,12.599999999999994,2023,2023
2807903052,Madrid,40.416447,-3.673449,0.01785,969.0,54285.71428571428,58553.0,24518.0,13.599999999999994,2023,2023
2807903053,Madrid,40.416361,-3.675609,0.016,1445.0,90312.5,51667.0,21013.0,20.799999999999997,2023,2023
2807903054,Madrid,40.41633,-3.677252,0.02231,1274.0,57104.43747198566,68683.0,29602.0,14.400000000000006,2023,2023
2807903055,Madrid,40.417643,-3.677094,0.01975,927.0,46936.70886075949,41374.0,20001.0,24.200000000000003,2023,2023
2807903056,Madrid,40.417559,-3.675488,0.02003,1125.0,56165.75137294059,67080.0,26759.0,13.900000000000006,2023,2023
2807903057,Madrid,40.418809,-3.675406,0.01769,1098.0,62068.96551724138,68199.0,27650.0,11.400000000000006,2023,2023
2807903058,Madrid,40.418886,-3.676985,0.01729,1211.0,70040.48582995952,50872.0,24050.0,21.200000000000003,2023,2023
2807903059,Madrid,40.418527,-3.678338,0.02175,1145.0,52643.678160919546,58687.0,24604.0,17.099999999999994,2023,2023
2807903060,Madrid,40.420008,-3.678533,0.01512,778.0,51455.026455026455,69838.0,31831.0,18.200000000000003,2023,2023
2807903061,Madrid,40.419938,-3.676896,0.01348,869.0,64465.87537091988,42251.0,21798.0,23.900000000000006,2023,2023
2807903063,Madrid,40.419784,-3.673759,0.01352,773.0,57174.55621301775,69660.0,29697.0,15.099999999999994,2023,2023
2807903064,Madrid,40.420838,-3.673677,0.01712,966.0,56425.233644859814,72408.0,29026.0,10.0,2023,2023
2807903065,Madrid,40.420446,-3.675283,0.03152,1497.0,47493.654822335026,72270.0,29794.0,15.400000000000006,2023,2023
2807903066,Madrid,40.420987,-3.676806,0.0168,860.0,51190.47619047619,70448.0,30327.0,15.599999999999994,2023,2023
2807903067,Madrid,40.421081,-3.678672,0.02464,1228.0,49837.66233766234,82466.0,34238.0,13.400000000000006,2023,2023
2807903069,Madrid,40.418079,-3.690991,0.12834,814.0,6342.527660900732,104774.0,36918.0,22.200000000000003,2023,2023
2807903070,Madrid,40.415411,-3.690901,0.08727,683.0,7826.286238111607,104774.0,36918.0,19.5,2023,2023
2807903071,Madrid,40.41131,-3.690746,0.23734,1371.0,5776.5231313727145,104774.0,36918.0,21.200000000000003,2023,2023
2807903073,Madrid,40.413903,-3.683383,1.38568,1643.0,1185.699439986144,66509.0,26067.0,13.299999999999997,2023,2023
2807903074,Madrid,40.407412,-3.681699,0.02557,1105.0,43214.70473210794,67057.0,28153.0,7.099999999999994,2023,2023
2807903076,Madrid,40.408095,-3.680114,0.02167,1019.0,47023.53484079373,75629.0,30691.0,6.5,2023,2023
2807903077,Madrid,40.408777,-3.677297,0.03341,1598.0,47829.991020652495,92349.0,35116.0,7.200000000000003,2023,2023
2807903078,Madrid,40.408395,-3.675653,0.05133,1484.0,28910.968244691212,80051.0,30459.0,5.400000000000006,2023,2023
2807903079,Madrid,40.407519,-3.67091,0.02434,1260.0,51766.639276910435,53822.0,23975.0,9.200000000000003,2023,2023
2807903080,Madrid,40.408693,-3.672481,0.10254,1785.0,17407.84084259801,91065.0,32051.0,8.799999999999997,2023,2023
2807903081,Madrid,40.413176,-3.671812,0.15816,1801.0,11387.202832574609,104774.0,36918.0,4.200000000000003,2023,2023
2807903082,Madrid,40.410493,-3.672721,0.07536,1432.0,19002.123142250533,104774.0,36918.0,5.700000000000003,2023,2023
2807903084,Madrid,40.411137,-3.675612,0.02709,1520.0,56109.265411591,81514.0,29874.0,9.200000000000003,2023,2023
2807903085,Madrid,40.41352,-3.674582,0.04891,858.0,17542.42486199141,92232.0,35474.0,5.400000000000006,2023,2023
2807903086,Madrid,40.41454,-3.675947,0.06725,1038.0,15434.944237918215,65800.0,27400.0,9.200000000000003,2023,2023
2807903087,Madrid,40.415633,-3.672676,0.0386,1674.0,43367.87564766839,87035.0,32831.0,5.0,2023,2023
2807903088,Madrid,40.416302,-3.670676,0.01164,656.0,56357.388316151206,55996.0,23426.0,9.099999999999994,2023,2023
2807903089,Madrid,40.403292,-3.680119,0.02822,1741.0,61693.834160170096,71539.0,27986.0,3.200000000000003,2023,2023
2807903090,Madrid,40.417541,-3.663331,0.02236,1075.0,48076.92307692307,81658.0,29715.0,2.4000000000000057,2023,2023
2807903091,Madrid,40.41631,-3.662079,0.22251,1568.0,7046.8742977843685,83085.0,30834.0,4.099999999999994,2023,2023
2807903092,Madrid,40.404852,-3.667543,0.08041,2193.0,27272.727272727276,79989.0,30269.0,5.900000000000006,2023,2023
2807903093,Madrid,40.417902,-3.663915,0.02182,1167.0,53483.04307974336,83188.0,30660.0,2.700000000000003,2023,2023
2807903094,Madrid,40.411624,-3.663598,0.02306,791.0,34301.82133564614,82593.0,28094.0,4.5,2023,2023
2807903095,Madrid,40.401246,-3.677197,0.08208,1850.0,22538.98635477583,66469.0,27600.0,5.799999999999997,2023,2023
2807903096,Madrid,40.403068,-3.682588,0.03853,1924.0,49935.11549441993,68785.0,28084.0,4.0,2023,2023
2807903097,Madrid,40.398898,-3.675219,0.02986,1274.0,42665.77361018084,57221.0,21537.0,10.400000000000006,2023,2023
2807903098,Madrid,40.401955,-3.668798,0.07388,1914.0,25906.87601515972,49968.0,22374.0,9.700000000000003,2023,2023
2807903099,Madrid,40.401704,-3.672899,0.0561,1392.0,24812.834224598933,49679.0,23296.0,10.0,2023,2023
2807903100,Madrid,40.400023,-3.674254,0.03811,1178.0,30910.522172658097,62287.0,26328.0,5.400000000000006,2023,2023
2807904001,Madrid,40.421241,-3.690476,0.10804,1070.0,9903.73935579415,92903.0,36918.0,27.799999999999997,2023,2023
2807904002,Madrid,40.42138,-3.687244,0.05492,1038.0,18900.218499635834,104774.0,36918.0,21.599999999999994,2023,2023
2807904003,Madrid,40.421896,-3.685096,0.03102,799.0,25757.57575757576,97376.0,36918.0,22.799999999999997,2023,2023
2807904004,Madrid,40.423993,-3.685594,0.05907,886.0,14999.153546639582,98291.0,36918.0,20.200000000000003,2023,2023
2807904005,Madrid,40.424571,-3.688623,0.14171,777.0,5483.028720626632,104774.0,36918.0,19.299999999999997,2023,2023
2807904006,Madrid,40.427892,-3.687977,0.0932,952.0,10214.59227467811,95010.0,36918.0,24.700000000000003,2023,2023
2807904007,Madrid,40.42651,-3.685205,0.05585,1351.0,24189.794091316027,96120.0,36918.0,26.0,2023,2023
2807904008,Madrid,40.428473,-3.684976,0.02923,1091.0,37324.66643859049,65109.0,29700.0,28.900000000000006,2023,2023
2807904009,Madrid,40.427992,-3.68192,0.06807,1708.0,25091.817246951665,104217.0,36918.0,15.299999999999997,2023,2023
2807904010,Madrid,40.426433,-3.683357,0.03161,762.0,24106.295476115152,104774.0,36918.0,21.0,2023,2023
2807904011,Madrid,40.426126,-3.681156,0.04523,1400.0,30952.907362370108,94890.0,36918.0,20.5,2023,2023
2807904012,Madrid,40.423334,-3.683272,0.07168,1219.0,17006.138392857145,99665.0,36918.0,18.0,2023,2023
2807904013,Madrid,40.422713,-3.682386,0.0232,888.0,38275.86206896552,95931.0,36918.0,21.400000000000006,2023,2023
2807904014,Madrid,40.423034,-3.681075,0.05322,1168.0,21946.63660278091,86897.0,36918.0,20.799999999999997,2023,2023
2807904015,Madrid,40.423124,-3.679556,0.03738,1271.0,34002.14018191546,82065.0,34988.0,19.900000000000006,2023,2023
2807904016,Madrid,40.424986,-3.679078,0.03319,1382.0,41639.04790599579,74613.0,31138.0,21.299999999999997,2023,2023
2807904017,Madrid,40.422568,-3.678145,0.02454,1298.0,52893.235533822335,65727.0,29841.0,18.299999999999997,2023,2023
2807904018,Madrid,40.422492,-3.676679,0.02623,1218.0,46435.37933663744,65515.0,29168.0,13.5,2023,2023
2807904019,Madrid,40.424123,-3.676907,0.02946,713.0,24202.308214528173,67492.0,30324.0,18.599999999999994,2023,2023
2807904020,Madrid,40.425441,-3.67582,0.02765,779.0,28173.59855334539,61558.0,28776.0,20.299999999999997,2023,2023
2807904021,Madrid,40.42547,-3.677911,0.01514,838.0,55350.06605019815,60819.0,27436.0,18.700000000000003,2023,2023
2807904023,Madrid,40.427491,-3.679213,0.03941,874.0,22177.11240801827,68389.0,31927.0,23.299999999999997,2023,2023
2807904024,Madrid,40.428106,-3.677684,0.01857,1309.0,70490.03769520733,47107.0,22050.0,25.0,2023,2023
2807904025,Madrid,40.426726,-3.677804,0.01858,922.0,49623.2508073197,52290.0,25402.0,19.799999999999997,2023,2023
2807904026,Madrid,40.426649,-3.676336,0.01954,854.0,43705.22006141249,63419.0,27685.0,16.5,2023,2023
2807904027,Madrid,40.428031,-3.676216,0.01959,1579.0,80602.34813680449,55744.0,23163.0,24.900000000000006,2023,2023
2807904028,Madrid,40.427956,-3.674662,0.02098,1418.0,67588.17921830315,56842.0,26948.0,22.599999999999994,2023,2023
2807904029,Madrid,40.427673,-3.672885,0.03496,1449.0,41447.36842105263,75462.0,31177.0,15.200000000000003,2023,2023
2807904030,Madrid,40.426484,-3.674309,0.03104,1432.0,46134.0206185567,75735.0,31775.0,16.799999999999997,2023,2023
2807904031,Madrid,40.425155,-3.673683,0.02168,874.0,40313.653136531364,83923.0,34078.0,22.299999999999997,2023,2023
2807904032,Madrid,40.425156,-3.67172,0.01779,825.0,46374.3676222597,51734.0,22858.0,17.299999999999997,2023,2023
2807904033,Madrid,40.426376,-3.671739,0.02432,1085.0,44613.48684210526,59938.0,25562.0,17.700000000000003,2023,2023
2807904034,Madrid,40.42772,-3.670196,0.0403,1635.0,40570.71960297767,65370.0,26439.0,17.5,2023,2023
2807904035,Madrid,40.426323,-3.669677,0.02951,1470.0,49813.62250084717,61709.0,27988.0,18.400000000000006,2023,2023
2807904036,Madrid,40.425055,-3.669794,0.0234,716.0,30598.290598290598,71284.0,30226.0,14.0,2023,2023
2807904037,Madrid,40.423428,-3.669919,0.01409,798.0,56635.91199432221,58597.0,27098.0,14.5,2023,2023
2807904038,Madrid,40.423982,-3.67138,0.0462,1069.0,23138.528138528138,60850.0,27140.0,19.900000000000006,2023,2023
2807904039,Madrid,40.424023,-3.674541,0.03318,750.0,22603.978300180832,67740.0,31072.0,14.5,2023,2023
2807904040,Madrid,40.422898,-3.675094,0.01314,757.0,57610.350076103496,74310.0,31250.0,13.599999999999994,2023,2023
2807904041,Madrid,40.422819,-3.673523,0.01294,962.0,74343.12210200928,59134.0,26733.0,17.5,2023,2023
2807904042,Madrid,40.422128,-3.671906,0.09503,1387.0,14595.390929180257,104774.0,36918.0,11.700000000000003,2023,2023
2807904043,Madrid,40.421763,-3.66605,0.11413,1333.0,11679.663541575397,76156.0,28762.0,12.200000000000003,2023,2023
2807904044,Madrid,40.422191,-3.661699,0.26164,1638.0,6260.5106252866535,73524.0,28187.0,13.400000000000006,2023,2023
2807904045,Madrid,40.423275,-3.665096,0.03894,1418.0,36414.997431946584,48572.0,22499.0,14.400000000000006,2023,2023
2807904046,Madrid,40.423371,-3.667867,0.01437,628.0,43702.15727209464,57919.0,25731.0,9.900000000000006,2023,2023
2807904047,Madrid,40.42455,-3.665973,0.01449,1049.0,72394.75500345066,54295.0,23630.0,11.200000000000003,2023,2023
2807904048,Madrid,40.424237,-3.667795,0.01589,983.0,61862.8067967275,50055.0,22158.0,16.599999999999994,2023,2023
2807904049,Madrid,40.425087,-3.667415,0.01927,1344.0,69745.71873378308,46944.0,22962.0,18.799999999999997,2023,2023
2807904050,Madrid,40.426183,-3.668121,0.01149,746.0,64926.0226283725,50050.0,21510.0,20.599999999999994,2023,2023
2807904051,Madrid,40.425854,-3.666247,0.02598,1349.0,51924.55735180908,47478.0,20791.0,19.599999999999994,2023,2023
2807904052,Madrid,40.426271,-3.665052,0.02362,1091.0,46189.66977138019,51606.0,23729.0,14.299999999999997,2023,2023
2807904053,Madrid,40.42586,-3.66227,0.01668,1219.0,73081.53477218225,45385.0,21319.0,15.799999999999997,2023,2023
2807904054,Madrid,40.42708,-3.660998,0.08209,1276.0,15543.915215007919,57662.0,23405.0,12.5,2023,2023
2807904055,Madrid,40.427848,-3.662802,0.03383,1665.0,49216.67159326042,53360.0,24673.0,10.400000000000006,2023,2023
2807904056,Madrid,40.427509,-3.664253,0.04802,1545.0,32174.094127446897,59510.0,25746.0,14.799999999999997,2023,2023
2807904057,Madrid,40.427597,-3.667314,0.03612,1197.0,33139.53488372093,51375.0,23291.0,16.5,2023,2023
2807904058,Madrid,40.428624,-3.665739,0.03432,1262.0,36771.56177156177,53036.0,24033.0,14.200000000000003,2023,2023
2807904060,Madrid,40.4301,-3.662565,0.05997,1318.0,21977.655494413873,49153.0,22006.0,17.599999999999994,2023,2023
2807904061,Madrid,40.429389,-3.666982,0.02684,1417.0,52794.33681073025,71748.0,28658.0,12.099999999999994,2023,2023
2807904062,Madrid,40.430112,-3.667626,0.07457,1282.0,17191.900227973718,55956.0,24237.0,16.5,2023,2023
2807904063,Madrid,40.431068,-3.668886,0.02481,1467.0,59129.38331318017,53511.0,23100.0,14.099999999999994,2023,2023
2807904064,Madrid,40.431678,-3.665958,0.03253,1108.0,34060.8668920996,54565.0,25582.0,15.299999999999997,2023,2023
2807904065,Madrid,40.431821,-3.669296,0.03847,1677.0,43592.40966987263,56588.0,24753.0,14.5,2023,2023
2807904067,Madrid,40.433027,-3.671419,0.0408,1133.0,27769.60784313725,55128.0,25805.0,16.5,2023,2023
2807904068,Madrid,40.432932,-3.669888,0.03023,1006.0,33278.20046311611,58407.0,25483.0,14.599999999999994,2023,2023
2807904069,Madrid,40.433631,-3.667256,0.05231,1552.0,29669.279296501623,55675.0,24259.0,13.299999999999997,2023,2023
2807904070,Madrid,40.433957,-3.665083,0.04777,1195.0,25015.700230270046,49394.0,21750.0,15.099999999999994,2023,2023
2807904071,Madrid,40.433068,-3.662478,0.15896,1094.0,6882.234524408656,57344.0,24181.0,9.200000000000003,2023,2023
2807904072,Madrid,40.435849,-3.662144,0.02458,676.0,27502.034174125303,55287.0,23683.0,9.0,2023,2023
2807904073,Madrid,40.435707,-3.66505,0.04055,1407.0,34697.903822441425,67002.0,27538.0,6.5,2023,2023
2807904074,Madrid,40.438028,-3.660829,0.12759,1111.0,8707.578963868642,55486.0,23845.0,6.900000000000006,2023,2023
2807904075,Madrid,40.437505,-3.663477,0.01687,977.0,57913.45583876704,80426.0,29481.0,6.099999999999994,2023,2023
2807904076,Madrid,40.43912,-3.661942,0.01725,890.0,51594.20289855072,85064.0,28708.0,5.099999999999994,2023,2023
2807904077,Madrid,40.440261,-3.662064,0.02147,1089.0,50721.93758733116,88788.0,30702.0,2.5999999999999943,2023,2023
2807904078,Madrid,40.441368,-3.661961,0.01575,645.0,40952.380952380954,83385.0,29743.0,4.0,2023,2023
2807904079,Madrid,40.442075,-3.662564,0.02515,1069.0,42504.97017892644,77733.0,27934.0,4.700000000000003,2023,2023
2807904080,Madrid,40.442758,-3.66123,0.08829,754.0,8540.03850945747,89227.0,29662.0,6.0,2023,2023
2807904081,Madrid,40.441874,-3.665158,0.04873,1058.0,21711.47137287092,92238.0,32064.0,5.400000000000006,2023,2023
2807904082,Madrid,40.440098,-3.663552,0.02269,885.0,39003.96650506832,74741.0,27397.0,9.299999999999997,2023,2023
2807904083,Madrid,40.438875,-3.664498,0.01621,764.0,47131.40037014189,62725.0,23272.0,8.200000000000003,2023,2023
2807904084,Madrid,40.4377,-3.664361,0.024,786.0,32750.0,65570.0,25219.0,6.599999999999994,2023,2023
2807904085,Madrid,40.437092,-3.666798,0.08154,2349.0,28807.947019867548,57395.0,25548.0,13.599999999999994,2023,2023
2807904086,Madrid,40.439105,-3.66965,0.1354,1507.0,11129.985228951256,53100.0,25632.0,14.099999999999994,2023,2023
2807904087,Madrid,40.43477,-3.669831,0.0699,2479.0,35464.94992846924,52891.0,24662.0,14.200000000000003,2023,2023
2807904088,Madrid,40.43485,-3.673158,0.04193,2095.0,49964.22609110422,54059.0,24758.0,17.0,2023,2023
2807904089,Madrid,40.435764,-3.672011,0.01406,790.0,56187.76671408251,46258.0,22221.0,20.799999999999997,2023,2023
2807904090,Madrid,40.436437,-3.671162,0.02713,1231.0,45374.12458532989,48752.0,23694.0,14.5,2023,2023
2807904091,Madrid,40.43716,-3.673161,0.03913,1505.0,38461.53846153846,41713.0,21569.0,22.900000000000006,2023,2023
2807904092,Madrid,40.436996,-3.67467,0.01724,1004.0,58236.65893271462,49604.0,24854.0,19.900000000000006,2023,2023
2807904093,Madrid,40.436013,-3.675217,0.02308,1277.0,55329.289428076256,50828.0,23051.0,20.200000000000003,2023,2023
2807904094,Madrid,40.437961,-3.675217,0.04047,1469.0,36298.492710649865,63083.0,26352.0,16.299999999999997,2023,2023
2807904095,Madrid,40.436396,-3.676995,0.01606,681.0,42403.48692403486,43926.0,22881.0,21.5,2021,2021
2807904096,Madrid,40.436682,-3.678405,0.02208,1511.0,68432.97101449275,59761.0,26580.0,23.5,2023,2023
2807904097,Madrid,40.434785,-3.678582,0.03224,1071.0,33219.6029776675,99659.0,36918.0,16.900000000000006,2023,2023
2807904098,Madrid,40.434706,-3.677122,0.02972,1306.0,43943.472409152084,82368.0,33730.0,11.900000000000006,2023,2023
2807904099,Madrid,40.434375,-3.67532,0.04167,1118.0,26829.853611711063,62042.0,26865.0,18.099999999999994,2023,2023
2807904100,Madrid,40.432977,-3.675794,0.01519,738.0,48584.59512837393,79256.0,32075.0,9.299999999999997,2023,2023
2807904101,Madrid,40.432908,-3.674216,0.01639,867.0,52898.1086028066,44744.0,22082.0,32.599999999999994,2023,2023
2807904102,Madrid,40.431778,-3.675092,0.03695,1083.0,29309.87821380244,52079.0,24251.0,25.900000000000006,2023,2023
2807904103,Madrid,40.431919,-3.672846,0.02366,1230.0,51986.47506339814,56120.0,27747.0,20.400000000000006,2023,2023
2807904104,Madrid,40.430418,-3.671443,0.02025,1182.0,58370.370370370365,52734.0,23931.0,17.799999999999997,2023,2023
2807904105,Madrid,40.429032,-3.670829,0.03145,1117.0,35516.69316375199,69143.0,29745.0,14.299999999999997,2023,2023
2807904106,Madrid,40.429179,-3.672994,0.01703,1101.0,64650.616559013506,52649.0,23338.0,23.0,2023,2023
2807904107,Madrid,40.430405,-3.672891,0.0178,744.0,41797.752808988764,81498.0,32743.0,17.900000000000006,2023,2023
2807904108,Madrid,40.430514,-3.675201,0.03705,941.0,25398.110661268558,59351.0,27015.0,18.599999999999994,2023,2023
2807904109,Madrid,40.429284,-3.675306,0.03492,1585.0,45389.46162657503,70008.0,30030.0,15.099999999999994,2023,2023
2807904110,Madrid,40.429395,-3.677572,0.01603,1114.0,69494.6974422957,62993.0,27597.0,17.900000000000006,2023,2023
2807904111,Madrid,40.430275,-3.678486,0.05186,1734.0,33436.17431546471,76456.0,29887.0,15.700000000000003,2023,2023
2807904112,Madrid,40.43242,-3.677313,0.0309,1232.0,39870.550161812294,71421.0,32546.0,18.099999999999994,2023,2023
2807904113,Madrid,40.432494,-3.678778,0.03315,1134.0,34208.14479638009,78608.0,33827.0,17.400000000000006,2023,2023
2807904114,Madrid,40.430242,-3.68172,0.09115,1406.0,15425.123422929239,104774.0,36918.0,17.5,2023,2023
2807904115,Madrid,40.431685,-3.683041,0.09802,1657.0,16904.71332381147,104774.0,36918.0,13.0,2023,2023
2807904116,Madrid,40.431044,-3.685799,0.02487,848.0,34097.305991154004,87819.0,36918.0,20.0,2023,2023
2807904117,Madrid,40.430764,-3.687395,0.09419,824.0,8748.274763775347,104774.0,36918.0,18.200000000000003,2023,2023
2807904118,Madrid,40.434796,-3.687201,0.09308,795.0,8541.039965620972,104774.0,36918.0,17.599999999999994,2023,2023
2807904119,Madrid,40.43337,-3.684643,0.06906,1364.0,19750.941210541558,104774.0,36918.0,19.700000000000003,2023,2023
2807904120,Madrid,40.433231,-3.680795,0.0261,961.0,36819.92337164751,104774.0,36918.0,19.799999999999997,2023,2023
2807904121,Madrid,40.434289,-3.680706,0.02622,1158.0,44164.75972540046,87916.0,33733.0,15.799999999999997,2023,2023
2807904123,Madrid,40.436138,-3.679914,0.03457,1480.0,42811.686433323695,85144.0,35916.0,22.299999999999997,2023,2023
2807904124,Madrid,40.436201,-3.681226,0.03205,1092.0,34071.762870514816,67270.0,32226.0,29.200000000000003,2023,2023
2807904126,Madrid,40.435735,-3.682573,0.04755,1428.0,30031.54574132492,75271.0,31637.0,20.0,2023,2023
2807904127,Madrid,40.435632,-3.684862,0.03626,1058.0,29178.15774958632,75165.0,33244.0,33.0,2023,2023
2807904128,Madrid,40.436924,-3.683692,0.01519,1795.0,118169.84858459512,67434.0,29770.0,32.400000000000006,2023,2023
2807904129,Madrid,40.436968,-3.684735,0.01375,721.0,52436.36363636364,70020.0,32039.0,23.299999999999997,2021,2021
2807904130,Madrid,40.437141,-3.687725,0.06818,787.0,11542.974479319448,104774.0,36918.0,25.200000000000003,2023,2023
2807904131,Madrid,40.438925,-3.666985,0.09031,1209.0,13387.221791606687,65244.0,26823.0,11.599999999999994,2023,2023
2807905001,Madrid,40.440232,-3.68328,0.30319,1051.0,3466.4731686401265,104774.0,36918.0,10.099999999999994,2023,2023
2807905002,Madrid,40.442123,-3.688682,0.41565,1520.0,3656.922891856129,104774.0,36918.0,14.799999999999997,2023,2023
2807905003,Madrid,40.447097,-3.686822,0.19253,1910.0,9920.53186516387,104774.0,36918.0,10.0,2023,2023
2807905004,Madrid,40.449824,-3.690025,0.07087,1430.0,20177.790320304783,104774.0,36918.0,9.599999999999994,2023,2023
2807905005,Madrid,40.451086,-3.687993,0.04546,1445.0,31786.185657721075,104774.0,36918.0,8.0,2023,2023
2807905006,Madrid,40.449815,-3.686289,0.07023,1251.0,17812.900469884666,104774.0,36918.0,8.799999999999997,2023,2023
2807905007,Madrid,40.450678,-3.680599,0.12476,1815.0,14547.932029496635,104774.0,36918.0,8.0,2023,2023
2807905008,Madrid,40.44777,-3.682537,0.22625,1520.0,6718.232044198895,104774.0,36918.0,13.400000000000006,2023,2023
2807905009,Madrid,40.445962,-3.679536,0.10443,1158.0,11088.76759551853,104774.0,36918.0,10.599999999999994,2023,2023
2807905010,Madrid,40.443416,-3.681845,0.05481,911.0,16621.054552089037,74489.0,31825.0,17.799999999999997,2023,2023
2807905011,Madrid,40.441721,-3.680967,0.01816,867.0,47742.29074889868,68857.0,29690.0,14.799999999999997,2023,2023
2807905012,Madrid,40.442828,-3.679482,0.03987,1096.0,27489.34035615751,72000.0,31773.0,14.599999999999994,2023,2023
2807905013,Madrid,40.440602,-3.679589,0.03316,841.0,25361.881785283473,81306.0,34180.0,15.700000000000003,2023,2023
2807905014,Madrid,40.439054,-3.678107,0.04622,1034.0,22371.26784941584,57407.0,25183.0,15.5,2023,2023
2807905015,Madrid,40.441183,-3.677544,0.02458,1105.0,44955.248169243285,55012.0,27719.0,18.099999999999994,2023,2023
2807905016,Madrid,40.441994,-3.676108,0.01434,836.0,58298.46582984658,48632.0,23983.0,16.700000000000003,2023,2023
2807905017,Madrid,40.442919,-3.674738,0.02347,1340.0,57094.16276097145,43532.0,21117.0,13.099999999999994,2023,2023
2807905018,Madrid,40.442672,-3.673559,0.02242,1268.0,56556.645851917936,43258.0,20449.0,15.900000000000006,2023,2023
2807905019,Madrid,40.444144,-3.673089,0.02315,921.0,39784.017278617706,50508.0,22830.0,12.200000000000003,2023,2023
2807905020,Madrid,40.445372,-3.671225,0.02546,1226.0,48153.967007069914,51286.0,23107.0,14.0,2023,2023
2807905021,Madrid,40.446221,-3.669402,0.02295,708.0,30849.673202614376,41803.0,18606.0,15.0,2023,2023
2807905022,Madrid,40.447284,-3.668458,0.02157,1427.0,66156.69911914697,51466.0,21177.0,12.0,2023,2023
2807905023,Madrid,40.447661,-3.667024,0.03152,1388.0,44035.53299492386,63079.0,26345.0,5.400000000000006,2023,2023
2807905024,Madrid,40.445908,-3.667453,0.01288,838.0,65062.11180124223,54830.0,23762.0,8.0,2023,2023
2807905025,Madrid,40.444522,-3.667811,0.02193,1109.0,50569.99544003647,58715.0,24246.0,7.599999999999994,2023,2023
2807905026,Madrid,40.44447,-3.669104,0.02548,1622.0,63657.77080062794,54215.0,25067.0,10.700000000000003,2023,2023
2807905027,Madrid,40.44446,-3.670424,0.02587,1693.0,65442.59760340162,50666.0,22862.0,10.599999999999994,2023,2023
2807905028,Madrid,40.443092,-3.671369,0.0312,1943.0,62275.64102564103,46570.0,19955.0,15.700000000000003,2023,2023
2807905029,Madrid,40.441415,-3.673384,0.03785,1761.0,46525.75957727873,42129.0,19574.0,20.299999999999997,2023,2023
2807905030,Madrid,40.440428,-3.676147,0.03235,1251.0,38670.78825347759,44058.0,21229.0,15.900000000000006,2023,2023
2807905031,Madrid,40.438479,-3.67665,0.0263,1027.0,39049.42965779467,57149.0,23293.0,12.599999999999994,2023,2023
2807905032,Madrid,40.439754,-3.674261,0.04265,1509.0,35381.008206330596,47004.0,21321.0,19.400000000000006,2023,2023
2807905033,Madrid,40.440837,-3.671034,0.07397,2016.0,27254.29228065432,63357.0,28244.0,10.099999999999994,2023,2023
2807905034,Madrid,40.442209,-3.668766,0.04684,1902.0,40606.31938514091,64279.0,29016.0,12.200000000000003,2023,2023
2807905035,Madrid,40.44308,-3.668412,0.0165,1168.0,70787.87878787878,59331.0,26511.0,8.799999999999997,2023,2023
2807905036,Madrid,40.444878,-3.663794,0.15109,1583.0,10477.199020451386,60899.0,27642.0,8.400000000000006,2023,2023
2807905037,Madrid,40.448598,-3.665209,0.05071,1207.0,23802.011437586276,82925.0,33542.0,5.299999999999997,2023,2023
2807905038,Madrid,40.45079,-3.66998,0.23334,1901.0,8146.910088283193,100051.0,33546.0,9.200000000000003,2023,2023
2807905039,Madrid,40.448581,-3.669623,0.10708,1932.0,18042.58498319014,65793.0,29822.0,14.200000000000003,2023,2023
2807905040,Madrid,40.446784,-3.671481,0.01203,728.0,60515.378221113875,51332.0,22297.0,14.700000000000003,2023,2023
2807905041,Madrid,40.445353,-3.67315,0.02111,1111.0,52629.08574135481,42636.0,17904.0,19.200000000000003,2023,2023
2807905042,Madrid,40.444191,-3.675402,0.03602,1383.0,38395.33592448639,46822.0,21211.0,15.099999999999994,2023,2023
2807905043,Madrid,40.443909,-3.677578,0.07472,1190.0,15926.124197002142,66630.0,30159.0,14.099999999999994,2023,2023
2807905044,Madrid,40.447266,-3.676741,0.0542,1663.0,30682.656826568265,45221.0,21667.0,16.099999999999994,2023,2023
2807905045,Madrid,40.446419,-3.673665,0.02993,1715.0,57300.36752422319,46410.0,20273.0,16.700000000000003,2023,2023
2807905046,Madrid,40.44757,-3.672833,0.02644,1719.0,65015.12859304084,48847.0,21873.0,16.700000000000003,2023,2023
2807905047,Madrid,40.447885,-3.674561,0.02686,1572.0,58525.688756515265,49743.0,22161.0,14.700000000000003,2023,2023
2807905048,Madrid,40.448379,-3.675331,0.02124,1081.0,50894.53860640302,53609.0,23576.0,10.200000000000003,2023,2023
2807905049,Madrid,40.450248,-3.676136,0.08576,1156.0,13479.477611940298,74686.0,29900.0,5.700000000000003,2023,2023
2807905051,Madrid,40.453797,-3.673217,0.05916,1357.0,22937.795807978364,67777.0,27976.0,7.700000000000003,2023,2023
2807905052,Madrid,40.453032,-3.67059,0.09275,1367.0,14738.544474393531,81945.0,30678.0,7.799999999999997,2023,2023
2807905053,Madrid,40.455786,-3.666076,0.29433,2077.0,7056.70505894744,104774.0,36918.0,7.799999999999997,2023,2023
2807905054,Madrid,40.45581,-3.670283,0.06341,1522.0,24002.52326131525,83873.0,33007.0,7.5,2023,2023
2807905055,Madrid,40.45784,-3.669441,0.07412,1567.0,21141.392336751214,70920.0,28574.0,8.700000000000003,2023,2023
2807905056,Madrid,40.457838,-3.673634,0.04573,1448.0,31664.115460310517,54850.0,24009.0,11.700000000000003,2023,2023
2807905057,Madrid,40.455993,-3.67292,0.0473,1149.0,24291.754756871036,57337.0,24741.0,7.799999999999997,2023,2023
2807905058,Madrid,40.454274,-3.675673,0.13846,1796.0,12971.25523616929,62433.0,26408.0,7.5,2023,2023
2807905059,Madrid,40.457862,-3.676354,0.01539,728.0,47303.44379467187,52506.0,23071.0,9.700000000000003,2023,2023
2807905060,Madrid,40.457089,-3.677461,0.02921,1355.0,46388.22321122903,58408.0,26313.0,10.0,2023,2023
2807905061,Madrid,40.457249,-3.679017,0.0614,2105.0,34283.387622149836,87474.0,34701.0,7.400000000000006,2023,2023
2807905062,Madrid,40.453812,-3.678199,0.05999,1653.0,27554.59243207201,92672.0,36419.0,5.799999999999997,2023,2023
2807905063,Madrid,40.452484,-3.679832,0.03316,856.0,25814.234016887815,102290.0,32276.0,7.099999999999994,2023,2023
2807905064,Madrid,40.452973,-3.682618,0.10333,1960.0,18968.353817865092,104774.0,36918.0,9.400000000000006,2023,2023
2807905065,Madrid,40.455273,-3.679889,0.0216,1172.0,54259.259259259255,59592.0,28062.0,9.299999999999997,2023,2023
2807905066,Madrid,40.456835,-3.68207,0.0863,1281.0,14843.568945538818,104774.0,36918.0,8.0,2023,2023
2807905067,Madrid,40.456006,-3.685494,0.20711,2279.0,11003.814398145914,104774.0,36918.0,10.0,2023,2023
2807905068,Madrid,40.453881,-3.688625,0.14154,1749.0,12356.930902924969,104774.0,36918.0,7.299999999999997,2023,2023
2807905069,Madrid,40.457695,-3.688769,0.06994,932.0,13325.70774949957,92253.0,33037.0,7.0,2023,2023
2807905070,Madrid,40.461173,-3.688834,0.07981,1944.0,24357.849893497052,101813.0,36918.0,10.700000000000003,2023,2023
2807905072,Madrid,40.461353,-3.686988,0.06164,1648.0,26735.885788449057,90251.0,36918.0,9.299999999999997,2023,2023
2807905073,Madrid,40.460611,-3.686067,0.04228,1625.0,38434.247871333966,104774.0,36918.0,8.799999999999997,2023,2023
2807905074,Madrid,40.461016,-3.683375,0.17199,1526.0,8872.608872608873,104774.0,36918.0,10.299999999999997,2023,2023
2807905075,Madrid,40.46341,-3.682273,0.09662,1829.0,18929.828192920722,104774.0,36918.0,10.599999999999994,2023,2023
2807905076,Madrid,40.46552,-3.684435,0.27005,2301.0,8520.644325124977,104774.0,36918.0,10.5,2023,2023
2807905077,Madrid,40.464786,-3.678098,0.15773,1399.0,8869.58726938439,104774.0,36918.0,8.099999999999994,2023,2023
2807905078,Madrid,40.461694,-3.678049,0.09474,941.0,9932.446696221237,104774.0,36918.0,9.5,2023,2023
2807905079,Madrid,40.459449,-3.679075,0.07286,1935.0,26557.782047762834,61531.0,26488.0,15.900000000000006,2023,2023
2807905080,Madrid,40.459478,-3.676152,0.01771,949.0,53585.54488989271,57824.0,25408.0,9.099999999999994,2023,2023
2807905081,Madrid,40.459364,-3.672408,0.10433,2347.0,22495.926387424515,94370.0,34753.0,7.400000000000006,2023,2023
2807905082,Madrid,40.464057,-3.674164,0.25719,2326.0,9043.897507679148,104774.0,36918.0,8.599999999999994,2023,2023
2807905083,Madrid,40.461561,-3.671568,0.0863,2015.0,23348.783314020857,75113.0,27182.0,16.400000000000006,2023,2023
2807905084,Madrid,40.462825,-3.668488,0.26077,1677.0,6430.954480960233,88940.0,33035.0,8.799999999999997,2023,2023
2807905085,Madrid,40.469236,-3.673397,0.32926,1685.0,5117.536293506651,84202.0,31899.0,9.0,2023,2023
2807905086,Madrid,40.468938,-3.684752,0.04164,1255.0,30139.28914505283,54675.0,26558.0,19.099999999999994,2023,2023
2807905087,Madrid,40.467605,-3.686579,0.06546,1796.0,27436.602505346775,65927.0,27283.0,11.599999999999994,2023,2023
2807905088,Madrid,40.468415,-3.68802,0.04192,895.0,21350.190839694656,75692.0,28254.0,11.400000000000006,2023,2023
2807905089,Madrid,40.470459,-3.687283,0.02235,743.0,33243.84787472036,76965.0,28602.0,8.900000000000006,2023,2023
2807905090,Madrid,40.472656,-3.686639,0.05062,948.0,18727.775582773607,54242.0,24313.0,9.799999999999997,2023,2023
2807905091,Madrid,40.475159,-3.684982,0.08634,856.0,9914.292332638406,54452.0,23000.0,12.400000000000006,2023,2023
2807905092,Madrid,40.47841,-3.684869,0.08085,1437.0,17773.65491651206,37601.0,17175.0,28.200000000000003,2023,2023
2807905094,Madrid,40.477285,-3.68049,1.00638,1382.0,1373.2387368588406,57975.0,26373.0,15.799999999999997,2023,2023
2807905095,Madrid,40.445152,-3.666053,0.03979,1766.0,44383.010806735365,79438.0,32766.0,4.400000000000006,2023,2023
2807905096,Madrid,40.445278,-3.675814,0.02897,1361.0,46979.63410424577,51912.0,23827.0,11.799999999999997,2023,2023
2807905097,Madrid,40.454979,-3.68143,0.04269,1597.0,37409.22932771141,81266.0,36153.0,9.900000000000006,2023,2023
2807905098,Madrid,40.45618,-3.67654,0.01909,1090.0,57097.9570455736,49866.0,23289.0,9.5,2023,2023
2807905099,Madrid,40.450104,-3.663699,0.11791,1821.0,15443.982698668477,65187.0,26096.0,9.400000000000006,2023,2023
2807905100,Madrid,40.470173,-3.679083,0.24857,2261.0,9096.02928752464,104774.0,36412.0,8.799999999999997,2023,2023
2807905101,Madrid,40.475124,-3.674866,0.08055,1279.0,15878.336436995656,79373.0,27635.0,7.799999999999997,2023,2023
2807905102,Madrid,40.446639,-3.665448,0.02022,862.0,42631.05835806133,73041.0,31377.0,6.5,2023,2023
2807905103,Madrid,40.476142,-3.675925,0.07109,1251.0,17597.411731607823,83861.0,28906.0,6.900000000000006,2023,2023
2807905104,Madrid,40.481665,-3.674825,0.03549,1305.0,36770.921386306,91382.0,31819.0,5.099999999999994,2023,2023
2807906001,Madrid,40.448213,-3.707747,0.04983,1263.0,25346.17700180614,43893.0,18400.0,21.700000000000003,2023,2023
2807906002,Madrid,40.449403,-3.707148,0.03072,1020.0,33203.125,43525.0,19792.0,21.400000000000006,2023,2023
2807906003,Madrid,40.450504,-3.70943,0.03394,1595.0,46994.696523276376,39093.0,17643.0,21.5,2023,2023
2807906004,Madrid,40.451027,-3.708364,0.02372,1194.0,50337.268128161886,36896.0,15202.0,27.799999999999997,2023,2023
2807906005,Madrid,40.450814,-3.706814,0.02322,1107.0,47674.41860465116,36951.0,13952.0,28.799999999999997,2023,2023
2807906006,Madrid,40.452072,-3.707175,0.02085,1041.0,49928.05755395683,38073.0,14259.0,32.8,2023,2023
2807906007,Madrid,40.453068,-3.70787,0.02165,1083.0,50023.09468822171,39076.0,16021.0,27.099999999999994,2023,2023
2807906008,Madrid,40.452144,-3.710108,0.02611,1102.0,42206.05132133282,36530.0,15424.0,24.900000000000006,2023,2023
2807906009,Madrid,40.453217,-3.710202,0.02648,1133.0,42787.00906344411,44006.0,18464.0,17.299999999999997,2023,2023
2807906010,Madrid,40.455799,-3.710069,0.0788,1646.0,20888.324873096448,54447.0,23023.0,7.900000000000006,2023,2023
2807906011,Madrid,40.455038,-3.708264,0.03079,1350.0,43845.40435206235,42271.0,16056.0,25.700000000000003,2023,2023
2807906012,Madrid,40.455332,-3.707292,0.01369,972.0,71000.73046018991,39259.0,14864.0,25.5,2023,2023
2807906013,Madrid,40.456125,-3.706424,0.02207,1074.0,48663.34390575442,36711.0,14245.0,27.099999999999994,2023,2023
2807906014,Madrid,40.454922,-3.704596,0.04086,1132.0,27704.35633871757,42272.0,16786.0,19.299999999999997,2023,2023
2807906015,Madrid,40.45404,-3.706682,0.02112,1232.0,58333.333333333336,37116.0,14530.0,29.5,2023,2023
2807906016,Madrid,40.453508,-3.704653,0.03759,1855.0,49348.23091247673,37287.0,14505.0,32.099999999999994,2023,2023
2807906017,Madrid,40.452725,-3.705534,0.01781,1135.0,63728.24256035935,34931.0,13904.0,34.5,2023,2023
2807906018,Madrid,40.451735,-3.704583,0.03025,1420.0,46942.14876033058,39899.0,15738.0,30.400000000000006,2023,2023
2807906019,Madrid,40.450381,-3.704712,0.03809,2301.0,60409.55631399318,34194.0,13080.0,37.3,2023,2023
2807906021,Madrid,40.448554,-3.704793,0.03583,2125.0,59307.842590008375,36598.0,14124.0,33.0,2023,2023
2807906023,Madrid,40.447293,-3.705331,0.02001,1193.0,59620.189905047475,54553.0,20921.0,19.700000000000003,2023,2023
2807906024,Madrid,40.44706,-3.702186,0.01521,714.0,46942.800788954635,47301.0,23474.0,19.900000000000006,2023,2023
2807906025,Madrid,40.447842,-3.701191,0.01859,1074.0,57772.9962345347,38435.0,16232.0,32.3,2023,2023
2807906026,Madrid,40.447308,-3.699941,0.01745,995.0,57020.05730659026,44593.0,20674.0,17.599999999999994,2023,2023
2807906027,Madrid,40.447341,-3.698172,0.032,1228.0,38375.0,58233.0,28185.0,13.799999999999997,2023,2023
2807906028,Madrid,40.448683,-3.696136,0.0636,1456.0,22893.081761006288,92500.0,34359.0,9.099999999999994,2023,2023
2807906029,Madrid,40.449273,-3.693149,0.23989,1594.0,6644.712159739881,58392.0,32509.0,14.700000000000003,2023,2023
2807906031,Madrid,40.448909,-3.697958,0.03336,1135.0,34022.78177458033,67384.0,28164.0,10.0,2023,2023
2807906032,Madrid,40.448616,-3.700417,0.01658,1095.0,66043.42581423401,40414.0,18452.0,22.200000000000003,2023,2023
2807906033,Madrid,40.448641,-3.702803,0.04468,1498.0,33527.30528200537,43065.0,16744.0,29.799999999999997,2023,2023
2807906034,Madrid,40.44931,-3.700352,0.01603,875.0,54585.15283842795,40828.0,18793.0,24.5,2023,2023
2807906035,Madrid,40.450085,-3.701584,0.02061,1626.0,78893.74090247453,40952.0,16391.0,32.3,2023,2023
2807906036,Madrid,40.450958,-3.701694,0.03761,1086.0,28875.299122573786,42767.0,18777.0,23.799999999999997,2023,2023
2807906037,Madrid,40.450318,-3.69905,0.02098,1149.0,54766.44423260248,42838.0,19628.0,24.099999999999994,2023,2023
2807906038,Madrid,40.450359,-3.697516,0.01729,842.0,48698.66975130133,72061.0,30114.0,7.400000000000006,2023,2023
2807906039,Madrid,40.451626,-3.695842,0.02199,879.0,39972.71487039563,82349.0,30639.0,8.799999999999997,2023,2023
2807906040,Madrid,40.451715,-3.697376,0.02193,1107.0,50478.79616963064,85955.0,32461.0,6.599999999999994,2023,2023
2807906041,Madrid,40.451969,-3.699492,0.03471,1774.0,51109.19043503313,49854.0,23265.0,16.900000000000006,2023,2023
2807906042,Madrid,40.45235,-3.701807,0.04031,2030.0,50359.71223021583,45863.0,19505.0,24.299999999999997,2023,2023
2807906043,Madrid,40.453666,-3.700999,0.04315,1529.0,35434.53070683662,44583.0,21860.0,23.5,2023,2023
2807906044,Madrid,40.453349,-3.698241,0.0317,1025.0,32334.384858044166,73423.0,28121.0,7.900000000000006,2023,2023
2807906045,Madrid,40.453237,-3.69608,0.03565,1138.0,31921.458625525946,67885.0,26971.0,6.599999999999994,2023,2023
2807906046,Madrid,40.453946,-3.692487,0.13655,1628.0,11922.372757231782,75462.0,35091.0,11.099999999999994,2023,2023
2807906048,Madrid,40.455689,-3.693511,0.02797,980.0,35037.54022166607,74272.0,31161.0,9.299999999999997,2023,2023
2807906049,Madrid,40.455796,-3.695346,0.01545,806.0,52168.284789644014,62680.0,26255.0,7.900000000000006,2023,2023
2807906050,Madrid,40.454603,-3.695459,0.01386,624.0,45021.64502164502,60503.0,24526.0,7.799999999999997,2023,2023
2807906051,Madrid,40.455326,-3.696957,0.0412,1172.0,28446.601941747573,65752.0,26541.0,7.299999999999997,2023,2023
2807906052,Madrid,40.455624,-3.698369,0.02359,976.0,41373.463331920306,49069.0,22221.0,10.099999999999994,2023,2023
2807906053,Madrid,40.45498,-3.700868,0.04924,1290.0,26198.21283509342,49286.0,20012.0,18.700000000000003,2023,2023
2807906054,Madrid,40.456284,-3.700235,0.04786,1414.0,29544.504805683242,56208.0,23496.0,18.700000000000003,2023,2023
2807906056,Madrid,40.457849,-3.699098,0.05016,2394.0,47727.27272727272,41253.0,16647.0,30.200000000000003,2023,2023
2807906057,Madrid,40.458838,-3.698411,0.0316,1430.0,45253.16455696202,48222.0,21768.0,18.200000000000003,2023,2023
2807906058,Madrid,40.460182,-3.697629,0.03315,1187.0,35806.93815987934,48017.0,25874.0,14.700000000000003,2023,2023
2807906059,Madrid,40.4588,-3.695596,0.03838,1180.0,30745.179781136012,69285.0,34232.0,13.700000000000003,2023,2023
2807906060,Madrid,40.457081,-3.69658,0.02802,938.0,33476.08850820842,49399.0,22853.0,9.5,2023,2023
2807906061,Madrid,40.457369,-3.695349,0.01466,905.0,61732.60572987722,56595.0,25587.0,8.799999999999997,2023,2023
2807906062,Madrid,40.457767,-3.693303,0.06426,2085.0,32446.311858076566,82175.0,36015.0,12.0,2023,2023
2807906063,Madrid,40.457644,-3.691144,0.05388,1214.0,22531.551596139572,99324.0,36918.0,9.900000000000006,2023,2023
2807906064,Madrid,40.459947,-3.692085,0.06323,717.0,11339.554009172862,104774.0,36918.0,5.0,2023,2023
2807906065,Madrid,40.461417,-3.691882,0.05424,890.0,16408.554572271387,84794.0,36196.0,12.900000000000006,2023,2023
2807906066,Madrid,40.460323,-3.695225,0.02987,1351.0,45229.327084030796,52254.0,25749.0,14.700000000000003,2023,2023
2807906067,Madrid,40.461698,-3.696792,0.02882,1234.0,42817.487855655796,49042.0,21614.0,25.700000000000003,2023,2023
2807906068,Madrid,40.462251,-3.695288,0.04123,1242.0,30123.696337618236,39581.0,18260.0,20.599999999999994,2023,2023
2807906069,Madrid,40.463943,-3.69441,0.04331,1603.0,37012.237358577695,42647.0,19183.0,26.400000000000006,2023,2023
2807906070,Madrid,40.463548,-3.692582,0.05629,1434.0,25475.21762302363,48194.0,27075.0,16.400000000000006,2023,2023
2807906071,Madrid,40.463902,-3.690527,0.06974,1002.0,14367.651276168626,68600.0,31214.0,12.299999999999997,2023,2023
2807906072,Madrid,40.466068,-3.692747,0.0792,2169.0,27386.363636363632,44657.0,21458.0,20.099999999999994,2023,2023
2807906073,Madrid,40.469269,-3.697529,0.05163,1709.0,33100.910323455355,34849.0,14583.0,17.5,2023,2023
2807906074,Madrid,40.467838,-3.694314,0.03838,884.0,23032.82959874935,31333.0,15020.0,8.900000000000006,2023,2023
2807906075,Madrid,40.469814,-3.691862,0.02911,1097.0,37684.644452078326,37045.0,14454.0,26.299999999999997,2023,2023
2807906076,Madrid,40.467997,-3.690484,0.08134,918.0,11285.96016719941,47447.0,21819.0,22.900000000000006,2023,2023
2807906077,Madrid,40.470142,-3.689295,0.03792,983.0,25922.995780590714,51925.0,21631.0,18.599999999999994,2023,2023
2807906078,Madrid,40.471695,-3.689035,0.03641,1021.0,28041.7467728646,44581.0,17649.0,10.299999999999997,2023,2023
2807906079,Madrid,40.473554,-3.688328,0.02779,1063.0,38251.16948542641,58543.0,23799.0,18.0,2023,2023
2807906080,Madrid,40.472048,-3.690674,0.04394,1177.0,26786.52708238507,43222.0,17851.0,26.299999999999997,2023,2023
2807906081,Madrid,40.472522,-3.693562,0.07932,2470.0,31139.68734241049,36289.0,13646.0,18.400000000000006,2023,2023
2807906084,Madrid,40.473196,-3.696823,0.27803,1880.0,6761.8602309103335,37143.0,14002.0,11.0,2023,2023
2807906085,Madrid,40.470633,-3.693643,0.04346,1625.0,37390.704095720204,36490.0,13936.0,29.799999999999997,2023,2023
2807906089,Madrid,40.47108,-3.700693,0.02814,1115.0,39623.312011371716,33883.0,13189.0,19.700000000000003,2023,2023
2807906090,Madrid,40.469261,-3.700475,0.05773,2195.0,38021.8257405162,37962.0,14283.0,24.400000000000006,2023,2023
2807906091,Madrid,40.466882,-3.697766,0.03854,1559.0,40451.478982874934,39512.0,16286.0,24.400000000000006,2023,2023
2807906092,Madrid,40.464143,-3.697518,0.04907,1189.0,24230.690849806397,41818.0,17318.0,21.700000000000003,2023,2023
2807906093,Madrid,40.466994,-3.699956,0.0298,1335.0,44798.657718120805,35777.0,13996.0,28.5,2023,2023
2807906094,Madrid,40.465882,-3.701143,0.05326,2049.0,38471.64851671048,38011.0,15875.0,27.0,2023,2023
2807906095,Madrid,40.467538,-3.702179,0.02948,1103.0,37415.19674355495,39225.0,14696.0,18.599999999999994,2023,2023
2807906096,Madrid,40.468347,-3.702554,0.02703,1282.0,47428.782833888275,34294.0,13459.0,31.5,2023,2023
2807906097,Madrid,40.46929,-3.703548,0.02857,1516.0,53062.65313265663,36416.0,14259.0,20.400000000000006,2023,2023
2807906098,Madrid,40.468329,-3.704738,0.03296,610.0,18507.281553398057,33562.0,13555.0,14.900000000000006,2021,2021
2807906099,Madrid,40.468581,-3.708029,0.47541,1825.0,3838.7917797269724,34786.0,14573.0,28.200000000000003,2023,2023
2807906101,Madrid,40.466706,-3.706746,0.06376,2071.0,32481.179422835634,36055.0,14781.0,19.900000000000006,2023,2023
2807906102,Madrid,40.466027,-3.704498,0.04098,1782.0,43484.62664714495,37616.0,15418.0,21.799999999999997,2023,2023
2807906103,Madrid,40.464763,-3.704454,0.03973,1652.0,41580.66951925497,38829.0,16171.0,25.5,2023,2023
2807906104,Madrid,40.464059,-3.702559,0.03572,1279.0,35806.27099664054,35206.0,14546.0,29.0,2023,2023
2807906105,Madrid,40.463158,-3.700843,0.0503,1978.0,39324.05566600398,37594.0,15926.0,27.0,2023,2023
2807906106,Madrid,40.463911,-3.699465,0.03521,1251.0,35529.679068446465,37895.0,15805.0,26.099999999999994,2023,2023
2807906107,Madrid,40.462035,-3.698517,0.03669,1470.0,40065.41291905151,39410.0,17488.0,24.400000000000006,2023,2023
2807906108,Madrid,40.460261,-3.69999,0.03924,1449.0,36926.60550458716,40766.0,15550.0,33.3,2023,2023
2807906109,Madrid,40.460981,-3.701981,0.05297,2117.0,39966.01850103832,37767.0,14583.0,31.299999999999997,2023,2023
2807906110,Madrid,40.462361,-3.703747,0.04472,1421.0,31775.491949910553,36605.0,16157.0,27.700000000000003,2023,2023
2807906111,Madrid,40.462272,-3.705576,0.05435,2135.0,39282.42870285188,41368.0,17164.0,21.299999999999997,2023,2023
2807906112,Madrid,40.461989,-3.707387,0.03075,1071.0,34829.26829268293,35882.0,14277.0,21.5,2023,2023
2807906113,Madrid,40.460538,-3.706548,0.02405,1089.0,45280.665280665286,41195.0,17264.0,17.599999999999994,2023,2023
2807906114,Madrid,40.459942,-3.708473,0.04588,2130.0,46425.4577157803,38074.0,16234.0,22.799999999999997,2023,2023
2807906115,Madrid,40.459195,-3.707016,0.0214,1196.0,55887.850467289725,31554.0,12782.0,32.3,2023,2023
2807906116,Madrid,40.459444,-3.704508,0.04659,2199.0,47198.96973599485,36614.0,15479.0,25.900000000000006,2023,2023
2807906117,Madrid,40.458731,-3.702338,0.06331,2099.0,33154.320012636235,41667.0,17535.0,25.5,2023,2023
2807906118,Madrid,40.456672,-3.702811,0.0194,939.0,48402.0618556701,40137.0,16443.0,26.400000000000006,2023,2023
2807906119,Madrid,40.45531,-3.703078,0.01484,1021.0,68800.53908355795,39323.0,15848.0,28.799999999999997,2023,2023
2807906120,Madrid,40.45671,-3.703842,0.02303,1465.0,63612.67911419887,36550.0,13635.0,29.799999999999997,2023,2023
2807906121,Madrid,40.457825,-3.705293,0.03026,1219.0,40284.20356906808,36767.0,15254.0,26.099999999999994,2023,2023
2807906122,Madrid,40.457512,-3.706873,0.03863,1785.0,46207.61066528605,39974.0,16117.0,22.299999999999997,2023,2023
2807906123,Madrid,40.457468,-3.708803,0.0236,1349.0,57161.016949152545,37456.0,15087.0,25.400000000000006,2023,2023
2807906124,Madrid,40.458502,-3.710036,0.02816,1130.0,40127.840909090904,39106.0,15593.0,23.900000000000006,2023,2023
2807906125,Madrid,40.454423,-3.711902,0.06791,1519.0,22367.839787954646,55711.0,26023.0,6.700000000000003,2023,2023
2807906126,Madrid,40.465421,-3.697027,0.03763,1428.0,37948.445389317036,36691.0,16273.0,28.599999999999994,2023,2023
2807906127,Madrid,40.469401,-3.694459,0.05013,1457.0,29064.432475563535,41068.0,15490.0,10.0,2023,2023
2807906128,Madrid,40.47065,-3.698908,0.03326,1374.0,41310.883944678295,34625.0,14751.0,16.400000000000006,2023,2023
2807906129,Madrid,40.467303,-3.695884,0.05261,2077.0,39479.18646645125,36122.0,15127.0,21.900000000000006,2023,2023
2807907001,Madrid,40.431272,-3.715663,0.02611,1147.0,43929.52891612409,52310.0,25045.0,17.900000000000006,2023,2023
2807907002,Madrid,40.431126,-3.714031,0.01502,809.0,53861.51797603196,56977.0,24092.0,15.299999999999997,2023,2023
2807907003,Madrid,40.431015,-3.712614,0.02385,1195.0,50104.82180293501,45550.0,22255.0,20.900000000000006,2023,2023
2807907004,Madrid,40.432376,-3.7125,0.01943,1626.0,83685.02316006177,51437.0,24854.0,19.700000000000003,2023,2023
2807907005,Madrid,40.432426,-3.713931,0.01325,652.0,49207.547169811325,41481.0,19908.0,19.900000000000006,2021,2021
2807907006,Madrid,40.433113,-3.715046,0.02697,1476.0,54727.474972191325,58750.0,27644.0,12.0,2023,2023
2807907007,Madrid,40.432543,-3.716634,0.02159,862.0,39925.89161648911,59989.0,26349.0,10.0,2023,2023
2807907008,Madrid,40.434508,-3.717394,0.02867,1286.0,44855.24938960586,76952.0,32453.0,7.799999999999997,2023,2023
2807907009,Madrid,40.433764,-3.716153,0.01438,878.0,61057.02364394993,47232.0,21915.0,18.900000000000006,2023,2023
2807907010,Madrid,40.433623,-3.713012,0.03329,1064.0,31961.550015019526,55600.0,24898.0,17.200000000000003,2023,2023
2807907011,Madrid,40.434826,-3.712678,0.02334,1170.0,50128.534704370184,43894.0,22179.0,16.700000000000003,2023,2023
2807907012,Madrid,40.434826,-3.715142,0.02787,1418.0,50879.08144958737,47894.0,23142.0,18.400000000000006,2023,2023
2807907013,Madrid,40.436046,-3.717384,0.01644,815.0,49574.209245742095,64344.0,27761.0,12.299999999999997,2023,2023
2807907014,Madrid,40.43596,-3.715448,0.02374,1082.0,45577.0850884583,54911.0,25082.0,14.099999999999994,2023,2023
2807907016,Madrid,40.435845,-3.712842,0.0295,1512.0,51254.2372881356,43352.0,20730.0,18.599999999999994,2023,2023
2807907017,Madrid,40.436984,-3.712154,0.0205,920.0,44878.0487804878,60277.0,25126.0,10.0,2023,2023
2807907018,Madrid,40.437753,-3.71357,0.03056,1550.0,50719.89528795811,61378.0,26880.0,13.299999999999997,2023,2023
2807907019,Madrid,40.437133,-3.715376,0.02687,1142.0,42500.930405656865,58421.0,28172.0,11.700000000000003,2023,2023
2807907021,Madrid,40.438121,-3.716299,0.06242,1888.0,30246.71579621916,75846.0,32030.0,11.299999999999997,2023,2023
2807907023,Madrid,40.43828,-3.712053,0.02189,1012.0,46231.15577889447,81857.0,31597.0,8.400000000000006,2023,2023
2807907024,Madrid,40.438214,-3.710596,0.01492,716.0,47989.27613941019,50311.0,24221.0,10.599999999999994,2023,2023
2807907025,Madrid,40.438154,-3.709182,0.02112,1099.0,52035.98484848485,52562.0,22415.0,12.700000000000003,2023,2023
2807907026,Madrid,40.437641,-3.706554,0.08066,1777.0,22030.74634267295,52953.0,24631.0,12.0,2023,2023
2807907028,Madrid,40.436559,-3.70548,0.02178,1153.0,52938.47566574839,56987.0,25428.0,7.700000000000003,2023,2023
2807907030,Madrid,40.436845,-3.709273,0.01939,1136.0,58586.90046415678,53240.0,22783.0,11.599999999999994,2023,2023
2807907031,Madrid,40.436911,-3.71069,0.01411,829.0,58752.65768958186,54067.0,23887.0,11.700000000000003,2023,2023
2807907032,Madrid,40.43571,-3.709959,0.02847,1164.0,40885.142255005274,44046.0,22799.0,14.299999999999997,2023,2023
2807907034,Madrid,40.435602,-3.70767,0.01779,1443.0,81112.98482293423,45112.0,20476.0,17.200000000000003,2023,2023
2807907035,Madrid,40.435543,-3.70621,0.0123,736.0,59837.39837398374,49228.0,23951.0,15.900000000000006,2023,2023
2807907036,Madrid,40.434765,-3.704984,0.03195,1555.0,48669.7965571205,52812.0,25627.0,14.799999999999997,2023,2023
2807907038,Madrid,40.434378,-3.706266,0.01395,1030.0,73835.12544802867,48415.0,22946.0,14.299999999999997,2023,2023
2807907039,Madrid,40.43448,-3.707764,0.01896,935.0,49314.34599156118,58393.0,24262.0,13.799999999999997,2023,2023
2807907040,Madrid,40.434612,-3.710041,0.02999,1019.0,33977.992664221405,44913.0,24416.0,14.5,2023,2023
2807907041,Madrid,40.433481,-3.710161,0.03026,1313.0,43390.61467283543,47523.0,23373.0,24.700000000000003,2023,2023
2807907042,Madrid,40.433358,-3.707298,0.029,928.0,32000.0,97359.0,36095.0,7.599999999999994,2023,2023
2807907043,Madrid,40.432361,-3.705828,0.0366,1109.0,30300.546448087433,63074.0,29973.0,13.099999999999994,2023,2023
2807907044,Madrid,40.432181,-3.707995,0.01942,972.0,50051.49330587024,100350.0,35758.0,7.599999999999994,2023,2023
2807907045,Madrid,40.43227,-3.709601,0.01818,1002.0,55115.51155115511,48001.0,22253.0,19.299999999999997,2023,2023
2807907046,Madrid,40.432321,-3.711016,0.01472,723.0,49116.84782608695,47690.0,23948.0,17.400000000000006,2023,2023
2807907047,Madrid,40.430908,-3.711116,0.01969,1100.0,55865.9217877095,61501.0,28921.0,16.099999999999994,2023,2023
2807907048,Madrid,40.430762,-3.708893,0.04955,1855.0,37436.93239152372,64840.0,30932.0,13.5,2023,2023
2807907049,Madrid,40.430606,-3.706398,0.03262,700.0,21459.227467811157,74457.0,32204.0,11.900000000000006,2023,2023
2807907050,Madrid,40.429696,-3.704054,0.02256,853.0,37810.283687943265,56993.0,26966.0,22.5,2023,2023
2807907051,Madrid,40.429836,-3.701815,0.01917,810.0,42253.52112676056,48127.0,23658.0,25.299999999999997,2023,2023
2807907052,Madrid,40.430739,-3.702165,0.01434,727.0,50697.350069735,54236.0,24334.0,19.5,2023,2023
2807907053,Madrid,40.430691,-3.704192,0.02665,1429.0,53621.01313320825,49224.0,23796.0,19.200000000000003,2023,2023
2807907055,Madrid,40.432132,-3.704278,0.01876,747.0,39818.76332622601,59489.0,28005.0,21.0,2023,2023
2807907056,Madrid,40.431474,-3.702246,0.01356,729.0,53761.06194690266,49434.0,24287.0,16.599999999999994,2023,2023
2807907057,Madrid,40.431586,-3.700316,0.03931,1416.0,36021.36860849657,57816.0,27849.0,16.400000000000006,2023,2023
2807907058,Madrid,40.432389,-3.70255,0.02556,1154.0,45148.66979655712,50976.0,27344.0,21.400000000000006,2023,2023
2807907059,Madrid,40.43342,-3.702706,0.028,787.0,28107.142857142855,56534.0,26591.0,18.0,2023,2023
2807907060,Madrid,40.434358,-3.703218,0.02222,895.0,40279.02790279028,54192.0,26968.0,19.200000000000003,2023,2023
2807907061,Madrid,40.435394,-3.70323,0.02247,1227.0,54606.14152202937,50480.0,26310.0,14.599999999999994,2023,2023
2807907062,Madrid,40.436515,-3.70345,0.01654,1019.0,61608.22249093108,49593.0,23043.0,13.5,2023,2023
2807907063,Madrid,40.437807,-3.702641,0.04585,1242.0,27088.33151581243,59726.0,28121.0,11.299999999999997,2023,2023
2807907064,Madrid,40.437236,-3.700283,0.025,1102.0,44080.0,62169.0,26997.0,10.200000000000003,2023,2023
2807907065,Madrid,40.435652,-3.699998,0.0238,1347.0,56596.63865546218,49303.0,22211.0,22.5,2023,2023
2807907066,Madrid,40.43644,-3.70179,0.01688,1069.0,63329.38388625593,51037.0,25120.0,19.0,2023,2023
2807907067,Madrid,40.435162,-3.701301,0.02294,1100.0,47951.17698343505,59246.0,26108.0,16.0,2023,2023
2807907068,Madrid,40.434043,-3.699172,0.0223,1059.0,47488.78923766816,62366.0,27525.0,14.700000000000003,2023,2023
2807907069,Madrid,40.433678,-3.700639,0.02196,928.0,42258.65209471767,51459.0,26367.0,14.799999999999997,2023,2023
2807907070,Madrid,40.432667,-3.698946,0.02588,1225.0,47333.8485316847,55859.0,25921.0,16.900000000000006,2023,2023
2807907071,Madrid,40.431321,-3.698241,0.02552,1028.0,40282.13166144201,65124.0,28218.0,13.5,2023,2023
2807907072,Madrid,40.42961,-3.697943,0.06406,1439.0,22463.31564158601,68746.0,30230.0,17.400000000000006,2023,2023
2807907073,Madrid,40.428952,-3.699178,0.04458,1388.0,31135.038133692236,64390.0,29558.0,19.599999999999994,2023,2023
2807907075,Madrid,40.427089,-3.692282,0.09876,1037.0,10500.202511138112,104774.0,36918.0,17.200000000000003,2023,2023
2807907076,Madrid,40.428899,-3.694162,0.05609,788.0,14048.850062399715,104774.0,36918.0,13.200000000000003,2023,2023
2807907078,Madrid,40.430117,-3.693558,0.03308,1011.0,30562.273276904474,96202.0,36918.0,18.900000000000006,2023,2023
2807907079,Madrid,40.430795,-3.696039,0.03226,871.0,26999.38003719777,66282.0,29379.0,16.599999999999994,2023,2023
2807907080,Madrid,40.43193,-3.695007,0.05508,1176.0,21350.762527233117,101294.0,36918.0,12.5,2023,2023
2807907081,Madrid,40.43089,-3.690904,0.16495,1345.0,8153.986056380721,104774.0,36918.0,14.599999999999994,2023,2023
2807907082,Madrid,40.434199,-3.690553,0.07501,1120.0,14931.342487668313,81160.0,35206.0,15.799999999999997,2023,2023
2807907083,Madrid,40.433475,-3.692289,0.02069,733.0,35427.74287095215,104774.0,36918.0,14.700000000000003,2023,2023
2807907084,Madrid,40.433973,-3.694079,0.03473,1081.0,31125.82781456954,104774.0,36918.0,12.599999999999994,2023,2023
2807907085,Madrid,40.433896,-3.696618,0.07388,1237.0,16743.36762317271,78953.0,31913.0,14.900000000000006,2023,2023
2807907086,Madrid,40.435363,-3.697772,0.01665,859.0,51591.59159159158,98378.0,36918.0,12.5,2023,2023
2807907087,Madrid,40.435719,-3.694399,0.03293,930.0,28241.724870938353,83517.0,34684.0,19.299999999999997,2023,2023
2807907088,Madrid,40.436138,-3.695572,0.01707,1095.0,64147.62741652022,70010.0,29627.0,13.400000000000006,2023,2023
2807907089,Madrid,40.436226,-3.697859,0.02649,1321.0,49867.87466968667,59209.0,25960.0,19.0,2023,2023
2807907090,Madrid,40.437702,-3.699307,0.01974,958.0,48530.901722391085,48636.0,21444.0,25.299999999999997,2023,2023
2807907091,Madrid,40.437515,-3.697517,0.03593,840.0,23378.792095741723,47360.0,22505.0,20.400000000000006,2023,2023
2807907092,Madrid,40.437433,-3.694675,0.04969,1248.0,25115.717448178708,104774.0,36918.0,15.099999999999994,2023,2023
2807907093,Madrid,40.436457,-3.691363,0.08905,1284.0,14418.865805727119,104774.0,36918.0,16.700000000000003,2023,2023
2807907094,Madrid,40.438732,-3.693554,0.05955,1616.0,27136.859781696054,89907.0,35800.0,12.599999999999994,2023,2023
2807907095,Madrid,40.442989,-3.693169,0.21968,1385.0,6304.624908958485,99213.0,36138.0,9.700000000000003,2023,2023
2807907096,Madrid,40.440528,-3.695249,0.03609,1197.0,33167.08229426434,86681.0,36017.0,11.599999999999994,2023,2023
2807907097,Madrid,40.439465,-3.696949,0.03198,886.0,27704.81550969356,61377.0,27764.0,19.900000000000006,2023,2023
2807907098,Madrid,40.441185,-3.696804,0.01659,971.0,58529.23447860157,71171.0,30278.0,8.0,2023,2023
2807907099,Madrid,40.441257,-3.698335,0.01728,894.0,51736.11111111111,56957.0,27431.0,13.099999999999994,2023,2023
2807907100,Madrid,40.440118,-3.698425,0.01602,824.0,51435.70536828964,56444.0,27717.0,16.299999999999997,2023,2023
2807907101,Madrid,40.438984,-3.698517,0.01698,1211.0,71319.19905771497,46197.0,24117.0,18.799999999999997,2023,2023
2807907102,Madrid,40.44004,-3.702257,0.11441,1363.0,11913.294292456952,53421.0,25991.0,16.299999999999997,2023,2023
2807907103,Madrid,40.440887,-3.700245,0.04622,1439.0,31133.70835136305,55434.0,27192.0,19.700000000000003,2023,2023
2807907105,Madrid,40.442627,-3.703059,0.02196,1151.0,52413.47905282331,65883.0,27921.0,11.700000000000003,2023,2023
2807907106,Madrid,40.444183,-3.703376,0.02556,1262.0,49374.021909233175,59269.0,26439.0,14.599999999999994,2023,2023
2807907107,Madrid,40.443251,-3.701493,0.03456,966.0,27951.388888888887,80845.0,36918.0,11.200000000000003,2023,2023
2807907108,Madrid,40.443032,-3.699809,0.03505,1028.0,29329.529243937235,65174.0,26944.0,16.200000000000003,2023,2023
2807907109,Madrid,40.442954,-3.698191,0.03252,1238.0,38068.88068880689,58776.0,26967.0,10.5,2023,2023
2807907110,Madrid,40.442317,-3.696159,0.02828,1006.0,35572.84299858558,34876.0,18664.0,19.200000000000003,2023,2023
2807907111,Madrid,40.443433,-3.696174,0.02424,1271.0,52433.99339933993,61551.0,28443.0,14.400000000000006,2023,2023
2807907113,Madrid,40.445235,-3.696185,0.04803,2053.0,42744.11825942119,89629.0,36918.0,15.200000000000003,2023,2023
2807907114,Madrid,40.445306,-3.697989,0.03589,1762.0,49094.455280022295,60721.0,26467.0,9.200000000000003,2023,2023
2807907115,Madrid,40.445391,-3.6996,0.03963,1397.0,35251.07241988393,74786.0,33104.0,10.599999999999994,2023,2023
2807907116,Madrid,40.444809,-3.701764,0.0255,1139.0,44666.66666666667,84009.0,29009.0,9.599999999999994,2023,2023
2807907117,Madrid,40.44606,-3.702187,0.04718,1320.0,27977.956761339552,47262.0,21788.0,18.5,2023,2023
2807907118,Madrid,40.444793,-3.705064,0.08842,1482.0,16760.913820402624,48991.0,24598.0,17.400000000000006,2023,2023
2807907119,Madrid,40.446339,-3.706986,0.02392,1336.0,55852.84280936455,50448.0,24659.0,10.799999999999997,2023,2023
2807907120,Madrid,40.444005,-3.708129,0.19719,1577.0,7997.362949439626,64720.0,27409.0,4.099999999999994,2023,2023
2807907121,Madrid,40.440352,-3.705657,0.08611,1749.0,20311.229822320285,82803.0,34332.0,8.200000000000003,2023,2023
2807907122,Madrid,40.439386,-3.707365,0.02049,1156.0,56417.764763299165,59540.0,27739.0,12.299999999999997,2023,2023
2807907123,Madrid,40.43967,-3.709003,0.02589,1116.0,43105.446118192354,64080.0,29052.0,8.599999999999994,2023,2023
2807907124,Madrid,40.439337,-3.710937,0.01833,735.0,40098.19967266776,72435.0,27575.0,9.099999999999994,2023,2023
2807907125,Madrid,40.441432,-3.710819,0.12667,1000.0,7894.529091339701,94950.0,35107.0,8.200000000000003,2023,2023
2807907126,Madrid,40.440652,-3.713354,0.01445,1003.0,69411.76470588235,83059.0,29083.0,4.700000000000003,2023,2023
2807907127,Madrid,40.439977,-3.714253,0.03547,1438.0,40541.30250916267,65181.0,27403.0,7.799999999999997,2023,2023
2807907128,Madrid,40.439651,-3.716067,0.01835,754.0,41089.91825613079,88212.0,36873.0,8.200000000000003,2023,2023
2807907129,Madrid,40.440467,-3.717011,0.02646,812.0,30687.830687830687,66472.0,30176.0,10.5,2023,2023
2807907130,Madrid,40.441893,-3.716705,0.0637,1221.0,19167.974882260594,97379.0,36918.0,8.700000000000003,2023,2023
2807907131,Madrid,40.442042,-3.713775,0.02842,1252.0,44053.48346235046,90288.0,34346.0,6.099999999999994,2023,2023
2807907132,Madrid,40.44387,-3.717414,0.09724,925.0,9512.54627725216,93185.0,36477.0,14.0,2023,2023
2807907133,Madrid,40.44373,-3.713307,0.03345,1103.0,32974.5889387145,100063.0,36918.0,5.299999999999997,2023,2023
2807907134,Madrid,40.444526,-3.711558,0.04411,525.0,11902.063024257537,55036.0,20232.0,1.2999999999999972,2021,2021
2807907135,Madrid,40.445452,-3.715135,0.11632,937.0,8055.364511691884,66551.0,27963.0,7.599999999999994,2023,2023
2807908002,Madrid,40.536703,-3.819285,94.08,530.0,5.633503401360544,41780.0,17770.0,5.799999999999997,2023,2023
2807908003,Madrid,40.517906,-3.776382,0.08894,1145.0,12873.84753766584,38775.0,17392.0,4.400000000000006,2023,2023
2807908004,Madrid,40.569374,-3.714656,92.71389,592.0,6.385235265179791,42725.0,17948.0,6.400000000000006,2023,2023
2807908005,Madrid,40.482949,-3.741683,1.24699,1052.0,843.6314645666765,104774.0,36918.0,11.299999999999997,2023,2023
2807908006,Madrid,40.477125,-3.741289,0.08158,1030.0,12625.643540083354,104774.0,34573.0,4.0,2023,2023
2807908007,Madrid,40.475155,-3.739622,0.12132,1260.0,10385.756676557863,104774.0,36918.0,6.200000000000003,2023,2023
2807908008,Madrid,40.475141,-3.733236,0.33514,1632.0,4869.606731515188,92409.0,30937.0,8.799999999999997,2023,2023
2807908009,Madrid,40.474888,-3.726176,0.16631,1679.0,10095.604593830798,56733.0,22460.0,10.200000000000003,2023,2023
2807908010,Madrid,40.477164,-3.725678,0.12649,831.0,6569.689303502254,74314.0,25758.0,8.900000000000006,2023,2023
2807908011,Madrid,40.478641,-3.724017,0.05079,729.0,14353.219137625516,42946.0,16574.0,15.799999999999997,2023,2023
2807908012,Madrid,40.47996,-3.727188,0.15025,1400.0,9317.803660565723,92155.0,30478.0,8.400000000000006,2023,2023
2807908013,Madrid,40.479321,-3.731688,0.17293,1016.0,5875.209622390563,92138.0,29087.0,8.200000000000003,2023,2023
2807908014,Madrid,40.483779,-3.72324,0.01613,708.0,43893.36639801612,53839.0,22509.0,3.9000000000000057,2023,2023
2807908015,Madrid,40.481518,-3.723053,0.03443,949.0,27563.17165262852,49205.0,20193.0,6.799999999999997,2023,2023
2807908016,Madrid,40.481607,-3.721627,0.02405,1024.0,42577.96257796258,32131.0,12065.0,21.200000000000003,2023,2023
2807908017,Madrid,40.484179,-3.721571,0.05531,1759.0,31802.567347676733,48881.0,19507.0,10.5,2023,2023
2807908018,Madrid,40.483238,-3.720709,0.01448,822.0,56767.955801104974,31628.0,13348.0,18.5,2023,2023
2807908019,Madrid,40.483737,-3.718145,0.15377,883.0,5742.342459517461,30919.0,13144.0,18.200000000000003,2023,2023
2807908020,Madrid,40.481689,-3.717901,0.01775,841.0,47380.28169014085,39513.0,18218.0,13.0,2023,2023
2807908021,Madrid,40.480954,-3.719522,0.02209,1028.0,46536.89452240833,38573.0,15310.0,12.599999999999994,2023,2023
2807908022,Madrid,40.480392,-3.721004,0.01319,948.0,71872.63078089461,42164.0,17777.0,9.200000000000003,2023,2023
2807908023,Madrid,40.479827,-3.722326,0.01835,949.0,51716.62125340599,40895.0,17304.0,9.400000000000006,2023,2023
2807908024,Madrid,40.478018,-3.7195,0.09253,1812.0,19582.837998486975,54657.0,22380.0,5.700000000000003,2023,2023
2807908025,Madrid,40.479731,-3.716337,0.01834,853.0,46510.3598691385,38201.0,16589.0,13.5,2023,2023
2807908026,Madrid,40.479756,-3.719377,0.02358,1321.0,56022.05258693808,39081.0,17680.0,10.299999999999997,2023,2023
2807908027,Madrid,40.480622,-3.717449,0.02202,1282.0,58219.80018165304,39895.0,17521.0,10.400000000000006,2023,2023
2807908028,Madrid,40.482097,-3.715403,0.04698,1124.0,23925.074499787144,42593.0,17952.0,13.099999999999994,2023,2023
2807908029,Madrid,40.480661,-3.714463,0.04967,1511.0,30420.77712905174,55300.0,21315.0,5.0,2023,2023
2807908030,Madrid,40.481313,-3.71219,0.02544,1497.0,58844.339622641506,54920.0,21010.0,5.5,2023,2023
2807908031,Madrid,40.481812,-3.710014,0.04707,1434.0,30465.264499681325,64504.0,25256.0,3.5,2023,2023
2807908032,Madrid,40.482858,-3.71239,0.03845,699.0,18179.453836150846,43887.0,17771.0,10.200000000000003,2023,2023
2807908033,Madrid,40.484241,-3.710654,0.02062,1106.0,53637.2453928225,79298.0,27252.0,3.200000000000003,2023,2023
2807908034,Madrid,40.483221,-3.70806,0.11335,1602.0,14133.215703573003,80645.0,27900.0,4.0,2023,2023
2807908035,Madrid,40.487545,-3.702574,0.16831,1339.0,7955.5581961856105,83778.0,29629.0,4.799999999999997,2023,2023
2807908036,Madrid,40.48681,-3.700906,0.03474,1525.0,43897.52446747266,59616.0,23957.0,6.299999999999997,2023,2023
2807908037,Madrid,40.485032,-3.705516,0.02426,788.0,32481.450948062655,64848.0,25574.0,2.4000000000000057,2023,2023
2807908038,Madrid,40.48393,-3.705792,0.01924,805.0,41839.91683991684,59995.0,24942.0,4.799999999999997,2023,2023
2807908039,Madrid,40.484444,-3.704147,0.02345,1049.0,44733.47547974414,65565.0,24515.0,5.200000000000003,2023,2023
2807908040,Madrid,40.485243,-3.701919,0.0344,1010.0,29360.46511627907,67305.0,27138.0,3.5999999999999943,2023,2023
2807908041,Madrid,40.486248,-3.699683,0.02643,732.0,27695.80022701476,48828.0,19557.0,6.700000000000003,2023,2023
2807908042,Madrid,40.484932,-3.698958,0.0324,1369.0,42253.08641975309,47616.0,19652.0,6.200000000000003,2023,2023
2807908043,Madrid,40.484026,-3.701204,0.03624,1280.0,35320.08830022075,71981.0,27077.0,3.0,2023,2023
2807908044,Madrid,40.483052,-3.703985,0.04117,1484.0,36045.66431867865,62298.0,23768.0,3.200000000000003,2023,2023
2807908045,Madrid,40.47979,-3.70898,0.21777,948.0,4353.216696514672,42539.0,19120.0,11.599999999999994,2023,2023
2807908046,Madrid,40.478583,-3.713634,0.01988,1176.0,59154.92957746479,36815.0,16263.0,16.400000000000006,2023,2023
2807908047,Madrid,40.478466,-3.715413,0.02862,1392.0,48637.31656184486,35591.0,16225.0,14.900000000000006,2023,2023
2807908048,Madrid,40.477768,-3.714809,0.01999,1117.0,55877.93896948474,35187.0,16553.0,13.599999999999994,2023,2023
2807908049,Madrid,40.476347,-3.718454,0.11246,2222.0,19758.136226213763,75573.0,29082.0,4.5,2023,2023
2807908050,Madrid,40.474713,-3.717196,0.04417,1726.0,39076.29612859407,50146.0,19361.0,7.099999999999994,2023,2023
2807908051,Madrid,40.473753,-3.719507,0.0378,1248.0,33015.87301587302,56292.0,22244.0,4.599999999999994,2023,2023
2807908052,Madrid,40.471861,-3.716028,0.10112,2380.0,23536.392405063292,64708.0,25141.0,7.5,2023,2023
2807908053,Madrid,40.470996,-3.713378,0.07376,1251.0,16960.41214750542,33790.0,13870.0,20.5,2023,2023
2807908054,Madrid,40.471789,-3.710597,0.029,1081.0,37275.862068965514,53141.0,21712.0,5.599999999999994,2023,2023
2807908055,Madrid,40.472209,-3.706368,0.04807,1420.0,29540.2537965467,56456.0,22430.0,6.099999999999994,2023,2023
2807908056,Madrid,40.473704,-3.703667,0.03862,1180.0,30554.117037804244,55295.0,24382.0,5.299999999999997,2023,2023
2807908057,Madrid,40.47567,-3.703623,0.03089,1062.0,34380.058271285205,54529.0,24404.0,5.299999999999997,2023,2023
2807908058,Madrid,40.474694,-3.704864,0.01233,838.0,67964.31467964314,54964.0,24480.0,6.299999999999997,2023,2023
2807908059,Madrid,40.475119,-3.707766,0.11042,804.0,7281.28962144539,53942.0,24912.0,4.5,2023,2023
2807908060,Madrid,40.473458,-3.706545,0.04358,1195.0,27420.83524552547,59552.0,25665.0,6.099999999999994,2023,2023
2807908061,Madrid,40.47323,-3.709343,0.04266,963.0,22573.83966244726,37855.0,15756.0,15.400000000000006,2023,2023
2807908062,Madrid,40.472573,-3.71143,0.01189,692.0,58200.16820857864,34642.0,15267.0,17.5,2023,2023
2807908063,Madrid,40.473684,-3.711511,0.01158,831.0,71761.65803108808,31561.0,13655.0,15.799999999999997,2023,2023
2807908064,Madrid,40.472946,-3.713454,0.01771,1239.0,69960.4743083004,31206.0,13582.0,17.799999999999997,2023,2023
2807908065,Madrid,40.473839,-3.714604,0.01428,1006.0,70448.1792717087,32440.0,13666.0,20.400000000000006,2023,2023
2807908066,Madrid,40.475159,-3.713856,0.00839,805.0,95947.55661501788,31362.0,13565.0,21.400000000000006,2023,2023
2807908067,Madrid,40.475575,-3.712934,0.01498,1586.0,105874.49933244326,33472.0,13945.0,22.299999999999997,2023,2023
2807908068,Madrid,40.474277,-3.712727,0.03653,1013.0,27730.632356966875,33109.0,14901.0,16.799999999999997,2023,2023
2807908069,Madrid,40.47596,-3.712028,0.01188,907.0,76346.80134680135,32739.0,12965.0,18.700000000000003,2023,2023
2807908071,Madrid,40.475375,-3.714792,0.02346,957.0,40792.8388746803,32682.0,14913.0,16.400000000000006,2023,2023
2807908072,Madrid,40.476445,-3.71552,0.01161,930.0,80103.3591731266,33727.0,16206.0,13.799999999999997,2023,2023
2807908073,Madrid,40.476672,-3.714434,0.01165,920.0,78969.95708154506,33893.0,15575.0,17.799999999999997,2023,2023
2807908074,Madrid,40.476898,-3.713403,0.01055,934.0,88530.80568720379,34734.0,15551.0,15.900000000000006,2023,2023
2807908075,Madrid,40.477099,-3.712417,0.01073,931.0,86766.07642124883,33244.0,15556.0,18.0,2023,2023
2807908076,Madrid,40.477654,-3.71087,0.01552,914.0,58891.75257731958,35604.0,14796.0,21.799999999999997,2023,2023
2807908077,Madrid,40.478235,-3.708126,0.02196,1030.0,46903.46083788707,35589.0,14104.0,22.299999999999997,2023,2023
2807908078,Madrid,40.478661,-3.705036,0.0225,772.0,34311.11111111111,35248.0,15459.0,16.299999999999997,2023,2023
2807908079,Madrid,40.478051,-3.705083,0.00885,988.0,111638.41807909604,37402.0,16133.0,13.700000000000003,2023,2023
2807908080,Madrid,40.477785,-3.706425,0.01169,934.0,79897.34816082122,32157.0,15180.0,18.700000000000003,2023,2023
2807908081,Madrid,40.477464,-3.707897,0.01223,899.0,73507.76778413737,37015.0,16302.0,14.700000000000003,2023,2023
2807908082,Madrid,40.477177,-3.709321,0.01185,988.0,83375.52742616035,34525.0,14594.0,20.299999999999997,2023,2023
2807908083,Madrid,40.476926,-3.710767,0.01103,989.0,89664.55122393473,32158.0,14333.0,19.799999999999997,2023,2023
2807908084,Madrid,40.476021,-3.710936,0.01465,979.0,66825.9385665529,33951.0,14075.0,24.5,2023,2023
2807908085,Madrid,40.476161,-3.709542,0.01353,826.0,61049.51958610495,34060.0,14862.0,16.200000000000003,2023,2023
2807908086,Madrid,40.476476,-3.708097,0.01372,875.0,63775.510204081635,37039.0,14320.0,20.099999999999994,2023,2023
2807908087,Madrid,40.476741,-3.706838,0.00993,718.0,72306.14300100705,32514.0,13763.0,22.0,2023,2023
2807908088,Madrid,40.477012,-3.705585,0.01382,857.0,62011.577424023155,34602.0,15244.0,18.700000000000003,2023,2023
2807908089,Madrid,40.477279,-3.704197,0.01224,687.0,56127.45098039216,36398.0,16088.0,14.299999999999997,2023,2023
2807908090,Madrid,40.475648,-3.701779,0.05778,1151.0,19920.387677397022,56966.0,24386.0,5.299999999999997,2023,2023
2807908091,Madrid,40.477587,-3.702759,0.01394,797.0,57173.601147776186,39304.0,16973.0,16.200000000000003,2023,2023
2807908092,Madrid,40.478794,-3.703196,0.02327,962.0,41340.78212290503,38807.0,17488.0,11.099999999999994,2023,2023
2807908093,Madrid,40.479459,-3.701441,0.01765,946.0,53597.73371104816,49154.0,19996.0,11.299999999999997,2023,2023
2807908094,Madrid,40.47882,-3.700746,0.03354,1147.0,34197.97257006559,49783.0,19790.0,13.0,2023,2023
2807908095,Madrid,40.478552,-3.698673,0.06292,1544.0,24539.09726636999,67919.0,27523.0,3.0,2023,2023
2807908096,Madrid,40.476774,-3.700215,0.03636,1382.0,38008.800880088005,65151.0,26760.0,3.5,2023,2023
2807908097,Madrid,40.475404,-3.698893,0.02089,812.0,38870.27285782671,70095.0,27108.0,4.400000000000006,2023,2023
2807908098,Madrid,40.477056,-3.692021,0.54061,1755.0,3246.3328462292593,75287.0,27705.0,5.299999999999997,2023,2023
2807908099,Madrid,40.480951,-3.698083,0.34883,1442.0,4133.818765587823,73285.0,27862.0,6.200000000000003,2023,2023
2807908100,Madrid,40.482872,-3.697257,0.07372,1295.0,17566.467715680956,87293.0,31818.0,4.400000000000006,2023,2023
2807908102,Madrid,40.484491,-3.695287,0.05775,1968.0,34077.92207792208,84083.0,30770.0,4.099999999999994,2023,2023
2807908103,Madrid,40.482305,-3.689852,0.26686,1360.0,5096.30517874541,91445.0,35474.0,7.900000000000006,2023,2023
2807908104,Madrid,40.483668,-3.686315,0.0714,1365.0,19117.647058823528,32253.0,12605.0,28.900000000000006,2023,2023
2807908105,Madrid,40.485359,-3.685338,0.03641,892.0,24498.764075803352,31452.0,12490.0,31.700000000000003,2023,2023
2807908106,Madrid,40.485711,-3.687355,0.01959,1122.0,57274.119448698315,32404.0,11820.0,35.400000000000006,2023,2023
2807908107,Madrid,40.484629,-3.688074,0.0154,789.0,51233.76623376623,32277.0,12531.0,26.0,2023,2023
2807908108,Madrid,40.485408,-3.689463,0.01975,793.0,40151.898734177215,32644.0,13925.0,24.099999999999994,2023,2023
2807908109,Madrid,40.486609,-3.688344,0.03393,1332.0,39257.29442970822,35290.0,13413.0,28.299999999999997,2023,2023
2807908110,Madrid,40.48733,-3.690042,0.02741,1035.0,37759.94162714338,40242.0,17710.0,15.700000000000003,2023,2023
2807908111,Madrid,40.488342,-3.691221,0.51677,1671.0,3233.546839019293,50569.0,20440.0,19.599999999999994,2023,2023
2807908112,Madrid,40.488626,-3.6822,0.57972,1085.0,1871.5931829158903,30034.0,11843.0,10.200000000000003,2023,2023
2807908113,Madrid,40.492034,-3.685578,0.03025,969.0,32033.05785123967,39565.0,15455.0,16.099999999999994,2023,2023
2807908114,Madrid,40.491825,-3.688012,0.04358,924.0,21202.38641578706,30702.0,11349.0,17.200000000000003,2023,2023
2807908115,Madrid,40.492475,-3.690252,0.02437,1125.0,46163.31555190808,29859.0,10817.0,25.799999999999997,2023,2023
2807908116,Madrid,40.493187,-3.692005,0.02518,879.0,34908.65766481334,34163.0,12294.0,23.799999999999997,2023,2023
2807908117,Madrid,40.492758,-3.693161,0.03449,909.0,26355.465352276024,35587.0,13125.0,22.900000000000006,2023,2023
2807908119,Madrid,40.491531,-3.695398,0.13401,1731.0,12916.94649653011,37202.0,13878.0,19.599999999999994,2023,2023
2807908120,Madrid,40.493257,-3.695609,0.04228,1117.0,26419.110690633872,36887.0,13507.0,21.799999999999997,2023,2023
2807908121,Madrid,40.496979,-3.696776,0.41196,1407.0,3415.3801339935917,31724.0,12680.0,8.299999999999997,2023,2023
2807908122,Madrid,40.495173,-3.693213,0.04632,845.0,18242.6597582038,32637.0,12803.0,12.200000000000003,2023,2023
2807908123,Madrid,40.493678,-3.689467,0.06684,1473.0,22037.70197486535,38798.0,14118.0,23.599999999999994,2023,2023
2807908124,Madrid,40.49588,-3.690463,0.08543,1786.0,20906.004916305745,36195.0,13756.0,20.0,2023,2023
2807908125,Madrid,40.496906,-3.688167,0.06292,1397.0,22202.797202797203,41607.0,16097.0,23.099999999999994,2023,2023
2807908126,Madrid,40.494206,-3.686202,0.05895,1591.0,26988.973706530956,37792.0,15203.0,16.900000000000006,2023,2023
2807908128,Madrid,40.513357,-3.668454,0.96009,1969.0,2050.84939953546,80433.0,23402.0,8.599999999999994,2023,2023
2807908129,Madrid,40.523396,-3.700363,15.453,430.0,27.826312042969004,43513.0,16359.0,17.900000000000006,2023,2023
2807908131,Madrid,40.500766,-3.708112,0.70579,1815.0,2571.586449227107,90942.0,26040.0,6.400000000000006,2023,2023
2807908132,Madrid,40.495191,-3.703522,0.08892,1102.0,12393.162393162393,104774.0,36918.0,6.099999999999994,2023,2023
2807908133,Madrid,40.492536,-3.700137,0.09305,793.0,8522.299838796347,68352.0,23700.0,5.700000000000003,2023,2023
2807908134,Madrid,40.491811,-3.704313,0.35807,1350.0,3770.212528276594,104774.0,36918.0,9.599999999999994,2023,2023
2807908135,Madrid,40.498078,-3.711508,0.09865,2483.0,25169.79219462747,96368.0,30472.0,6.400000000000006,2023,2023
2807908136,Madrid,40.493746,-3.715387,0.08029,1270.0,15817.660978951302,63692.0,25252.0,6.5,2023,2023
2807908137,Madrid,40.491119,-3.711527,0.36851,1646.0,4466.6359121869145,104774.0,36918.0,4.900000000000006,2023,2023
2807908138,Madrid,40.486921,-3.711385,0.44668,1095.0,2451.4193606161007,104774.0,36918.0,8.200000000000003,2023,2023
2807908139,Madrid,40.50046,-3.728497,2.89951,2364.0,815.3101730982132,73479.0,22791.0,4.299999999999997,2023,2023
2807908140,Madrid,40.483549,-3.724882,0.03365,842.0,25022.2882615156,50594.0,19672.0,7.599999999999994,2023,2023
2807908141,Madrid,40.482824,-3.726641,0.04023,972.0,24161.073825503354,63753.0,23374.0,4.5,2023,2023
2807908142,Madrid,40.484142,-3.72699,0.11378,1198.0,10529.091228686939,61015.0,21955.0,3.799999999999997,2023,2023
2807908143,Madrid,40.485171,-3.733364,0.33449,2057.0,6149.660677449251,104774.0,34655.0,5.099999999999994,2023,2023
2807908144,Madrid,40.486235,-3.704127,0.04407,1475.0,33469.480372135244,77681.0,28614.0,5.099999999999994,2023,2023
2807908145,Madrid,40.482508,-3.732293,0.12762,1238.0,9700.673875568093,69379.0,27593.0,4.400000000000006,2023,2023
2807908146,Madrid,40.486149,-3.696918,0.0632,1395.0,22072.78481012658,79858.0,28918.0,2.5,2023,2023
2807908147,Madrid,40.495926,-3.715524,0.22728,1367.0,6014.607532558958,104774.0,32821.0,4.0,2023,2023
2807908148,Madrid,40.473157,-3.723021,0.15498,1894.0,12220.931733126854,61610.0,25069.0,6.5,2023,2023
2807908149,Madrid,40.478862,-3.721359,0.02714,705.0,25976.418570375827,50227.0,19947.0,5.400000000000006,2023,2023
2807908150,Madrid,40.482593,-3.694752,0.03625,1320.0,36413.793103448275,97314.0,35735.0,6.099999999999994,2023,2023
2807908151,Madrid,40.481891,-3.72436,0.03373,850.0,25200.118588793357,56547.0,22484.0,4.799999999999997,2023,2023
2807908152,Madrid,40.497106,-3.707604,0.0923,1591.0,17237.269772481042,104774.0,36918.0,4.0,2023,2023
2807908153,Madrid,40.498875,-3.68995,0.10193,1565.0,15353.674090061806,61458.0,23096.0,6.299999999999997,2023,2023
2807908154,Madrid,40.486978,-3.71777,0.06093,1596.0,26193.993106843922,80520.0,29743.0,3.5999999999999943,2023,2023
2807908155,Madrid,40.491912,-3.719462,0.27174,1598.0,5880.621182012218,67080.0,24215.0,3.4000000000000057,2023,2023
2807908156,Madrid,40.486928,-3.723991,0.06719,1310.0,19496.948950736718,71060.0,26627.0,3.5999999999999943,2023,2023
2807908157,Madrid,40.472202,-3.718595,0.06175,692.0,11206.477732793523,39924.0,21489.0,11.299999999999997,2023,2023
2807908158,Madrid,40.495854,-3.710033,0.08676,1533.0,17669.432918395574,104774.0,33798.0,3.0999999999999943,2023,2023
2807908159,Madrid,40.50325,-3.688465,0.35659,1969.0,5521.747665386018,90158.0,30969.0,6.099999999999994,2023,2023
2807908160,Madrid,40.50085,-3.672716,0.1606,3421.0,21301.3698630137,80382.0,26528.0,10.099999999999994,2023,2023
2807908161,Madrid,40.507404,-3.673195,0.10338,2060.0,19926.48481331012,76470.0,28022.0,14.299999999999997,2023,2023
2807908162,Madrid,40.502558,-3.692779,0.23494,1430.0,6086.660423938027,69425.0,26144.0,6.700000000000003,2023,2023
2807908163,Madrid,40.486931,-3.720896,0.09541,1838.0,19264.22806833665,75742.0,27970.0,4.700000000000003,2023,2023
2807908164,Madrid,40.505846,-3.706994,0.30444,3033.0,9962.554197871503,76198.0,25560.0,6.799999999999997,2023,2023
2807908165,Madrid,40.504566,-3.695679,0.16711,2522.0,15091.855663933935,91484.0,28637.0,5.299999999999997,2023,2023
2807908166,Madrid,40.497721,-3.679837,2.07075,1832.0,884.7036098032114,64454.0,21618.0,18.099999999999994,2023,2023
2807908167,Madrid,40.50795,-3.662879,0.82218,2461.0,2993.2618161473156,91135.0,26692.0,9.900000000000006,2023,2023
2807908168,Madrid,40.50622,-3.678764,0.08075,1352.0,16743.034055727552,52208.0,18046.0,7.799999999999997,2023,2023
2807908169,Madrid,40.508649,-3.698834,0.39056,3074.0,7870.749692748873,71284.0,24475.0,4.299999999999997,2023,2023
2807908170,Madrid,40.506104,-3.669671,0.10711,2864.0,26738.866585752967,68689.0,22855.0,7.799999999999997,2023,2023
2807908171,Madrid,40.499664,-3.667263,0.67913,1711.0,2519.3998203583997,68949.0,23215.0,8.799999999999997,2023,2023
2807908172,Madrid,40.497169,-3.67519,0.0825,2358.0,28581.81818181818,58133.0,20769.0,12.599999999999994,2023,2023
2807908173,Madrid,40.504198,-3.701197,0.09321,2048.0,21971.891427958373,86454.0,29201.0,7.299999999999997,2023,2023
2807908174,Madrid,40.512347,-3.67705,0.31395,1868.0,5949.992036948559,63475.0,23134.0,11.599999999999994,2023,2023
2807908175,Madrid,40.498228,-3.704478,0.1977,1220.0,6170.966110268083,104774.0,36918.0,4.700000000000003,2023,2023
2807908176,Madrid,40.512148,-3.690473,0.46513,3389.0,7286.135059015759,104553.0,31037.0,4.900000000000006,2023,2023
2807908177,Madrid,40.489466,-3.717138,0.03675,1326.0,36081.63265306123,55518.0,21059.0,3.0999999999999943,2023,2023
2807908178,Madrid,40.508331,-3.692493,0.12615,2162.0,17138.32738803012,75521.0,26024.0,6.0,2023,2023
2807908179,Madrid,40.500269,-3.67648,0.08315,1499.0,18027.660853878533,55678.0,20153.0,13.5,2023,2023
2807908180,Madrid,40.486747,-3.726426,0.05822,978.0,16798.35108210237,61966.0,22666.0,4.099999999999994,2023,2023
2807908181,Madrid,40.489223,-3.725967,0.33079,2794.0,8446.446385924606,93222.0,27428.0,3.5999999999999943,2023,2023
2807908182,Madrid,40.478596,-3.736492,0.14481,1677.0,11580.691941164285,95698.0,32498.0,4.799999999999997,2023,2023
2807908183,Madrid,40.50283,-3.702462,0.09217,2204.0,23912.335901052404,82785.0,27505.0,6.799999999999997,2023,2023
2807908184,Madrid,40.504635,-3.704954,0.06522,1669.0,25590.309720944497,79518.0,26603.0,7.5,2023,2023
2807908185,Madrid,40.504291,-3.667051,0.05448,1652.0,30323.054331864903,66870.0,22770.0,5.599999999999994,2023,2023
2807908186,Madrid,40.504478,-3.671268,0.06676,1611.0,24131.216297183943,63563.0,21684.0,9.099999999999994,2023,2023
2807908187,Madrid,40.50482,-3.675401,0.19204,2527.0,13158.71693397209,69357.0,24694.0,17.599999999999994,2023,2023
2807908188,Madrid,40.503302,-3.677748,0.08718,1952.0,22390.456526726313,55650.0,19443.0,8.400000000000006,2023,2023
2807909001,Madrid,40.423259,-3.725409,0.08793,1198.0,13624.474013419767,45202.0,21377.0,10.0,2023,2023
2807909002,Madrid,40.423078,-3.756186,15.55203,1243.0,79.92525734582559,46436.0,20734.0,10.799999999999997,2023,2023
2807909004,Madrid,40.425836,-3.729531,0.04318,1454.0,33672.99675775822,45874.0,19928.0,10.099999999999994,2023,2023
2807909005,Madrid,40.428093,-3.732545,0.03146,890.0,28289.89192625556,40751.0,18148.0,9.700000000000003,2023,2023
2807909006,Madrid,40.427603,-3.733804,0.0404,757.0,18737.62376237624,53795.0,22654.0,6.5,2023,2023
2807909007,Madrid,40.431487,-3.736096,0.11706,917.0,7833.589612164702,54154.0,21922.0,7.599999999999994,2023,2023
2807909008,Madrid,40.432141,-3.734152,0.09358,1171.0,12513.357555033128,65496.0,26946.0,6.099999999999994,2023,2023
2807909009,Madrid,40.426503,-3.728433,0.06676,1010.0,15128.81965248652,44002.0,21181.0,12.700000000000003,2023,2023
2807909010,Madrid,40.429326,-3.724526,1.21822,822.0,674.7549703666004,66822.0,29528.0,5.299999999999997,2023,2023
2807909011,Madrid,40.421911,-3.717806,0.02584,1444.0,55882.352941176476,54850.0,26463.0,20.599999999999994,2023,2023
2807909012,Madrid,40.420757,-3.716913,0.0198,681.0,34393.93939393939,49561.0,23638.0,17.200000000000003,2023,2023
2807909013,Madrid,40.421481,-3.715301,0.02522,1303.0,51665.34496431404,43000.0,20856.0,23.599999999999994,2023,2023
2807909014,Madrid,40.423605,-3.713311,0.09989,2118.0,21203.32365602162,63376.0,31156.0,22.400000000000006,2023,2023
2807909015,Madrid,40.425196,-3.715401,0.04047,1604.0,39634.29701013096,63761.0,27568.0,15.400000000000006,2023,2023
2807909016,Madrid,40.426428,-3.714264,0.02984,882.0,29557.64075067024,49899.0,23294.0,22.400000000000006,2023,2023
2807909017,Madrid,40.426952,-3.715916,0.02985,1099.0,36817.42043551089,59394.0,27315.0,15.0,2023,2023
2807909018,Madrid,40.426502,-3.718088,0.0378,1358.0,35925.92592592593,98247.0,36918.0,13.0,2023,2023
2807909019,Madrid,40.428378,-3.716409,0.05246,1373.0,26172.32176896683,84867.0,35967.0,9.900000000000006,2023,2023
2807909020,Madrid,40.427706,-3.719068,0.02236,910.0,40697.67441860465,83967.0,36699.0,10.700000000000003,2023,2023
2807909021,Madrid,40.428676,-3.720041,0.03339,1052.0,31506.43905360886,82795.0,33848.0,11.200000000000003,2023,2023
2807909022,Madrid,40.429627,-3.717483,0.03468,1103.0,31805.074971164933,62502.0,28415.0,14.799999999999997,2023,2023
2807909023,Madrid,40.430859,-3.718052,0.04365,1711.0,39198.16723940435,58027.0,23831.0,22.0,2023,2023
2807909024,Madrid,40.429627,-3.720816,0.01882,728.0,38682.25292242295,79004.0,31130.0,12.799999999999997,2023,2023
2807909025,Madrid,40.430242,-3.721468,0.01761,945.0,53662.69165247019,74880.0,28946.0,14.599999999999994,2023,2023
2807909026,Madrid,40.431123,-3.719395,0.01579,1204.0,76250.79164027866,49768.0,20186.0,22.200000000000003,2023,2023
2807909028,Madrid,40.433482,-3.719337,0.09523,1502.0,15772.340648955162,59834.0,26784.0,13.599999999999994,2023,2023
2807909029,Madrid,40.431607,-3.721189,0.03029,1017.0,33575.43743809838,71059.0,26484.0,9.700000000000003,2023,2023
2807909030,Madrid,40.431579,-3.723439,0.04026,1170.0,29061.10283159464,95976.0,36631.0,11.200000000000003,2023,2023
2807909031,Madrid,40.43289,-3.722276,0.03845,588.0,15292.5877763329,56881.0,25071.0,8.700000000000003,2023,2023
2807909033,Madrid,40.447509,-3.733861,6.88006,976.0,141.85922797184907,73706.0,29407.0,7.700000000000003,2023,2023
2807909034,Madrid,40.447321,-3.715928,0.05789,1633.0,28208.671618586977,87451.0,34536.0,8.299999999999997,2023,2023
2807909035,Madrid,40.446361,-3.713914,0.02082,843.0,40489.91354466858,73544.0,29921.0,4.5,2023,2023
2807909036,Madrid,40.4472,-3.710471,0.0281,1124.0,40000.0,51246.0,22063.0,11.799999999999997,2023,2023
2807909037,Madrid,40.449716,-3.712762,0.24935,2270.0,9103.669540806097,73869.0,31607.0,7.099999999999994,2023,2023
2807909038,Madrid,40.455073,-3.716479,0.0709,1179.0,16629.055007052186,60813.0,25633.0,8.200000000000003,2023,2023
2807909039,Madrid,40.456163,-3.713213,0.04464,1121.0,25112.007168458782,53036.0,23816.0,7.5,2023,2023
2807909040,Madrid,40.457164,-3.714791,0.05955,870.0,14609.571788413099,47938.0,21693.0,8.299999999999997,2023,2023
2807909041,Madrid,40.462904,-3.726657,0.39006,1659.0,4253.1918166435935,104724.0,34930.0,13.900000000000006,2023,2023
2807909043,Madrid,40.465014,-3.74648,6.18608,1957.0,316.35543025631745,104774.0,36918.0,12.0,2023,2023
2807909044,Madrid,40.466659,-3.725667,0.11513,1182.0,10266.65508555546,77769.0,28353.0,8.5,2023,2023
2807909045,Madrid,40.469717,-3.727362,0.04442,1085.0,24425.934263845113,98523.0,32749.0,7.299999999999997,2023,2023
2807909046,Madrid,40.471507,-3.725092,0.09028,1826.0,20225.96366858662,65532.0,26295.0,9.900000000000006,2023,2023
2807909047,Madrid,40.469339,-3.724051,0.09603,1453.0,15130.688326564614,54628.0,20773.0,10.200000000000003,2023,2023
2807909049,Madrid,40.468752,-3.721753,0.03062,1132.0,36969.301110385364,42898.0,17659.0,12.099999999999994,2023,2023
2807909050,Madrid,40.468941,-3.719952,0.02719,814.0,29937.477013607946,41123.0,17122.0,9.099999999999994,2023,2023
2807909051,Madrid,40.468064,-3.718379,0.03456,1276.0,36921.2962962963,48059.0,20505.0,8.700000000000003,2023,2023
2807909052,Madrid,40.46967,-3.71758,0.06307,1886.0,29903.282067543998,44721.0,19018.0,7.900000000000006,2023,2023
2807909053,Madrid,40.466252,-3.715176,0.05118,864.0,16881.594372801876,60421.0,24308.0,5.200000000000003,2023,2023
2807909054,Madrid,40.464747,-3.71824,0.02654,1343.0,50602.86360211002,33275.0,14018.0,19.599999999999994,2023,2023
2807909055,Madrid,40.466411,-3.720476,0.05796,1617.0,27898.550724637684,49108.0,20344.0,8.299999999999997,2023,2023
2807909056,Madrid,40.465556,-3.722127,0.09992,2055.0,20566.453162530026,56263.0,23156.0,6.900000000000006,2023,2023
2807909057,Madrid,40.46375,-3.719382,0.02565,909.0,35438.59649122807,35709.0,15556.0,14.200000000000003,2023,2023
2807909058,Madrid,40.463073,-3.717925,0.01658,961.0,57961.39927623643,33350.0,13893.0,17.700000000000003,2023,2023
2807909060,Madrid,40.464651,-3.716496,0.04131,1533.0,37109.65867828613,33361.0,14410.0,16.0,2023,2023
2807909061,Madrid,40.46382,-3.71519,0.02648,1012.0,38217.52265861027,34127.0,13105.0,22.299999999999997,2023,2023
2807909063,Madrid,40.465949,-3.712391,0.07458,1530.0,20514.883346741757,46286.0,18189.0,15.700000000000003,2023,2023
2807909064,Madrid,40.463725,-3.712183,0.08474,1686.0,19896.152938399813,35378.0,13203.0,21.799999999999997,2023,2023
2807909065,Madrid,40.463381,-3.71003,0.01762,1349.0,76560.72644721907,30624.0,12722.0,19.900000000000006,2023,2023
2807909066,Madrid,40.462328,-3.709311,0.02467,868.0,35184.43453587353,35936.0,14274.0,17.5,2023,2023
2807909067,Madrid,40.461301,-3.711358,0.02896,833.0,28763.812154696134,30371.0,12786.0,21.400000000000006,2023,2023
2807909068,Madrid,40.460453,-3.710282,0.0325,1053.0,32400.0,34314.0,15123.0,18.299999999999997,2023,2023
2807909069,Madrid,40.458814,-3.711839,0.03896,799.0,20508.213552361394,42578.0,17447.0,18.400000000000006,2023,2023
2807909070,Madrid,40.460828,-3.715559,0.27142,1325.0,4881.733107361285,54433.0,23417.0,7.599999999999994,2023,2023
2807909071,Madrid,40.470994,-3.776706,1.2779,1495.0,1169.8880976602238,104774.0,36918.0,11.700000000000003,2023,2023
2807909072,Madrid,40.469711,-3.820826,3.55303,1592.0,448.0682684919632,51943.0,16672.0,10.400000000000006,2023,2023
2807909073,Madrid,40.460305,-3.794938,0.58172,1374.0,2361.961080932407,104774.0,36918.0,7.900000000000006,2023,2023
2807909074,Madrid,40.457943,-3.784825,0.0977,1508.0,15435.005117707267,47788.0,19481.0,18.700000000000003,2023,2023
2807909075,Madrid,40.462024,-3.785342,0.72986,2627.0,3599.320417614337,102702.0,33056.0,12.799999999999997,2023,2023
2807909076,Madrid,40.458753,-3.780926,0.03475,1029.0,29611.510791366905,33043.0,13144.0,27.5,2023,2023
2807909077,Madrid,40.45753,-3.781058,0.05229,1150.0,21992.73283610633,47175.0,18578.0,19.599999999999994,2023,2023
2807909078,Madrid,40.455632,-3.766118,1.38176,2175.0,1574.0794349235757,104774.0,36918.0,9.099999999999994,2023,2023
2807909079,Madrid,40.448266,-3.772483,0.81097,1867.0,2302.181338397228,66919.0,25887.0,4.0,2023,2023
2807909080,Madrid,40.450387,-3.781552,0.23674,1686.0,7121.736926586128,80897.0,28417.0,5.099999999999994,2023,2023
2807909081,Madrid,40.429313,-3.731562,0.07064,865.0,12245.186862967159,68897.0,27751.0,6.5,2023,2023
2807909082,Madrid,40.470265,-3.721178,0.02445,825.0,33742.33128834356,44411.0,18808.0,10.799999999999997,2023,2023
2807909083,Madrid,40.446769,-3.780924,0.26197,1445.0,5515.898767034394,98059.0,30524.0,11.599999999999994,2023,2023
2807909084,Madrid,40.420525,-3.721762,0.0589,898.0,15246.179966044143,50074.0,23799.0,12.099999999999994,2023,2023
2807909085,Madrid,40.449713,-3.78833,0.16851,1553.0,9216.07026289241,95236.0,30530.0,4.900000000000006,2023,2023
2807909086,Madrid,40.466146,-3.773615,1.19951,2172.0,1810.7393852489765,104774.0,36918.0,8.900000000000006,2023,2023
2807909087,Madrid,40.456715,-3.775363,0.53461,2154.0,4029.1053291184226,104774.0,36918.0,7.599999999999994,2023,2023
2807909088,Madrid,40.445799,-3.787046,0.27008,2605.0,9645.29028436019,71277.0,26532.0,11.200000000000003,2023,2023
2807909089,Madrid,40.455754,-3.789184,0.28859,1650.0,5717.45382722894,104774.0,36918.0,7.400000000000006,2023,2023
2807909090,Madrid,40.467637,-3.716282,0.10868,2148.0,19764.446080235553,55594.0,22174.0,7.5,2023,2023
2807909091,Madrid,40.466455,-3.79078,0.78676,1837.0,2334.8924703848697,104774.0,36918.0,10.299999999999997,2023,2023
2807909092,Madrid,40.453383,-3.785578,0.39799,1060.0,2663.3835020980428,93172.0,29241.0,7.400000000000006,2023,2023
2807910001,Madrid,40.394825,-3.741392,0.0606,1087.0,17937.293729372937,36068.0,12622.0,24.599999999999994,2023,2023
2807910002,Madrid,40.39471,-3.739902,0.01926,937.0,48650.05192107996,28876.0,8628.0,16.099999999999994,2023,2023
2807910003,Madrid,40.396032,-3.738439,0.02682,965.0,35980.611483967186,25524.0,7963.0,14.700000000000003,2023,2023
2807910004,Madrid,40.397735,-3.737195,0.03613,830.0,22972.598948242456,30611.0,10861.0,29.0,2023,2023
2807910005,Madrid,40.396933,-3.740256,0.05542,1329.0,23980.512450378927,31908.0,11411.0,21.5,2023,2023
2807910006,Madrid,40.401831,-3.734723,0.69464,2483.0,3574.5134170217666,41859.0,16281.0,17.0,2023,2023
2807910007,Madrid,40.403246,-3.742924,0.02653,1445.0,54466.64153788164,32506.0,11735.0,29.299999999999997,2023,2023
2807910008,Madrid,40.403921,-3.742417,0.02326,1122.0,48237.31728288908,33499.0,12229.0,31.599999999999994,2023,2023
2807910009,Madrid,40.404175,-3.740609,0.0186,1194.0,64193.54838709678,32974.0,12287.0,27.099999999999994,2023,2023
2807910010,Madrid,40.403498,-3.739104,0.01325,902.0,68075.47169811321,35669.0,12388.0,24.900000000000006,2023,2023
2807910011,Madrid,40.406613,-3.723453,0.02547,747.0,29328.62190812721,45069.0,19695.0,9.900000000000006,2023,2023
2807910012,Madrid,40.407917,-3.722974,0.02595,964.0,37148.362235067434,41880.0,19118.0,10.299999999999997,2023,2023
2807910013,Madrid,40.411066,-3.723072,0.05944,732.0,12314.939434724092,49667.0,21541.0,7.900000000000006,2023,2023
2807910014,Madrid,40.410366,-3.725049,0.01948,837.0,42967.145790554416,62650.0,24225.0,6.799999999999997,2023,2023
2807910015,Madrid,40.410993,-3.726356,0.03963,1286.0,32450.16401715872,32417.0,14170.0,20.400000000000006,2023,2023
2807910016,Madrid,40.413033,-3.725177,0.03553,1313.0,36954.68618069238,45257.0,19985.0,17.400000000000006,2023,2023
2807910017,Madrid,40.415322,-3.723885,0.06181,973.0,15741.789354473387,70209.0,27147.0,15.400000000000006,2023,2023
2807910018,Madrid,40.412818,-3.726531,0.01818,871.0,47909.7909790979,38234.0,15950.0,29.5,2023,2023
2807910020,Madrid,40.408344,-3.727678,0.10217,847.0,8290.104727415093,32447.0,14161.0,18.5,2023,2023
2807910021,Madrid,40.410101,-3.728716,0.03526,1365.0,38712.42200794101,34804.0,15841.0,21.5,2023,2023
2807910022,Madrid,40.412684,-3.727571,0.02312,1107.0,47880.62283737024,36164.0,15150.0,33.400000000000006,2023,2023
2807910023,Madrid,40.412695,-3.729379,0.02639,915.0,34672.22432739674,34632.0,15401.0,28.0,2023,2023
2807910024,Madrid,40.411602,-3.729189,0.02479,1306.0,52682.5332795482,35825.0,14533.0,29.900000000000006,2023,2023
2807910025,Madrid,40.411132,-3.730927,0.03133,1265.0,40376.63581232046,35794.0,14871.0,22.5,2023,2023
2807910026,Madrid,40.413219,-3.731478,0.06066,950.0,15661.061655126938,38872.0,17531.0,17.0,2023,2023
2807910027,Madrid,40.411328,-3.733693,0.03006,1386.0,46107.78443113773,36176.0,16430.0,23.700000000000003,2023,2023
2807910028,Madrid,40.410802,-3.732192,0.0284,1325.0,46654.92957746478,34657.0,13783.0,29.200000000000003,2023,2023
2807910029,Madrid,40.409519,-3.731525,0.0363,1483.0,40853.99449035813,36005.0,14584.0,26.799999999999997,2023,2023
2807910030,Madrid,40.407985,-3.730631,0.03546,1417.0,39960.51889452905,32755.0,13366.0,25.799999999999997,2023,2023
2807910031,Madrid,40.405913,-3.732651,0.04295,885.0,20605.35506402794,34341.0,13051.0,26.5,2023,2023
2807910032,Madrid,40.408129,-3.732306,0.03269,2217.0,67818.90486387275,32314.0,13577.0,24.799999999999997,2023,2023
2807910033,Madrid,40.406711,-3.733541,0.02293,1081.0,47143.48015699957,32129.0,14759.0,24.099999999999994,2023,2023
2807910034,Madrid,40.408121,-3.734113,0.01742,714.0,40987.3708381171,28092.0,11500.0,24.0,2021,2021
2807910035,Madrid,40.409779,-3.734638,0.04786,948.0,19807.77267028834,34136.0,14094.0,24.299999999999997,2023,2023
2807910036,Madrid,40.411511,-3.736107,0.05359,1534.0,28624.743422280277,39216.0,17187.0,17.900000000000006,2023,2023
2807910037,Madrid,40.409222,-3.736792,0.05125,1798.0,35082.9268292683,33705.0,13770.0,25.900000000000006,2023,2023
2807910038,Madrid,40.407143,-3.736101,0.03292,916.0,27825.03037667072,38657.0,15026.0,25.900000000000006,2023,2023
2807910039,Madrid,40.40647,-3.734862,0.02362,1336.0,56562.235393734125,34234.0,12540.0,25.599999999999994,2023,2023
2807910040,Madrid,40.404746,-3.736187,0.0515,993.0,19281.553398058255,26684.0,11046.0,22.5,2023,2023
2807910041,Madrid,40.406052,-3.738187,0.02868,1647.0,57426.77824267782,32407.0,12422.0,28.599999999999994,2023,2023
2807910042,Madrid,40.407078,-3.738039,0.02729,1434.0,52546.72041040674,36776.0,14256.0,22.900000000000006,2023,2023
2807910043,Madrid,40.40876,-3.739088,0.0448,1518.0,33883.92857142857,36362.0,14482.0,22.900000000000006,2023,2023
2807910044,Madrid,40.409985,-3.739697,0.02886,872.0,30214.830214830214,42833.0,18578.0,18.0,2023,2023
2807910046,Madrid,40.407541,-3.740429,0.04078,1353.0,33178.02844531633,31147.0,12492.0,22.099999999999994,2023,2023
2807910047,Madrid,40.406181,-3.740895,0.02113,1117.0,52863.227638428776,31488.0,10144.0,34.599999999999994,2023,2023
2807910048,Madrid,40.405333,-3.740033,0.02527,1505.0,59556.78670360111,31382.0,10636.0,35.099999999999994,2023,2023
2807910049,Madrid,40.404675,-3.739963,0.02821,1294.0,45870.25877348458,30951.0,10814.0,30.400000000000006,2023,2023
2807910050,Madrid,40.404945,-3.743796,0.02623,1495.0,56995.80632863134,32303.0,11648.0,30.900000000000006,2023,2023
2807910051,Madrid,40.405891,-3.743968,0.02327,1076.0,46239.79372582725,33827.0,12393.0,29.099999999999994,2023,2023
2807910052,Madrid,40.406592,-3.743437,0.02264,1258.0,55565.37102473498,32778.0,11949.0,25.0,2023,2023
2807910053,Madrid,40.407604,-3.742857,0.03797,1182.0,31129.839346852783,35466.0,13250.0,26.799999999999997,2023,2023
2807910054,Madrid,40.405919,-3.747695,0.06812,1490.0,21873.165002935995,45495.0,19463.0,10.799999999999997,2023,2023
2807910055,Madrid,40.404815,-3.747176,0.05159,1135.0,22000.387672029465,44309.0,18094.0,15.5,2023,2023
2807910056,Madrid,40.403764,-3.745454,0.02581,1181.0,45757.45834947695,32663.0,12108.0,31.700000000000003,2023,2023
2807910057,Madrid,40.402147,-3.745861,0.03851,1595.0,41417.813554920795,31293.0,12289.0,26.5,2023,2023
2807910058,Madrid,40.402929,-3.747258,0.02195,1163.0,52984.05466970387,30545.0,11699.0,30.900000000000006,2023,2023
2807910059,Madrid,40.402635,-3.748448,0.03742,1271.0,33965.79369321218,30841.0,11454.0,25.200000000000003,2023,2023
2807910060,Madrid,40.398855,-3.750302,0.3372,1965.0,5827.402135231317,44695.0,17345.0,13.599999999999994,2023,2023
2807910061,Madrid,40.397535,-3.747596,0.05053,1719.0,34019.39441915694,30305.0,10495.0,28.700000000000003,2023,2023
2807910062,Madrid,40.397337,-3.745735,0.03707,942.0,25411.383868357163,28368.0,9516.0,30.5,2023,2023
2807910063,Madrid,40.39603,-3.745527,0.05715,1831.0,32038.495188101486,31668.0,10457.0,28.0,2023,2023
2807910065,Madrid,40.396075,-3.749673,0.03285,836.0,25449.01065449011,30381.0,11682.0,23.700000000000003,2023,2023
2807910067,Madrid,40.403745,-3.75209,0.03687,919.0,24925.41361540548,36895.0,16055.0,13.599999999999994,2023,2023
2807910068,Madrid,40.404339,-3.750696,0.02755,808.0,29328.493647912885,36167.0,15699.0,16.700000000000003,2023,2023
2807910069,Madrid,40.405859,-3.751159,0.03947,1483.0,37572.84013174563,35414.0,12773.0,25.5,2023,2023
2807910070,Madrid,40.406497,-3.751716,0.02048,1170.0,57128.90624999999,36247.0,14222.0,24.099999999999994,2023,2023
2807910072,Madrid,40.408131,-3.746255,0.13199,2189.0,16584.589741647094,43565.0,18093.0,14.799999999999997,2023,2023
2807910073,Madrid,40.407604,-3.750875,0.02676,1243.0,46449.92526158445,33733.0,12643.0,27.400000000000006,2023,2023
2807910074,Madrid,40.406624,-3.753378,0.02322,825.0,35529.7157622739,40180.0,18523.0,14.5,2023,2023
2807910075,Madrid,40.405273,-3.754161,0.02898,947.0,32677.708764665287,35710.0,14574.0,22.299999999999997,2023,2023
2807910076,Madrid,40.40477,-3.755883,0.04123,955.0,23162.745573611446,40496.0,16600.0,15.200000000000003,2023,2023
2807910077,Madrid,40.404093,-3.757649,0.03857,857.0,22219.341457091003,32408.0,13260.0,25.799999999999997,2023,2023
2807910078,Madrid,40.403059,-3.759333,0.03882,1186.0,30551.262235960843,38276.0,15377.0,23.200000000000003,2023,2023
2807910081,Madrid,40.393991,-3.74844,0.23422,1178.0,5029.459482537784,46458.0,19666.0,6.5,2023,2023
2807910082,Madrid,40.393802,-3.742969,0.0475,1019.0,21452.631578947367,31737.0,11546.0,26.299999999999997,2023,2023
2807910083,Madrid,40.392975,-3.743402,0.02136,817.0,38249.06367041198,34339.0,11347.0,24.799999999999997,2023,2023
2807910084,Madrid,40.391455,-3.743817,0.03606,2364.0,65557.40432612313,30332.0,10606.0,34.3,2023,2023
2807910086,Madrid,40.391107,-3.745403,0.02145,1658.0,77296.03729603729,29016.0,10728.0,32.099999999999994,2023,2023
2807910087,Madrid,40.388785,-3.748426,0.31846,862.0,2706.7763612384597,57971.0,23921.0,2.5,2023,2023
2807910088,Madrid,40.385515,-3.751687,0.04358,1279.0,29348.32491968793,36228.0,14503.0,20.200000000000003,2023,2023
2807910089,Madrid,40.384305,-3.753401,0.0306,1042.0,34052.28758169935,33788.0,14295.0,17.900000000000006,2023,2023
2807910090,Madrid,40.385699,-3.7539,0.03131,854.0,27275.63078888534,44238.0,18273.0,10.099999999999994,2023,2023
2807910091,Madrid,40.384814,-3.758439,0.08134,977.0,12011.310548315712,51462.0,20543.0,6.799999999999997,2023,2023
2807910092,Madrid,40.385934,-3.75527,0.03578,863.0,24119.619899385132,39151.0,14357.0,20.299999999999997,2023,2023
2807910093,Madrid,40.386466,-3.75643,0.02187,909.0,41563.786008230454,34955.0,13633.0,25.299999999999997,2023,2023
2807910094,Madrid,40.385793,-3.758175,0.0161,1189.0,73850.93167701864,29342.0,11500.0,31.0,2023,2023
2807910095,Madrid,40.386475,-3.759023,0.02642,1284.0,48599.545798637395,33427.0,12816.0,25.700000000000003,2023,2023
2807910096,Madrid,40.387932,-3.758119,0.02253,1599.0,70972.03728362183,29417.0,11521.0,33.599999999999994,2023,2023
2807910098,Madrid,40.38781,-3.75687,0.02239,1145.0,51138.90129522108,34039.0,13467.0,22.0,2023,2023
2807910099,Madrid,40.387712,-3.754246,0.04686,1173.0,25032.01024327785,39652.0,15456.0,20.0,2023,2023
2807910100,Madrid,40.389062,-3.752839,0.02613,1005.0,38461.53846153846,36528.0,14964.0,17.700000000000003,2023,2023
2807910101,Madrid,40.390783,-3.752332,0.02857,1037.0,36296.81484074204,38236.0,15742.0,12.5,2023,2023
2807910102,Madrid,40.390955,-3.750604,0.04536,652.0,14373.89770723104,39820.0,16216.0,13.0,2023,2023
2807910103,Madrid,40.392855,-3.750755,0.02389,1180.0,49393.05148597739,30652.0,12464.0,24.599999999999994,2023,2023
2807910106,Madrid,40.394075,-3.754111,0.07592,1339.0,17636.986301369863,48620.0,20016.0,8.799999999999997,2023,2023
2807910107,Madrid,40.392272,-3.752844,0.03082,977.0,31700.19467878001,46036.0,19515.0,8.099999999999994,2023,2023
2807910108,Madrid,40.391849,-3.754499,0.02504,798.0,31869.009584664538,42661.0,17292.0,13.200000000000003,2023,2023
2807910109,Madrid,40.389955,-3.754625,0.05833,1400.0,24001.371506943255,42475.0,17845.0,11.799999999999997,2023,2023
2807910110,Madrid,40.389279,-3.756304,0.01373,1663.0,121121.63146394756,29775.0,12115.0,26.900000000000006,2023,2023
2807910111,Madrid,40.389217,-3.75794,0.01358,762.0,56111.9293078056,24184.0,10176.0,25.299999999999997,2021,2021
2807910112,Madrid,40.3905,-3.757938,0.0144,1083.0,75208.33333333333,28896.0,11732.0,32.400000000000006,2023,2023
2807910113,Madrid,40.390102,-3.756877,0.01587,965.0,60806.55324511658,30174.0,11988.0,28.799999999999997,2023,2023
2807910114,Madrid,40.391119,-3.756195,0.01582,1112.0,70290.77117572693,30306.0,11980.0,28.099999999999994,2023,2023
2807910115,Madrid,40.391743,-3.75745,0.02009,1154.0,57441.51319064211,29348.0,12193.0,25.5,2023,2023
2807910116,Madrid,40.392939,-3.756418,0.02401,1336.0,55643.481882548935,40664.0,17172.0,11.400000000000006,2023,2023
2807910117,Madrid,40.394029,-3.757528,0.02972,1120.0,37685.06056527591,49056.0,19940.0,10.200000000000003,2023,2023
2807910118,Madrid,40.394522,-3.756329,0.01787,1105.0,61835.47845551203,41730.0,17445.0,13.400000000000006,2023,2023
2807910119,Madrid,40.396399,-3.755804,0.06046,1444.0,23883.559378101225,52583.0,20930.0,5.700000000000003,2023,2023
2807910120,Madrid,40.394692,-3.759208,0.10955,1238.0,11300.77590141488,38102.0,14773.0,22.5,2023,2023
2807910121,Madrid,40.389653,-3.759742,0.11073,1176.0,10620.428068274181,30359.0,13350.0,20.099999999999994,2023,2023
2807910122,Madrid,40.38821,-3.762068,0.05435,1112.0,20459.98160073597,42651.0,16225.0,15.599999999999994,2023,2023
2807910123,Madrid,40.388585,-3.764268,0.07703,894.0,11605.86784369726,41397.0,17030.0,14.200000000000003,2023,2023
2807910124,Madrid,40.390541,-3.76384,0.04269,1456.0,34106.3480908878,33187.0,12292.0,27.400000000000006,2023,2023
2807910125,Madrid,40.389848,-3.761723,0.01996,815.0,40831.66332665331,37623.0,14051.0,23.900000000000006,2023,2023
2807910126,Madrid,40.391483,-3.761976,0.0269,1353.0,50297.39776951673,34908.0,13039.0,19.400000000000006,2023,2023
2807910127,Madrid,40.391633,-3.760599,0.01769,1003.0,56698.69983041266,31825.0,13087.0,21.799999999999997,2023,2023
2807910128,Madrid,40.392972,-3.762769,0.04824,1307.0,27093.69817578773,39431.0,16224.0,14.799999999999997,2023,2023
2807910129,Madrid,40.39246,-3.764442,0.02213,1239.0,55987.34749209218,40144.0,17598.0,12.599999999999994,2023,2023
2807910130,Madrid,40.392552,-3.766111,0.04521,1574.0,34815.30634815306,41295.0,16980.0,15.200000000000003,2023,2023
2807910131,Madrid,40.392037,-3.767915,0.0608,1463.0,24062.5,44569.0,17876.0,14.5,2023,2023
2807910132,Madrid,40.394139,-3.769447,0.05889,1102.0,18712.85447444388,44386.0,17648.0,18.599999999999994,2023,2023
2807910133,Madrid,40.395909,-3.766794,0.0739,1725.0,23342.354533152913,47876.0,19051.0,15.900000000000006,2023,2023
2807910134,Madrid,40.394185,-3.766013,0.03348,647.0,19324.970131421742,32759.0,14091.0,17.200000000000003,2021,2021
2807910135,Madrid,40.394626,-3.764097,0.02796,794.0,28397.711015736768,35863.0,16024.0,16.400000000000006,2023,2023
2807910136,Madrid,40.394782,-3.761018,0.03138,1204.0,38368.38750796686,37572.0,15004.0,23.700000000000003,2023,2023
2807910137,Madrid,40.395939,-3.760199,0.01522,1080.0,70959.2641261498,29551.0,11330.0,32.099999999999994,2023,2023
2807910138,Madrid,40.397383,-3.759413,0.02394,708.0,29573.934837092733,42979.0,18684.0,11.599999999999994,2023,2023
2807910139,Madrid,40.397899,-3.760763,0.02242,1159.0,51694.91525423729,33859.0,12307.0,22.900000000000006,2023,2023
2807910140,Madrid,40.395901,-3.762116,0.03987,823.0,20642.086782041635,39018.0,16599.0,16.200000000000003,2023,2023
2807910142,Madrid,40.397304,-3.762709,0.03943,1860.0,47172.203905655595,34044.0,12402.0,25.700000000000003,2023,2023
2807910143,Madrid,40.397368,-3.764701,0.05731,1354.0,23625.894259291574,39558.0,14852.0,19.900000000000006,2023,2023
2807910144,Madrid,40.397595,-3.76759,0.04187,1612.0,38500.119417243855,29807.0,10087.0,39.4,2023,2023
2807910145,Madrid,40.398806,-3.768448,0.04729,1578.0,33368.576866145064,34822.0,12586.0,29.799999999999997,2023,2023
2807910146,Madrid,40.398729,-3.771208,0.05756,1366.0,23731.758165392635,33745.0,12436.0,27.700000000000003,2023,2023
2807910147,Madrid,40.396179,-3.770131,0.04223,1721.0,40753.01918067725,31733.0,10719.0,39.0,2023,2023
2807910148,Madrid,40.395556,-3.771956,0.04866,1611.0,33107.27496917386,29137.0,9944.0,37.9,2023,2023
2807910149,Madrid,40.397129,-3.772492,0.02989,1993.0,66677.81866845099,30850.0,10918.0,36.7,2023,2023
2807910150,Madrid,40.397848,-3.773411,0.01915,811.0,42349.86945169713,27811.0,10670.0,31.099999999999994,2021,2021
2807910151,Madrid,40.399168,-3.774733,0.07796,1873.0,24025.141097998974,36145.0,13054.0,29.599999999999994,2023,2023
2807910152,Madrid,40.39625,-3.777662,0.1582,836.0,5284.450063211125,52775.0,21262.0,7.099999999999994,2023,2023
2807910153,Madrid,40.394734,-3.774256,0.1113,2646.0,23773.584905660377,43995.0,18158.0,16.200000000000003,2023,2023
2807910154,Madrid,40.39389,-3.780558,0.03652,864.0,23658.269441401975,33522.0,13673.0,16.900000000000006,2023,2023
2807910156,Madrid,40.379964,-3.791093,0.06235,801.0,12846.83239775461,53500.0,21572.0,5.900000000000006,2023,2023
2807910157,Madrid,40.381127,-3.792058,0.06987,744.0,10648.34693001288,54149.0,21278.0,2.5,2023,2023
2807910158,Madrid,40.384375,-3.806341,8.23481,1108.0,134.5507668057915,55110.0,21227.0,2.9000000000000057,2023,2023
2807910159,Madrid,40.37712,-3.79537,0.10484,1122.0,10702.022128958413,55266.0,20719.0,2.5,2023,2023
2807910161,Madrid,40.382527,-3.783947,0.14967,1651.0,11030.934723057393,34060.0,14597.0,13.0,2023,2023
2807910162,Madrid,40.382963,-3.780602,0.0179,914.0,51061.452513966484,29128.0,13362.0,17.700000000000003,2023,2023
2807910163,Madrid,40.383892,-3.778862,0.04205,761.0,18097.502972651608,31792.0,13030.0,17.700000000000003,2023,2023
2807910164,Madrid,40.384627,-3.780457,0.02194,1479.0,67411.12123974475,28267.0,11805.0,27.400000000000006,2023,2023
2807910165,Madrid,40.388428,-3.774615,0.59867,1110.0,1854.1099437085538,41742.0,16014.0,11.799999999999997,2023,2023
2807910167,Madrid,40.384919,-3.771069,0.4378,2211.0,5050.251256281407,46267.0,18064.0,10.900000000000006,2023,2023
2807910168,Madrid,40.382038,-3.77994,0.01837,1341.0,72999.45563418618,31782.0,12607.0,25.200000000000003,2023,2023
2807910169,Madrid,40.380897,-3.782873,0.03237,815.0,25177.63361136855,31121.0,12382.0,21.299999999999997,2023,2023
2807910170,Madrid,40.378987,-3.783529,0.0317,1141.0,35993.69085173502,38220.0,15000.0,11.5,2023,2023
2807910171,Madrid,40.377093,-3.782138,0.03345,1139.0,34050.822122571,35244.0,14384.0,12.599999999999994,2023,2023
2807910172,Madrid,40.378149,-3.781022,0.02399,746.0,31096.2901208837,36926.0,14800.0,14.099999999999994,2023,2023
2807910173,Madrid,40.379638,-3.781846,0.04087,1548.0,37876.19280645951,39026.0,15858.0,13.200000000000003,2023,2023
2807910174,Madrid,40.379955,-3.779432,0.07398,889.0,12016.761286834279,38131.0,15653.0,8.299999999999997,2023,2023
2807910175,Madrid,40.380573,-3.778517,0.01879,809.0,43054.81639169771,37407.0,15331.0,12.5,2023,2023
2807910176,Madrid,40.380646,-3.777114,0.02861,1237.0,43236.630548759174,35737.0,14847.0,12.400000000000006,2023,2023
2807910178,Madrid,40.378182,-3.775489,0.06066,1045.0,17227.167820639632,37741.0,15755.0,9.900000000000006,2023,2023
2807910179,Madrid,40.377888,-3.778792,0.02525,1104.0,43722.77227722772,30746.0,13836.0,15.0,2023,2023
2807910180,Madrid,40.37663,-3.780368,0.0284,1210.0,42605.6338028169,35226.0,14394.0,14.099999999999994,2023,2023
2807910181,Madrid,40.376165,-3.778781,0.0365,1159.0,31753.424657534248,31711.0,13260.0,16.0,2023,2023
2807910182,Madrid,40.37671,-3.777147,0.0394,1162.0,29492.38578680203,28184.0,12110.0,23.400000000000006,2023,2023
2807910183,Madrid,40.375824,-3.775816,0.03217,1023.0,31799.81349082997,35687.0,14649.0,14.400000000000006,2023,2023
2807910184,Madrid,40.375535,-3.773956,0.04223,973.0,23040.49254084774,37340.0,15594.0,10.599999999999994,2023,2023
2807910185,Madrid,40.377277,-3.773311,0.02988,788.0,26372.15528781794,36568.0,13390.0,20.799999999999997,2023,2023
2807910187,Madrid,40.38074,-3.775185,0.06725,1395.0,20743.49442379182,36293.0,13049.0,19.599999999999994,2023,2023
2807910188,Madrid,40.38178,-3.772888,0.03277,1024.0,31248.092767775404,36326.0,13757.0,15.700000000000003,2023,2023
2807910189,Madrid,40.379869,-3.773033,0.04579,1514.0,33063.98777025552,34132.0,14011.0,16.700000000000003,2023,2023
2807910190,Madrid,40.378895,-3.771718,0.04028,1176.0,29195.630585898707,32237.0,12987.0,23.0,2023,2023
2807910191,Madrid,40.377992,-3.770117,0.04489,1539.0,34283.80485631544,33560.0,13582.0,18.099999999999994,2023,2023
2807910192,Madrid,40.375388,-3.769321,0.07477,1673.0,22375.28420489501,39747.0,16743.0,9.099999999999994,2023,2023
2807910193,Madrid,40.376748,-3.771108,0.02505,787.0,31417.165668662674,35725.0,15105.0,10.799999999999997,2023,2023
2807910194,Madrid,40.375013,-3.771745,0.04384,950.0,21669.70802919708,38277.0,15901.0,12.799999999999997,2023,2023
2807910197,Madrid,40.37413,-3.76363,0.07871,1624.0,20632.70232499047,46124.0,17448.0,11.200000000000003,2023,2023
2807910198,Madrid,40.375937,-3.765418,0.15403,2021.0,13120.820619359865,37800.0,15286.0,14.599999999999994,2023,2023
2807910199,Madrid,40.378098,-3.767761,0.0879,1629.0,18532.423208191125,37235.0,15358.0,13.299999999999997,2023,2023
2807910201,Madrid,40.380494,-3.770144,0.03641,1069.0,29360.065915957155,38371.0,16414.0,13.700000000000003,2023,2023
2807910202,Madrid,40.382194,-3.770766,0.0372,789.0,21209.67741935484,42842.0,16712.0,11.299999999999997,2023,2023
2807910203,Madrid,40.382206,-3.768533,0.05501,1560.0,28358.480276313396,37165.0,15531.0,11.599999999999994,2023,2023
2807910204,Madrid,40.383409,-3.766369,0.03147,921.0,29265.96758817922,35114.0,14307.0,18.5,2023,2023
2807910205,Madrid,40.380125,-3.760873,0.57445,1315.0,2289.146139785882,52594.0,20386.0,6.200000000000003,2023,2023
2807910206,Madrid,40.41478,-3.72694,0.06142,1288.0,20970.367958319766,54099.0,24811.0,11.700000000000003,2023,2023
2807910207,Madrid,40.399732,-3.760809,0.16966,1375.0,8104.444182482612,48448.0,19918.0,11.799999999999997,2023,2023
2807910209,Madrid,40.380633,-3.766585,0.06697,1260.0,18814.394505002238,41890.0,17702.0,14.200000000000003,2023,2023
2807910210,Madrid,40.379474,-3.764082,0.07097,1103.0,15541.778216147666,36608.0,14262.0,9.0,2023,2023
2807910211,Madrid,40.410405,-3.724138,0.04283,1035.0,24165.304692972215,42793.0,20975.0,11.099999999999994,2023,2023
2807910212,Madrid,40.402764,-3.753951,0.05226,919.0,17585.151167240718,51453.0,21546.0,8.0,2023,2023
2807910213,Madrid,40.401319,-3.751664,0.12711,2257.0,17756.27409330501,55169.0,21242.0,6.099999999999994,2023,2023
2807910214,Madrid,40.387524,-3.765758,0.15437,1772.0,11478.91429681933,47879.0,19560.0,4.299999999999997,2023,2023
2807910215,Madrid,40.402997,-3.735684,0.13052,1432.0,10971.498620901011,52102.0,19552.0,6.700000000000003,2023,2023
2807910216,Madrid,40.371764,-3.767199,0.07984,1312.0,16432.865731462927,50190.0,20877.0,5.200000000000003,2023,2023
2807910217,Madrid,40.404765,-3.723697,0.04486,1007.0,22447.614801604996,41520.0,18081.0,14.400000000000006,2023,2023
2807910218,Madrid,40.400994,-3.756985,0.17744,1181.0,6655.770964833184,58535.0,21689.0,4.099999999999994,2023,2023
2807910219,Madrid,40.402051,-3.741978,0.10407,1359.0,13058.518304987028,46632.0,19631.0,5.200000000000003,2023,2023
2807910220,Madrid,40.369915,-3.764062,0.18181,1797.0,9883.944777514987,36457.0,12506.0,24.099999999999994,2023,2023
2807910221,Madrid,40.368587,-3.784987,5.11231,1413.0,276.3916898623127,48151.0,20144.0,9.299999999999997,2023,2023
2807911001,Madrid,40.397585,-3.713217,0.08774,1199.0,13665.374971506724,36537.0,16464.0,24.099999999999994,2023,2023
2807911002,Madrid,40.395903,-3.710042,0.0218,1602.0,73486.23853211009,39953.0,17762.0,15.0,2023,2023
2807911003,Madrid,40.395284,-3.708544,0.02682,1710.0,63758.38926174497,42544.0,18999.0,11.0,2023,2023
2807911004,Madrid,40.394621,-3.706558,0.04751,1465.0,30835.613555041047,42885.0,19371.0,12.799999999999997,2023,2023
2807911005,Madrid,40.392822,-3.707861,0.03385,1088.0,32141.802067946825,38172.0,17251.0,15.299999999999997,2023,2023
2807911006,Madrid,40.392857,-3.709472,0.02607,1298.0,49789.02953586498,36658.0,16214.0,19.299999999999997,2023,2023
2807911007,Madrid,40.394236,-3.71054,0.05338,2185.0,40932.93368302735,34912.0,13703.0,25.5,2023,2023
2807911010,Madrid,40.396757,-3.714698,0.01795,841.0,46852.367688022285,39641.0,18070.0,14.599999999999994,2023,2023
2807911011,Madrid,40.395721,-3.714425,0.01173,841.0,71696.50468883205,41479.0,16552.0,15.900000000000006,2023,2023
2807911012,Madrid,40.395239,-3.712884,0.04366,2094.0,47961.52084287678,33890.0,15014.0,28.400000000000006,2023,2023
2807911013,Madrid,40.393209,-3.713872,0.08758,1604.0,18314.683717743777,33067.0,13536.0,25.900000000000006,2023,2023
2807911015,Madrid,40.392207,-3.711515,0.03969,1507.0,37969.261778785585,34836.0,14589.0,21.200000000000003,2023,2023
2807911016,Madrid,40.391011,-3.710538,0.04049,1209.0,29859.224499876513,31589.0,13353.0,27.900000000000006,2023,2023
2807911017,Madrid,40.391205,-3.714381,0.02818,1199.0,42547.90631653655,28301.0,12234.0,23.799999999999997,2023,2023
2807911018,Madrid,40.3904,-3.713926,0.01874,745.0,39754.53575240128,32994.0,11793.0,16.099999999999994,2023,2023
2807911019,Madrid,40.389531,-3.714614,0.02862,756.0,26415.094339622643,40273.0,15752.0,20.5,2023,2023
2807911021,Madrid,40.38774,-3.715825,0.04892,1521.0,31091.578086672118,33937.0,11563.0,31.900000000000006,2023,2023
2807911022,Madrid,40.388318,-3.718155,0.06674,1541.0,23089.601438417743,38112.0,15132.0,17.5,2023,2023
2807911023,Madrid,40.388886,-3.720677,0.02752,1376.0,50000.0,30977.0,11889.0,28.799999999999997,2023,2023
2807911024,Madrid,40.389367,-3.722335,0.02938,1476.0,50238.257317903335,32854.0,12505.0,27.0,2023,2023
2807911025,Madrid,40.387903,-3.722661,0.03625,1366.0,37682.75862068966,36593.0,13182.0,22.5,2023,2023
2807911026,Madrid,40.385868,-3.721242,0.05595,2334.0,41715.81769436997,35714.0,13959.0,27.799999999999997,2023,2023
2807911028,Madrid,40.386351,-3.724567,0.03496,1021.0,29204.80549199085,42823.0,15829.0,17.799999999999997,2023,2023
2807911029,Madrid,40.389546,-3.724565,0.03338,871.0,26093.46914319952,35337.0,13271.0,20.900000000000006,2023,2023
2807911030,Madrid,40.388134,-3.725331,0.0557,880.0,15798.922800718134,34840.0,12253.0,30.200000000000003,2023,2023
2807911031,Madrid,40.386688,-3.726589,0.02394,897.0,37468.67167919799,39580.0,17686.0,9.0,2023,2023
2807911032,Madrid,40.387526,-3.729252,0.04254,1627.0,38246.356370474845,32998.0,11509.0,33.7,2023,2023
2807911033,Madrid,40.388514,-3.729355,0.0335,1854.0,55343.28358208955,34655.0,10798.0,41.9,2023,2023
2807911034,Madrid,40.389893,-3.728465,0.03527,1115.0,31613.269067195914,34122.0,12692.0,33.5,2023,2023
2807911035,Madrid,40.389741,-3.726897,0.04087,1261.0,30853.927085882067,36467.0,12664.0,32.400000000000006,2023,2023
2807911036,Madrid,40.391721,-3.725428,0.0372,1307.0,35134.40860215054,34124.0,12505.0,32.0,2023,2023
2807911037,Madrid,40.391409,-3.723749,0.03101,1493.0,48145.75943244115,32834.0,12274.0,35.0,2023,2023
2807911038,Madrid,40.391063,-3.72232,0.02611,1201.0,45997.70202987361,31741.0,12132.0,29.200000000000003,2023,2023
2807911039,Madrid,40.390506,-3.718988,0.09892,2239.0,22634.4520824909,39387.0,16708.0,18.599999999999994,2023,2023
2807911040,Madrid,40.392732,-3.721666,0.01256,998.0,79458.59872611465,29427.0,11457.0,30.299999999999997,2023,2023
2807911041,Madrid,40.393366,-3.722632,0.0363,1541.0,42451.79063360882,31307.0,10982.0,35.900000000000006,2023,2023
2807911042,Madrid,40.393215,-3.72054,0.03496,1312.0,37528.604118993135,32765.0,12870.0,26.099999999999994,2023,2023
2807911043,Madrid,40.395501,-3.719124,0.0204,1117.0,54754.90196078431,37411.0,16274.0,24.700000000000003,2023,2023
2807911044,Madrid,40.393145,-3.717688,0.16024,1900.0,11857.214178731903,47371.0,19387.0,9.700000000000003,2023,2023
2807911045,Madrid,40.394383,-3.715866,0.02651,724.0,27310.448887212373,42759.0,19545.0,11.599999999999994,2023,2023
2807911046,Madrid,40.396197,-3.717288,0.01612,827.0,51302.72952853599,34903.0,16823.0,17.200000000000003,2023,2023
2807911047,Madrid,40.396251,-3.719594,0.02135,1435.0,67213.11475409835,35705.0,14715.0,27.099999999999994,2023,2023
2807911048,Madrid,40.397573,-3.719366,0.04503,1501.0,33333.333333333336,33480.0,12432.0,11.099999999999994,2023,2023
2807911049,Madrid,40.39878,-3.717166,0.08158,1994.0,24442.265261093406,41548.0,18113.0,18.0,2023,2023
2807911050,Madrid,40.399883,-3.721038,0.03878,1223.0,31536.8746776689,42898.0,18581.0,13.599999999999994,2023,2023
2807911051,Madrid,40.402123,-3.723297,0.06263,1449.0,23135.877375059874,43143.0,18873.0,14.299999999999997,2023,2023
2807911054,Madrid,40.399495,-3.726226,0.60773,1176.0,1935.0698500979054,30074.0,10480.0,14.099999999999994,2023,2023
2807911055,Madrid,40.398102,-3.731405,0.11074,1385.0,12506.772620552645,30591.0,11629.0,31.0,2023,2023
2807911056,Madrid,40.396942,-3.735624,0.05022,1242.0,24731.182795698925,30310.0,10811.0,35.0,2023,2023
2807911057,Madrid,40.396575,-3.733774,0.0265,1281.0,48339.622641509435,32109.0,11609.0,29.900000000000006,2023,2023
2807911058,Madrid,40.396745,-3.731343,0.01759,821.0,46674.24673109721,31397.0,12003.0,22.799999999999997,2023,2023
2807911059,Madrid,40.395737,-3.731907,0.03007,1402.0,46624.54273362155,30677.0,12006.0,29.799999999999997,2023,2023
2807911060,Madrid,40.394862,-3.729405,0.08208,1198.0,14595.51656920078,44253.0,17803.0,8.799999999999997,2023,2023
2807911061,Madrid,40.394692,-3.723363,0.03976,1104.0,27766.599597585515,33006.0,12437.0,33.3,2023,2023
2807911062,Madrid,40.394057,-3.725546,0.04063,1870.0,46025.10460251046,31081.0,12112.0,36.1,2023,2023
2807911063,Madrid,40.393137,-3.727966,0.07487,2312.0,30880.192333377854,33240.0,12638.0,25.400000000000006,2023,2023
2807911065,Madrid,40.391698,-3.728882,0.0525,1576.0,30019.04761904762,43550.0,17712.0,11.5,2023,2023
2807911066,Madrid,40.392583,-3.731475,0.02691,664.0,24674.842066146415,25235.0,9610.0,12.799999999999997,2021,2021
2807911067,Madrid,40.389939,-3.732743,0.07469,1848.0,24742.268041237112,42025.0,16908.0,17.299999999999997,2023,2023
2807911068,Madrid,40.391332,-3.736126,0.0239,1345.0,56276.15062761506,31859.0,11104.0,32.8,2023,2023
2807911069,Madrid,40.392237,-3.737717,0.03893,2221.0,57051.117390187515,32676.0,11267.0,28.900000000000006,2023,2023
2807911070,Madrid,40.392504,-3.734569,0.06131,2261.0,36878.16016962975,33113.0,11642.0,33.8,2023,2023
2807911071,Madrid,40.39464,-3.733165,0.05132,1948.0,37957.91114575214,30982.0,11314.0,23.0,2023,2023
2807911072,Madrid,40.394394,-3.734682,0.02845,1630.0,57293.49736379614,29742.0,10854.0,32.2,2023,2023
2807911073,Madrid,40.395098,-3.73694,0.03526,1575.0,44668.17923993193,30949.0,9783.0,34.3,2023,2023
2807911074,Madrid,40.393952,-3.738977,0.0217,963.0,44377.8801843318,30879.0,10147.0,37.4,2023,2023
2807911075,Madrid,40.393374,-3.73786,0.04325,717.0,16578.034682080925,35261.0,15852.0,15.200000000000003,2023,2023
2807911078,Madrid,40.390406,-3.737078,0.03148,1661.0,52763.65946632782,33277.0,10903.0,34.8,2023,2023
2807911079,Madrid,40.389752,-3.738421,0.01839,1030.0,56008.700380641654,30445.0,10851.0,33.400000000000006,2023,2023
2807911080,Madrid,40.391155,-3.739398,0.0314,2039.0,64936.305732484085,31768.0,10657.0,34.3,2023,2023
2807911081,Madrid,40.391278,-3.741159,0.04755,2004.0,42145.11041009463,31826.0,11734.0,35.400000000000006,2023,2023
2807911082,Madrid,40.389413,-3.740323,0.02505,1231.0,49141.71656686627,32087.0,11055.0,33.400000000000006,2023,2023
2807911083,Madrid,40.389165,-3.742032,0.01835,1050.0,57220.708446866476,30828.0,10057.0,36.2,2023,2023
2807911085,Madrid,40.389658,-3.743218,0.0448,2467.0,55066.96428571429,32201.0,11162.0,34.900000000000006,2023,2023
2807911086,Madrid,40.387594,-3.74297,0.02633,1201.0,45613.368780858335,31034.0,11360.0,31.5,2023,2023
2807911087,Madrid,40.387257,-3.741117,0.02678,1633.0,60978.34204630321,31024.0,10850.0,35.400000000000006,2023,2023
2807911088,Madrid,40.385475,-3.742831,0.03282,1742.0,53077.391834247406,32284.0,11828.0,30.700000000000003,2023,2023
2807911089,Madrid,40.38691,-3.744631,0.0394,2142.0,54365.48223350254,32377.0,12257.0,31.099999999999994,2023,2023
2807911091,Madrid,40.385656,-3.744982,0.02187,1563.0,71467.76406035665,30782.0,10966.0,30.799999999999997,2023,2023
2807911092,Madrid,40.384406,-3.745494,0.02535,1257.0,49585.79881656804,33117.0,12276.0,27.700000000000003,2023,2023
2807911093,Madrid,40.385646,-3.747206,0.05422,1214.0,22390.261895979344,42629.0,16813.0,17.0,2023,2023
2807911094,Madrid,40.383751,-3.74882,0.05916,1310.0,22143.340094658553,54869.0,21798.0,5.299999999999997,2023,2023
2807911095,Madrid,40.381786,-3.749823,0.05892,1072.0,18194.161575016973,47023.0,19235.0,7.700000000000003,2023,2023
2807911096,Madrid,40.38198,-3.753939,0.29907,858.0,2868.893570067208,39992.0,17139.0,8.900000000000006,2023,2023
2807911097,Madrid,40.378732,-3.750418,0.0725,1136.0,15668.96551724138,36538.0,15276.0,15.5,2023,2023
2807911098,Madrid,40.378584,-3.753547,0.08327,1435.0,17233.097153836916,39020.0,14949.0,14.799999999999997,2023,2023
2807911099,Madrid,40.376935,-3.751198,0.04184,1000.0,23900.57361376673,39422.0,16109.0,11.799999999999997,2023,2023
2807911100,Madrid,40.381081,-3.746566,0.08568,2148.0,25070.02801120448,36865.0,13079.0,19.299999999999997,2023,2023
2807911101,Madrid,40.382775,-3.744754,0.07437,1644.0,22105.687777329567,35544.0,12900.0,22.900000000000006,2023,2023
2807911102,Madrid,40.383825,-3.742845,0.04749,1453.0,30595.914929458835,32206.0,12137.0,25.0,2023,2023
2807911103,Madrid,40.385139,-3.741138,0.03635,1761.0,48445.66712517194,32870.0,12427.0,27.099999999999994,2023,2023
2807911104,Madrid,40.38566,-3.73937,0.03396,1215.0,35777.385159010606,35115.0,13695.0,25.0,2023,2023
2807911105,Madrid,40.385982,-3.736938,0.01761,976.0,55423.055082339575,31869.0,11252.0,36.2,2023,2023
2807911106,Madrid,40.386671,-3.738731,0.0412,1040.0,25242.718446601943,35666.0,12325.0,33.0,2023,2023
2807911107,Madrid,40.388188,-3.740098,0.02535,1266.0,49940.82840236686,37752.0,13783.0,26.599999999999994,2023,2023
2807911108,Madrid,40.388448,-3.73817,0.02596,1260.0,48536.209553158704,32860.0,12410.0,28.400000000000006,2023,2023
2807911109,Madrid,40.388236,-3.736505,0.02975,1414.0,47529.41176470588,30182.0,10471.0,34.599999999999994,2023,2023
2807911110,Madrid,40.386707,-3.735971,0.01679,1220.0,72662.29898749256,34521.0,11136.0,33.7,2023,2023
2807911111,Madrid,40.387502,-3.734943,0.02615,1380.0,52772.46653919694,33122.0,10686.0,36.6,2023,2023
2807911112,Madrid,40.388753,-3.734262,0.05345,1348.0,25219.831618334894,34963.0,13356.0,27.0,2023,2023
2807911113,Madrid,40.387001,-3.731707,0.05012,1679.0,33499.60095770152,34807.0,11686.0,37.5,2023,2023
2807911114,Madrid,40.386091,-3.733263,0.02786,1420.0,50969.131371141426,33599.0,12449.0,31.599999999999994,2023,2023
2807911115,Madrid,40.385998,-3.729398,0.0403,2140.0,53101.73697270471,32926.0,11834.0,31.299999999999997,2023,2023
2807911116,Madrid,40.384837,-3.729785,0.01966,959.0,48779.247202441504,30829.0,11424.0,32.099999999999994,2023,2023
2807911117,Madrid,40.38466,-3.731561,0.03054,1937.0,63425.016371971185,30427.0,9714.0,36.0,2023,2023
2807911118,Madrid,40.384207,-3.732862,0.02021,1194.0,59079.66353290451,30023.0,10843.0,27.400000000000006,2023,2023
2807911119,Madrid,40.383589,-3.730357,0.02725,1438.0,52770.64220183486,31828.0,10448.0,38.3,2023,2023
2807911120,Madrid,40.38273,-3.73162,0.02145,1249.0,58228.43822843823,29917.0,10304.0,31.099999999999994,2023,2023
2807911121,Madrid,40.381906,-3.731894,0.02276,1709.0,75087.87346221441,29289.0,9380.0,36.8,2023,2023
2807911122,Madrid,40.380691,-3.732348,0.01999,1287.0,64382.19109554777,29285.0,9105.0,43.4,2023,2023
2807911123,Madrid,40.381747,-3.736737,0.48899,480.0,981.6151659543141,36355.0,13022.0,24.0,2023,2023
2807911124,Madrid,40.381759,-3.741588,0.0505,1739.0,34435.64356435643,36014.0,12996.0,22.200000000000003,2023,2023
2807911125,Madrid,40.379633,-3.743349,0.11207,1560.0,13919.87150887838,37992.0,14410.0,19.5,2023,2023
2807911126,Madrid,40.377514,-3.741207,0.08824,1374.0,15571.16953762466,44837.0,16981.0,9.700000000000003,2023,2023
2807911128,Madrid,40.376546,-3.736587,0.04478,1302.0,29075.480125055827,28462.0,8890.0,25.200000000000003,2023,2023
2807911129,Madrid,40.375275,-3.737545,0.07561,999.0,13212.538024070891,24641.0,8139.0,21.5,2023,2023
2807911130,Madrid,40.375649,-3.739942,0.03965,2038.0,51399.74779319042,29379.0,8973.0,33.5,2023,2023
2807911131,Madrid,40.373976,-3.740739,0.03095,1133.0,36607.431340872376,26881.0,8557.0,37.0,2023,2023
2807911132,Madrid,40.374843,-3.741759,0.01942,1096.0,56436.66323377961,26404.0,8230.0,36.5,2023,2023
2807911133,Madrid,40.376311,-3.743442,0.03151,1124.0,35671.21548714693,34936.0,12914.0,24.0,2023,2023
2807911134,Madrid,40.375352,-3.74388,0.02066,875.0,42352.37173281704,30255.0,10953.0,26.400000000000006,2023,2023
2807911135,Madrid,40.374754,-3.744245,0.02286,1001.0,43788.27646544182,33623.0,12064.0,27.200000000000003,2023,2023
2807911136,Madrid,40.376602,-3.747223,0.04843,1298.0,26801.56927524262,34057.0,13091.0,22.599999999999994,2023,2023
2807911137,Madrid,40.3745,-3.747158,0.16249,2257.0,13890.085543725769,43674.0,15520.0,17.400000000000006,2023,2023
2807911138,Madrid,40.372296,-3.748602,0.05618,1176.0,20932.716269134922,33598.0,11527.0,29.0,2023,2023
2807911139,Madrid,40.371981,-3.750971,0.07415,1268.0,17100.472016183412,32636.0,12072.0,27.799999999999997,2023,2023
2807911140,Madrid,40.371598,-3.753119,0.0416,1780.0,42788.46153846154,32236.0,11183.0,28.900000000000006,2023,2023
2807911141,Madrid,40.374307,-3.752073,0.0723,1316.0,18201.936376210233,33838.0,12962.0,27.700000000000003,2023,2023
2807911142,Madrid,40.375889,-3.753095,0.02225,779.0,35011.23595505618,35238.0,13649.0,22.599999999999994,2023,2023
2807911143,Madrid,40.374187,-3.75437,0.03822,1425.0,37284.14442700157,28647.0,10761.0,30.099999999999994,2023,2023
2807911145,Madrid,40.372686,-3.755699,0.05205,1305.0,25072.046109510087,32583.0,12187.0,22.400000000000006,2023,2023
2807911146,Madrid,40.373276,-3.757901,0.04346,1469.0,33801.196502531064,32201.0,11610.0,24.0,2023,2023
2807911147,Madrid,40.375232,-3.757602,0.20367,1432.0,7030.981489664654,37563.0,15108.0,13.099999999999994,2023,2023
2807911148,Madrid,40.370307,-3.761365,0.10669,2476.0,23207.42337613647,34648.0,13743.0,15.299999999999997,2023,2023
2807911149,Madrid,40.371297,-3.759225,0.02575,940.0,36504.85436893204,31025.0,12577.0,20.799999999999997,2023,2023
2807911150,Madrid,40.370024,-3.757246,0.15363,1197.0,7791.446983011131,37333.0,13788.0,20.200000000000003,2023,2023
2807911151,Madrid,40.367746,-3.760915,0.02228,1157.0,51929.98204667863,31620.0,11531.0,24.900000000000006,2023,2023
2807911152,Madrid,40.367156,-3.757986,0.07747,2220.0,28656.254033819543,38087.0,14918.0,17.799999999999997,2023,2023
2807911153,Madrid,40.369035,-3.755013,0.0367,1706.0,46485.0136239782,31844.0,12064.0,28.900000000000006,2023,2023
2807911154,Madrid,40.368075,-3.754484,0.02586,1394.0,53905.64578499613,33540.0,11587.0,29.599999999999994,2023,2023
2807911155,Madrid,40.364703,-3.75553,0.17374,2450.0,14101.53102336825,42598.0,14711.0,13.400000000000006,2023,2023
2807911156,Madrid,40.371813,-3.7389,0.22362,1954.0,8738.037742599052,48288.0,17421.0,10.900000000000006,2023,2023
2807911157,Madrid,40.374598,-3.734511,0.04044,1216.0,30069.23837784372,30166.0,10352.0,18.299999999999997,2023,2023
2807911158,Madrid,40.375892,-3.732939,0.02848,1279.0,44908.707865168544,27333.0,8409.0,23.5,2023,2023
2807911160,Madrid,40.377633,-3.734831,0.05609,1751.0,31217.68586200749,30988.0,9520.0,30.099999999999994,2023,2023
2807911161,Madrid,40.377822,-3.732947,0.03087,1491.0,48299.319727891154,29023.0,8873.0,40.4,2023,2023
2807911162,Madrid,40.376865,-3.731749,0.02268,919.0,40520.282186948854,30975.0,10148.0,29.900000000000006,2023,2023
2807911163,Madrid,40.378272,-3.730104,0.0478,1451.0,30355.64853556485,36003.0,13961.0,21.200000000000003,2023,2023
2807911165,Madrid,40.379643,-3.73118,0.04281,1839.0,42957.252978276105,34386.0,12170.0,25.599999999999994,2023,2023
2807911167,Madrid,40.379629,-3.728278,0.02138,1174.0,54911.131898971005,34522.0,12216.0,28.400000000000006,2023,2023
2807911168,Madrid,40.380698,-3.727008,0.02558,1075.0,42025.01954652072,31869.0,12269.0,22.400000000000006,2023,2023
2807911169,Madrid,40.38114,-3.729362,0.05055,2807.0,55529.179030662715,32493.0,10673.0,36.5,2023,2023
2807911170,Madrid,40.382501,-3.729063,0.01791,1090.0,60859.85482970408,30462.0,9623.0,33.5,2023,2023
2807911171,Madrid,40.382209,-3.727382,0.01519,1028.0,67676.10269914418,29795.0,9256.0,31.799999999999997,2023,2023
2807911173,Madrid,40.383217,-3.72779,0.02193,1461.0,66621.06703146374,28864.0,9012.0,38.5,2023,2023
2807911174,Madrid,40.384099,-3.728069,0.01621,816.0,50339.29673041333,34474.0,13034.0,25.700000000000003,2023,2023
2807911175,Madrid,40.384889,-3.726625,0.05354,1664.0,31079.56667911842,32819.0,11855.0,29.299999999999997,2023,2023
2807911176,Madrid,40.384649,-3.723971,0.04416,1254.0,28396.739130434784,35260.0,12536.0,26.700000000000003,2023,2023
2807911177,Madrid,40.382833,-3.724415,0.08338,2484.0,29791.31686255697,33321.0,12356.0,26.299999999999997,2023,2023
2807911178,Madrid,40.384669,-3.72069,0.03368,994.0,29513.064133016625,32754.0,11406.0,30.400000000000006,2023,2023
2807911179,Madrid,40.379053,-3.7482,0.0207,992.0,47922.70531400966,36743.0,13769.0,15.700000000000003,2023,2023
2807911180,Madrid,40.395888,-3.721798,0.03305,1361.0,41180.03025718608,28742.0,9144.0,12.900000000000006,2023,2023
2807911181,Madrid,40.396726,-3.71608,0.02088,961.0,46024.90421455939,38637.0,17580.0,14.099999999999994,2023,2023
2807911182,Madrid,40.374559,-3.730876,0.08826,2770.0,31384.545660548378,51877.0,18692.0,10.200000000000003,2023,2023
2807911183,Madrid,40.378234,-3.723344,0.79745,2471.0,3098.6268731581918,50652.0,18168.0,8.900000000000006,2023,2023
2807911184,Madrid,40.386797,-3.719364,0.06559,1111.0,16938.557706967527,45442.0,19505.0,10.799999999999997,2023,2023
2807911185,Madrid,40.377947,-3.745774,0.08079,1525.0,18876.098527045426,47353.0,16539.0,12.900000000000006,2023,2023
2807911186,Madrid,40.364364,-3.758658,0.05859,1990.0,33964.84041645332,39522.0,13652.0,16.5,2023,2023
2807911187,Madrid,40.361972,-3.764388,0.13246,1747.0,13188.887211233581,39187.0,14198.0,21.099999999999994,2023,2023
2807911188,Madrid,40.361963,-3.759661,0.06026,1930.0,32027.879190175903,58300.0,19504.0,3.5999999999999943,2023,2023
2807911189,Madrid,40.365002,-3.761251,0.12277,2491.0,20289.97312046917,43567.0,13988.0,12.599999999999994,2023,2023
2807911190,Madrid,40.360465,-3.760938,0.07787,1589.0,20405.80454603827,49231.0,16933.0,5.0,2023,2023
2807911191,Madrid,40.363363,-3.751166,0.11399,2972.0,26072.46249671024,46706.0,15967.0,5.5,2023,2023
2807911192,Madrid,40.364304,-3.746996,0.09495,1933.0,20358.083201685095,45435.0,17875.0,16.200000000000003,2023,2023
2807911193,Madrid,40.368836,-3.747514,0.64915,1358.0,2091.9664176230453,33380.0,12395.0,28.299999999999997,2023,2023
2807911194,Madrid,40.374053,-3.728393,0.02449,1158.0,47284.60596161698,53828.0,19188.0,5.299999999999997,2023,2023
2807911195,Madrid,40.391146,-3.731474,0.05464,1848.0,33821.37628111274,37331.0,16324.0,16.099999999999994,2023,2023
2807911196,Madrid,40.363727,-3.765586,0.09292,1271.0,13678.433060697374,60787.0,21066.0,2.700000000000003,2023,2023
2807911197,Madrid,40.359678,-3.760841,0.39898,1583.0,3967.6174244323024,49984.0,19769.0,8.099999999999994,2023,2023
2807911198,Madrid,40.366694,-3.734632,2.34687,2089.0,890.1217366108903,55987.0,20910.0,7.200000000000003,2023,2023
2807912001,Madrid,40.371688,-3.718073,0.15937,683.0,4285.62464704775,35854.0,13981.0,7.200000000000003,2023,2023
2807912002,Madrid,40.371424,-3.716356,0.02532,795.0,31398.104265402846,36000.0,14614.0,11.599999999999994,2023,2023
2807912003,Madrid,40.369623,-3.71719,0.05321,1249.0,23473.031385077993,34698.0,14043.0,9.700000000000003,2023,2023
2807912005,Madrid,40.368417,-3.71555,0.05543,1107.0,19971.134764567923,34733.0,13578.0,12.599999999999994,2023,2023
2807912006,Madrid,40.369444,-3.713953,0.02762,783.0,28349.02244750181,34196.0,13933.0,10.599999999999994,2023,2023
2807912007,Madrid,40.3708,-3.713978,0.05612,1460.0,26015.68068424804,35476.0,14274.0,13.099999999999994,2023,2023
2807912008,Madrid,40.372441,-3.713924,0.04533,1275.0,28127.068166776968,32900.0,11544.0,14.700000000000003,2023,2023
2807912009,Madrid,40.371511,-3.711511,0.0486,1121.0,23065.843621399177,30780.0,10991.0,14.099999999999994,2023,2023
2807912010,Madrid,40.371074,-3.709774,0.05442,960.0,17640.573318632854,30533.0,11391.0,11.599999999999994,2023,2023
2807912011,Madrid,40.370963,-3.707823,0.03969,1019.0,25673.97329302091,32754.0,11407.0,15.200000000000003,2023,2023
2807912012,Madrid,40.370481,-3.705268,0.05643,1035.0,18341.307814992026,33290.0,11321.0,10.400000000000006,2023,2023
2807912013,Madrid,40.368575,-3.705536,0.0529,1005.0,18998.109640831757,31366.0,11543.0,14.599999999999994,2023,2023
2807912014,Madrid,40.368765,-3.70805,0.04959,1054.0,21254.285138132687,34172.0,11914.0,11.700000000000003,2023,2023
2807912015,Madrid,40.367708,-3.709348,0.14558,1107.0,7604.06649265009,31038.0,11646.0,10.799999999999997,2023,2023
2807912016,Madrid,40.36736,-3.713936,0.04349,1698.0,39043.458266268106,39312.0,13806.0,11.400000000000006,2023,2023
2807912018,Madrid,40.367264,-3.702931,0.09878,1840.0,18627.25248025916,29823.0,9532.0,15.900000000000006,2023,2023
2807912019,Madrid,40.370076,-3.702196,0.04872,1269.0,26046.798029556652,28774.0,8840.0,18.099999999999994,2023,2023
2807912020,Madrid,40.368721,-3.699999,0.08363,1409.0,16848.021045079517,30439.0,9245.0,21.599999999999994,2023,2023
2807912022,Madrid,40.370236,-3.697785,0.03851,1657.0,43027.78499091145,29885.0,9322.0,28.200000000000003,2023,2023
2807912023,Madrid,40.367904,-3.697792,0.06629,1500.0,22627.84733745663,31289.0,10353.0,23.299999999999997,2023,2023
2807912024,Madrid,40.366952,-3.695786,0.16807,2112.0,12566.192657821146,39597.0,13849.0,15.900000000000006,2023,2023
2807912027,Madrid,40.377547,-3.690701,0.31227,1762.0,5642.552918948346,37034.0,13673.0,18.0,2023,2023
2807912028,Madrid,40.375847,-3.689999,0.01152,973.0,84461.80555555555,27616.0,10878.0,27.200000000000003,2023,2023
2807912029,Madrid,40.375312,-3.691308,0.01641,1411.0,85984.15600243754,28149.0,9825.0,31.0,2023,2023
2807912030,Madrid,40.374353,-3.690154,0.02196,1311.0,59699.453551912564,32666.0,9705.0,26.5,2023,2023
2807912031,Madrid,40.374229,-3.691728,0.01624,844.0,51970.44334975369,31531.0,10425.0,30.099999999999994,2023,2023
2807912032,Madrid,40.372932,-3.693077,0.10076,2743.0,27223.10440651052,34059.0,12608.0,20.5,2023,2023
2807912033,Madrid,40.37232,-3.690162,0.05267,1291.0,24511.106891968862,31708.0,11497.0,23.200000000000003,2023,2023
2807912034,Madrid,40.370474,-3.690379,0.10179,2200.0,21613.125061400922,31878.0,11226.0,21.099999999999994,2023,2023
2807912037,Madrid,40.368676,-3.68889,0.04508,1338.0,29680.56787932564,29831.0,10728.0,14.0,2023,2023
2807912039,Madrid,40.380273,-3.698395,0.05485,1128.0,20565.17775752051,33459.0,11709.0,27.700000000000003,2023,2023
2807912041,Madrid,40.381122,-3.69981,0.06442,1714.0,26606.64389941012,31485.0,10636.0,31.599999999999994,2023,2023
2807912042,Madrid,40.381342,-3.70099,0.0239,1218.0,50962.343096234305,28291.0,8965.0,34.8,2023,2023
2807912043,Madrid,40.382235,-3.7016,0.04669,1394.0,29856.500321267937,33911.0,11840.0,29.5,2023,2023
2807912044,Madrid,40.381386,-3.704134,0.02403,1670.0,69496.46275488973,32173.0,10123.0,35.0,2023,2023
2807912045,Madrid,40.382806,-3.703869,0.03138,1899.0,60516.252390057365,29046.0,9682.0,42.8,2023,2023
2807912046,Madrid,40.384187,-3.704219,0.03388,1813.0,53512.396694214876,32317.0,10222.0,41.3,2023,2023
2807912047,Madrid,40.385461,-3.704451,0.02415,1206.0,49937.88819875776,29955.0,10101.0,46.1,2023,2023
2807912048,Madrid,40.384544,-3.702134,0.05116,1583.0,30942.14229867084,32564.0,10881.0,31.5,2023,2023
2807912049,Madrid,40.38528,-3.70083,0.04799,1707.0,35569.910397999585,31768.0,10803.0,30.0,2023,2023
2807912050,Madrid,40.386667,-3.69967,0.033,1437.0,43545.454545454544,30133.0,11622.0,33.400000000000006,2023,2023
2807912051,Madrid,40.384197,-3.698908,0.04421,1326.0,29993.214204931013,35376.0,12347.0,24.099999999999994,2023,2023
2807912052,Madrid,40.385113,-3.695485,0.17132,2322.0,13553.583936493113,56169.0,20692.0,11.599999999999994,2023,2023
2807912053,Madrid,40.392447,-3.702932,0.13008,1880.0,14452.644526445265,46251.0,20373.0,9.099999999999994,2023,2023
2807912054,Madrid,40.389419,-3.699619,0.03527,1299.0,36830.16728097533,42601.0,17955.0,14.200000000000003,2023,2023
2807912055,Madrid,40.388455,-3.701803,0.03207,1743.0,54349.85968194574,34809.0,12942.0,30.099999999999994,2023,2023
2807912056,Madrid,40.387323,-3.701837,0.04157,1784.0,42915.56410873226,31496.0,10968.0,37.6,2023,2023
2807912057,Madrid,40.38664,-3.704627,0.02987,1624.0,54368.93203883495,30957.0,9726.0,45.9,2023,2023
2807912059,Madrid,40.390437,-3.703123,0.04977,1618.0,32509.543901948964,40051.0,16330.0,17.700000000000003,2023,2023
2807912061,Madrid,40.389974,-3.705619,0.18111,2248.0,12412.34608801281,35604.0,14264.0,22.200000000000003,2023,2023
2807912062,Madrid,40.389559,-3.708663,0.08537,1519.0,17793.135761977275,33922.0,12509.0,23.799999999999997,2023,2023
2807912064,Madrid,40.38809,-3.709179,0.0581,1337.0,23012.048192771086,31147.0,12417.0,23.900000000000006,2023,2023
2807912065,Madrid,40.387094,-3.709468,0.02327,1369.0,58831.11302105716,31571.0,10119.0,40.8,2023,2023
2807912066,Madrid,40.386233,-3.707308,0.0313,1689.0,53961.66134185303,29958.0,8469.0,48.8,2023,2023
2807912067,Madrid,40.385867,-3.710435,0.03198,2149.0,67198.24890556598,30261.0,9199.0,43.8,2023,2023
2807912069,Madrid,40.38667,-3.711377,0.02304,1259.0,54644.09722222222,30915.0,11493.0,33.2,2023,2023
2807912070,Madrid,40.387661,-3.712331,0.03657,1164.0,31829.368334700575,38245.0,14782.0,18.700000000000003,2023,2023
2807912071,Madrid,40.387987,-3.713696,0.05677,1834.0,32305.795314426632,32016.0,12504.0,28.299999999999997,2023,2023
2807912073,Madrid,40.386033,-3.714573,0.02728,1073.0,39332.84457478006,25910.0,9685.0,39.5,2023,2023
2807912074,Madrid,40.385439,-3.714592,0.02433,935.0,38429.92190711056,31271.0,10822.0,32.2,2023,2023
2807912075,Madrid,40.383974,-3.714446,0.14023,1792.0,12779.005918847608,28521.0,10029.0,35.400000000000006,2023,2023
2807912077,Madrid,40.38158,-3.717135,0.08522,1533.0,17988.735038723302,33583.0,12409.0,20.299999999999997,2023,2023
2807912078,Madrid,40.382223,-3.713314,0.03334,1527.0,45800.83983203359,31750.0,10929.0,33.900000000000006,2023,2023
2807912079,Madrid,40.381134,-3.714986,0.02618,1263.0,48242.93353705118,30324.0,10295.0,32.400000000000006,2023,2023
2807912080,Madrid,40.38117,-3.712587,0.03022,1615.0,53441.42951687624,31009.0,10298.0,35.7,2023,2023
2807912081,Madrid,40.380072,-3.714548,0.0264,1507.0,57083.333333333336,30711.0,10230.0,35.599999999999994,2023,2023
2807912082,Madrid,40.379639,-3.712166,0.02376,1058.0,44528.61952861953,33546.0,10894.0,30.900000000000006,2023,2023
2807912083,Madrid,40.378855,-3.713153,0.01975,1375.0,69620.25316455695,32518.0,10078.0,34.599999999999994,2023,2023
2807912084,Madrid,40.379018,-3.714732,0.02041,1128.0,55267.02596766291,30321.0,9797.0,31.900000000000006,2023,2023
2807912086,Madrid,40.375787,-3.706599,0.67206,1173.0,1745.3798767967146,30266.0,10673.0,22.799999999999997,2023,2023
2807912087,Madrid,40.378985,-3.70559,0.05502,1975.0,35896.03780443475,30386.0,9480.0,31.5,2023,2023
2807912088,Madrid,40.381614,-3.705578,0.03638,2009.0,55222.64980758658,29265.0,9520.0,44.2,2023,2023
2807912089,Madrid,40.382252,-3.706943,0.02223,1317.0,59244.264507422406,30717.0,10468.0,42.7,2023,2023
2807912090,Madrid,40.380508,-3.706626,0.02143,1365.0,63695.753616425565,29077.0,9523.0,38.4,2023,2023
2807912091,Madrid,40.380443,-3.709618,0.11237,1716.0,15270.979798878705,30108.0,10019.0,36.6,2023,2023
2807912092,Madrid,40.382188,-3.708755,0.033,1423.0,43121.21212121212,30715.0,10437.0,37.7,2023,2023
2807912093,Madrid,40.383497,-3.709506,0.0397,2057.0,51813.60201511335,32248.0,10530.0,42.2,2023,2023
2807912094,Madrid,40.384733,-3.709878,0.04235,2291.0,54096.81227863046,29329.0,9469.0,44.1,2023,2023
2807912096,Madrid,40.383869,-3.706611,0.03153,1540.0,48842.37234379955,28911.0,8853.0,48.5,2023,2023
2807912097,Madrid,40.385118,-3.706902,0.02808,1222.0,43518.51851851852,33283.0,10690.0,43.9,2023,2023
2807912098,Madrid,40.376429,-3.716041,0.35891,1805.0,5029.115934356802,49023.0,18095.0,9.400000000000006,2023,2023
2807912099,Madrid,40.365055,-3.701362,0.14386,1130.0,7854.858890588072,33704.0,11096.0,15.099999999999994,2023,2023
2807912100,Madrid,40.369262,-3.692293,0.07052,1650.0,23397.617697107205,32307.0,11805.0,20.200000000000003,2023,2023
2807912101,Madrid,40.365347,-3.711494,0.09731,1832.0,18826.430993731374,45257.0,15336.0,8.400000000000006,2023,2023
2807912102,Madrid,40.365098,-3.707113,0.11048,2477.0,22420.347574221578,39555.0,13700.0,8.599999999999994,2023,2023
2807912103,Madrid,40.368731,-3.685137,0.3244,2496.0,7694.204685573366,31722.0,10501.0,14.599999999999994,2023,2023
2807912104,Madrid,40.364942,-3.688979,0.29225,1843.0,6306.244653550042,45379.0,16096.0,20.799999999999997,2023,2023
2807912105,Madrid,40.366919,-3.687001,0.02373,1665.0,70164.34892541087,45698.0,14071.0,24.700000000000003,2023,2023
2807912106,Madrid,40.366165,-3.71729,0.18447,2452.0,13292.134222366782,45782.0,15876.0,11.799999999999997,2023,2023
2807912107,Madrid,40.383879,-3.697082,0.12067,2500.0,20717.659733156543,51616.0,20910.0,13.0,2023,2023
2807912108,Madrid,40.376242,-3.697184,0.76744,1429.0,1862.034817054102,39646.0,17842.0,18.700000000000003,2023,2023
2807912109,Madrid,40.367319,-3.688665,0.06596,2219.0,33641.60097028502,37878.0,12919.0,24.099999999999994,2023,2023
2807913002,Madrid,40.37321,-3.657135,0.08946,1252.0,13995.081600715404,29815.0,10330.0,7.400000000000006,2023,2023
2807913003,Madrid,40.370856,-3.660461,0.04037,925.0,22913.05424820411,28853.0,8854.0,19.799999999999997,2023,2023
2807913004,Madrid,40.3726,-3.661611,0.0354,738.0,20847.457627118645,29886.0,11370.0,9.900000000000006,2023,2023
2807913005,Madrid,40.372403,-3.659657,0.03424,954.0,27862.149532710282,30684.0,9835.0,19.900000000000006,2023,2023
2807913006,Madrid,40.374752,-3.658085,0.05667,964.0,17010.764072701608,32271.0,10734.0,12.5,2023,2023
2807913007,Madrid,40.37499,-3.660034,0.06667,1046.0,15689.21553922304,30372.0,11020.0,10.700000000000003,2023,2023
2807913008,Madrid,40.37562,-3.662752,0.13856,1576.0,11374.133949191686,29854.0,10957.0,18.099999999999994,2023,2023
2807913010,Madrid,40.378023,-3.664486,0.04551,1135.0,24939.573720061522,31436.0,11750.0,19.599999999999994,2023,2023
2807913011,Madrid,40.376165,-3.665766,0.0311,933.0,30000.0,29320.0,9627.0,17.900000000000006,2023,2023
2807913012,Madrid,40.374478,-3.666312,0.06531,1313.0,20104.118817945182,29450.0,9794.0,16.599999999999994,2023,2023
2807913013,Madrid,40.373678,-3.669252,0.047,1305.0,27765.957446808512,28501.0,10339.0,16.5,2023,2023
2807913014,Madrid,40.373759,-3.674958,4.55006,2088.0,458.89504753783467,27222.0,9612.0,21.900000000000006,2023,2023
2807913016,Madrid,40.376598,-3.667622,0.03431,1220.0,35558.14631302827,28409.0,9919.0,22.099999999999994,2023,2023
2807913017,Madrid,40.37804,-3.666604,0.03837,993.0,25879.593432369038,30674.0,11358.0,13.900000000000006,2023,2023
2807913018,Madrid,40.379112,-3.667876,0.05669,979.0,17269.359675427764,28195.0,9647.0,19.299999999999997,2023,2023
2807913019,Madrid,40.377397,-3.670322,0.04525,756.0,16707.18232044199,32068.0,12181.0,14.400000000000006,2023,2023
2807913021,Madrid,40.378599,-3.67171,0.04132,1019.0,24661.181026137463,31799.0,12238.0,14.900000000000006,2023,2023
2807913022,Madrid,40.379864,-3.669689,0.03148,988.0,31385.00635324015,31704.0,10962.0,18.799999999999997,2023,2023
2807913023,Madrid,40.380864,-3.668224,0.02585,851.0,32920.69632495164,34371.0,12580.0,17.299999999999997,2023,2023
2807913024,Madrid,40.381596,-3.66979,0.03647,881.0,24156.841239374826,31859.0,10772.0,25.099999999999994,2023,2023
2807913026,Madrid,40.378821,-3.676534,0.02629,961.0,36553.822746291364,29484.0,10793.0,16.0,2023,2023
2807913027,Madrid,40.379319,-3.67837,0.0198,685.0,34595.95959595959,20805.0,7475.0,18.099999999999994,2021,2021
2807913028,Madrid,40.380176,-3.676665,0.0302,857.0,28377.483443708607,28577.0,9154.0,19.0,2023,2023
2807913029,Madrid,40.381886,-3.674676,0.05214,1254.0,24050.632911392404,28473.0,10645.0,17.799999999999997,2023,2023
2807913030,Madrid,40.379906,-3.673487,0.0853,1887.0,22121.922626025793,31213.0,12311.0,18.5,2023,2023
2807913031,Madrid,40.381598,-3.67118,0.0218,1186.0,54403.66972477064,29730.0,10136.0,32.5,2023,2023
2807913032,Madrid,40.382536,-3.672462,0.03399,2124.0,62488.96734333628,31697.0,10922.0,32.7,2023,2023
2807913033,Madrid,40.383513,-3.670598,0.03675,1380.0,37551.02040816327,29841.0,10447.0,31.400000000000006,2023,2023
2807913034,Madrid,40.384562,-3.671654,0.0266,1343.0,50488.72180451128,30471.0,10868.0,28.400000000000006,2023,2023
2807913035,Madrid,40.385317,-3.673141,0.10244,2772.0,27059.742288168683,33440.0,12135.0,20.200000000000003,2023,2023
2807913036,Madrid,40.386717,-3.670032,0.02643,1301.0,49224.36625047295,28260.0,9850.0,34.3,2023,2023
2807913037,Madrid,40.388397,-3.670668,0.0543,1538.0,28324.12523020258,28769.0,11176.0,32.400000000000006,2023,2023
2807913038,Madrid,40.390505,-3.671144,0.04636,1174.0,25323.554788610872,28088.0,9681.0,37.7,2023,2023
2807913039,Madrid,40.392223,-3.671805,0.04329,1102.0,25456.225456225457,28286.0,10946.0,32.900000000000006,2023,2023
2807913040,Madrid,40.393652,-3.671557,0.04305,1541.0,35795.586527293846,28414.0,10351.0,40.8,2023,2023
2807913041,Madrid,40.395141,-3.670608,0.06092,2092.0,34340.11818778726,29719.0,11249.0,38.8,2023,2023
2807913042,Madrid,40.39703,-3.669112,0.04212,1517.0,36016.14434947768,30224.0,10967.0,36.0,2023,2023
2807913043,Madrid,40.396027,-3.666965,0.04346,1642.0,37781.86838472159,29184.0,10464.0,41.4,2023,2023
2807913044,Madrid,40.394353,-3.667938,0.04994,2325.0,46555.86704044854,29228.0,10184.0,42.7,2023,2023
2807913045,Madrid,40.39284,-3.668469,0.03519,1568.0,44558.11310031259,28915.0,10003.0,38.1,2023,2023
2807913046,Madrid,40.391379,-3.668848,0.04129,2166.0,52458.22232986195,27770.0,10126.0,36.7,2023,2023
2807913047,Madrid,40.389748,-3.668711,0.03685,1720.0,46675.712347354136,30286.0,11617.0,31.5,2023,2023
2807913048,Madrid,40.388403,-3.668046,0.02591,1575.0,60787.34079505983,27883.0,9104.0,37.4,2023,2023
2807913049,Madrid,40.390307,-3.666025,0.04577,2022.0,44177.40878304566,32730.0,11866.0,29.0,2023,2023
2807913050,Madrid,40.392114,-3.666838,0.02729,1252.0,45877.61084646391,28565.0,10391.0,39.3,2023,2023
2807913052,Madrid,40.395,-3.665441,0.0311,1135.0,36495.1768488746,31265.0,11024.0,39.7,2023,2023
2807913053,Madrid,40.394295,-3.663958,0.03948,1398.0,35410.334346504555,32305.0,11139.0,36.0,2023,2023
2807913054,Madrid,40.392456,-3.665068,0.04138,2059.0,49758.33736104398,28874.0,10630.0,33.8,2023,2023
2807913055,Madrid,40.38835,-3.666319,0.0286,1433.0,50104.895104895106,27408.0,8930.0,35.0,2023,2023
2807913056,Madrid,40.385775,-3.664812,0.08856,3327.0,37567.750677506774,28179.0,10436.0,23.599999999999994,2023,2023
2807913057,Madrid,40.386596,-3.666904,0.03954,1725.0,43626.70713201821,28860.0,9743.0,33.099999999999994,2023,2023
2807913058,Madrid,40.386229,-3.669012,0.0165,1328.0,80484.84848484848,28533.0,9208.0,36.4,2023,2023
2807913059,Madrid,40.385013,-3.669602,0.02024,1340.0,66205.53359683794,25675.0,9179.0,38.8,2023,2023
2807913060,Madrid,40.385133,-3.668415,0.02344,1270.0,54180.887372013654,28478.0,9865.0,29.200000000000003,2023,2023
2807913061,Madrid,40.384469,-3.668079,0.017,1136.0,66823.5294117647,26121.0,9059.0,38.1,2023,2023
2807913062,Madrid,40.384042,-3.667677,0.02176,1288.0,59191.17647058823,27915.0,8970.0,38.7,2023,2023
2807913063,Madrid,40.383384,-3.667368,0.02358,1090.0,46225.614927905,30376.0,9573.0,33.2,2023,2023
2807913065,Madrid,40.382208,-3.666908,0.02714,2053.0,75644.80471628593,27688.0,9689.0,38.0,2023,2023
2807913066,Madrid,40.383705,-3.66586,0.02301,1114.0,48413.733159495874,29651.0,10133.0,32.7,2023,2023
2807913069,Madrid,40.382076,-3.665634,0.0254,857.0,33740.15748031496,26746.0,10010.0,28.700000000000003,2023,2023
2807913074,Madrid,40.384204,-3.66298,0.08437,2034.0,24108.09529453597,44106.0,16969.0,8.700000000000003,2023,2023
2807913077,Madrid,40.389596,-3.660757,0.04402,1348.0,30622.444343480238,42579.0,18203.0,8.200000000000003,2023,2023
2807913078,Madrid,40.389651,-3.662248,0.04781,1707.0,35703.82765111901,44649.0,17335.0,16.5,2023,2023
2807913079,Madrid,40.391087,-3.662881,0.03171,1739.0,54840.74424471775,29984.0,10490.0,36.4,2023,2023
2807913080,Madrid,40.391106,-3.663957,0.03922,1720.0,43855.17593064763,27729.0,9449.0,37.3,2023,2023
2807913083,Madrid,40.393297,-3.661869,0.05086,1978.0,38891.07353519465,32700.0,10134.0,38.9,2023,2023
2807913084,Madrid,40.392365,-3.66013,0.02496,1084.0,43429.48717948718,33380.0,10461.0,34.400000000000006,2023,2023
2807913086,Madrid,40.390908,-3.658502,0.08853,1522.0,17191.912346097368,30441.0,12001.0,29.099999999999994,2023,2023
2807913087,Madrid,40.389594,-3.657634,0.02203,774.0,35133.90830685429,35044.0,13415.0,20.799999999999997,2023,2023
2807913088,Madrid,40.390098,-3.654901,0.08398,1063.0,12657.775660871635,34981.0,15218.0,21.400000000000006,2023,2023
2807913089,Madrid,40.388615,-3.656383,0.03148,884.0,28081.321473951713,29081.0,10402.0,31.0,2023,2023
2807913090,Madrid,40.387882,-3.65433,0.03395,1008.0,29690.721649484534,27888.0,10034.0,31.099999999999994,2023,2023
2807913091,Madrid,40.385956,-3.653576,0.01909,1089.0,57045.5735987428,29369.0,11646.0,23.0,2023,2023
2807913092,Madrid,40.387079,-3.656938,0.10912,2272.0,20821.11436950147,34552.0,12682.0,18.299999999999997,2023,2023
2807913094,Madrid,40.384813,-3.658395,0.21782,2072.0,9512.44146543017,32841.0,12918.0,16.099999999999994,2023,2023
2807913103,Madrid,40.379173,-3.660408,0.05283,896.0,16960.0605716449,32612.0,11955.0,15.200000000000003,2023,2023
2807913104,Madrid,40.379468,-3.662541,0.14811,1737.0,11727.769900749443,34073.0,13344.0,13.200000000000003,2023,2023
2807913108,Madrid,40.38022,-3.650853,0.03669,1835.0,50013.62769146907,37667.0,13653.0,18.0,2023,2023
2807913109,Madrid,40.381507,-3.649138,0.05599,2085.0,37238.792641543136,38403.0,15358.0,10.299999999999997,2023,2023
2807913110,Madrid,40.380912,-3.647906,0.0224,915.0,40848.21428571428,28582.0,11147.0,20.099999999999994,2023,2023
2807913111,Madrid,40.381347,-3.644859,0.01664,824.0,49519.23076923077,32387.0,11224.0,12.5,2023,2023
2807913112,Madrid,40.381859,-3.645823,0.03272,1329.0,40617.35941320293,30741.0,11852.0,14.0,2023,2023
2807913114,Madrid,40.382624,-3.646596,0.01454,739.0,50825.309491059146,23259.0,9826.0,20.0,2021,2021
2807913115,Madrid,40.383948,-3.645712,0.08808,2438.0,27679.382379654857,29732.0,11622.0,21.5,2023,2023
2807913116,Madrid,40.382283,-3.64257,0.05288,836.0,15809.379727685324,33378.0,12552.0,12.099999999999994,2023,2023
2807913117,Madrid,40.383228,-3.639798,0.01941,1771.0,91241.62802679032,30523.0,10685.0,25.0,2023,2023
2807913118,Madrid,40.383224,-3.641063,0.01684,788.0,46793.34916864608,31558.0,11542.0,8.400000000000006,2023,2023
2807913119,Madrid,40.384095,-3.641938,0.0275,1321.0,48036.36363636364,30877.0,11600.0,25.099999999999994,2023,2023
2807913120,Madrid,40.385437,-3.642955,0.03714,1278.0,34410.33925686591,31338.0,11680.0,12.400000000000006,2023,2023
2807913121,Madrid,40.386199,-3.644673,0.04835,830.0,17166.494312306102,32173.0,12185.0,13.599999999999994,2023,2023
2807913122,Madrid,40.38787,-3.643411,0.03239,893.0,27570.23772769373,30826.0,11324.0,21.5,2023,2023
2807913123,Madrid,40.387116,-3.641687,0.02605,1259.0,48330.13435700576,39638.0,14097.0,13.700000000000003,2023,2023
2807913124,Madrid,40.386372,-3.640051,0.03088,1504.0,48704.66321243523,31765.0,11804.0,22.299999999999997,2023,2023
2807913125,Madrid,40.385186,-3.640931,0.02242,1228.0,54772.524531668154,28197.0,10275.0,23.900000000000006,2023,2023
2807913126,Madrid,40.384242,-3.639201,0.01693,834.0,49261.665682220904,22981.0,8524.0,29.700000000000003,2021,2021
2807913127,Madrid,40.381453,-3.6309,0.08363,2634.0,31495.874686117422,49572.0,18554.0,10.0,2023,2023
2807913128,Madrid,40.388068,-3.630112,1.15208,1305.0,1132.7338379279217,37378.0,14951.0,13.200000000000003,2023,2023
2807913129,Madrid,40.389738,-3.637298,0.01328,805.0,60617.469879518074,31633.0,12069.0,9.599999999999994,2023,2023
2807913131,Madrid,40.389508,-3.634981,0.01312,747.0,56935.9756097561,33619.0,12279.0,17.099999999999994,2023,2023
2807913132,Madrid,40.390888,-3.635047,0.02666,1121.0,42048.01200300075,31020.0,11423.0,12.799999999999997,2023,2023
2807913133,Madrid,40.39193,-3.636377,0.02281,1017.0,44585.708022797015,33964.0,12165.0,10.299999999999997,2023,2023
2807913134,Madrid,40.391326,-3.637867,0.07841,1099.0,14016.069378905753,33427.0,12291.0,10.799999999999997,2023,2023
2807913135,Madrid,40.392906,-3.639753,0.02228,821.0,36849.192100538596,33540.0,13303.0,8.599999999999994,2023,2023
2807913136,Madrid,40.391887,-3.640657,0.02443,1118.0,45763.40564879247,32752.0,12106.0,10.700000000000003,2023,2023
2807913137,Madrid,40.390627,-3.641183,0.03256,1644.0,50491.40049140049,40878.0,15977.0,10.900000000000006,2023,2023
2807913138,Madrid,40.389842,-3.639412,0.01785,986.0,55238.09523809524,30715.0,11294.0,18.599999999999994,2023,2023
2807913139,Madrid,40.389639,-3.641749,0.02396,1133.0,47287.14524207012,28169.0,11344.0,21.700000000000003,2023,2023
2807913140,Madrid,40.38868,-3.64151,0.04441,1519.0,34204.008106282374,36246.0,13872.0,18.099999999999994,2023,2023
2807913142,Madrid,40.39324,-3.642333,0.05463,1524.0,27896.760021965954,29766.0,11687.0,18.099999999999994,2023,2023
2807913143,Madrid,40.393588,-3.644494,0.02772,766.0,27633.477633477632,31818.0,13654.0,18.099999999999994,2023,2023
2807913144,Madrid,40.39131,-3.644031,0.07203,1501.0,20838.539497431626,28806.0,11372.0,21.599999999999994,2023,2023
2807913145,Madrid,40.39061,-3.645915,0.04441,1086.0,24453.95181265481,25505.0,9664.0,32.0,2023,2023
2807913146,Madrid,40.387971,-3.645456,0.03962,1144.0,28874.305906108024,33002.0,11730.0,25.099999999999994,2023,2023
2807913147,Madrid,40.388931,-3.646665,0.03881,1270.0,32723.524864725587,32555.0,11797.0,25.0,2023,2023
2807913148,Madrid,40.387657,-3.64765,0.01452,1414.0,97382.92011019283,27701.0,9708.0,33.2,2023,2023
2807913150,Madrid,40.384965,-3.649149,0.0517,1512.0,29245.64796905222,29658.0,10715.0,18.400000000000006,2023,2023
2807913153,Madrid,40.385557,-3.651925,0.05479,1508.0,27523.27066983026,28849.0,10171.0,18.599999999999994,2023,2023
2807913154,Madrid,40.38822,-3.651824,0.05137,1215.0,23651.93692816819,30728.0,11868.0,18.5,2023,2023
2807913155,Madrid,40.386728,-3.648863,0.08777,2320.0,26432.72188674946,32934.0,11663.0,23.299999999999997,2023,2023
2807913156,Madrid,40.388418,-3.649319,0.01552,868.0,55927.83505154639,30733.0,12529.0,16.700000000000003,2023,2023
2807913157,Madrid,40.389693,-3.64807,0.03031,1348.0,44473.77103266249,30850.0,10984.0,29.700000000000003,2023,2023
2807913158,Madrid,40.390307,-3.651087,0.08947,2062.0,23046.831340114008,33277.0,13272.0,17.900000000000006,2023,2023
2807913160,Madrid,40.393443,-3.649044,0.18236,1743.0,9558.017109015134,34564.0,13306.0,8.400000000000006,2023,2023
2807913161,Madrid,40.395614,-3.64909,0.06075,912.0,15012.345679012345,35624.0,14186.0,11.700000000000003,2023,2023
2807913162,Madrid,40.395008,-3.643894,0.08362,725.0,8670.174599378139,32508.0,12451.0,7.0,2023,2023
2807913163,Madrid,40.396576,-3.647787,0.02309,926.0,40103.94110004331,30671.0,12608.0,11.299999999999997,2023,2023
2807913164,Madrid,40.397028,-3.646556,0.04322,853.0,19736.23322535863,33831.0,13532.0,15.099999999999994,2023,2023
2807913166,Madrid,40.394656,-3.655462,0.21987,1902.0,8650.566243689453,35485.0,12587.0,25.900000000000006,2023,2023
2807913168,Madrid,40.393779,-3.659396,0.05818,2586.0,44448.264008250255,31024.0,11120.0,34.099999999999994,2023,2023
2807913169,Madrid,40.394751,-3.659391,0.03304,1508.0,45641.64648910412,29448.0,11681.0,32.2,2023,2023
2807913170,Madrid,40.395627,-3.662162,0.01945,1030.0,52956.298200514146,31653.0,11585.0,30.900000000000006,2023,2023
2807913171,Madrid,40.396482,-3.662011,0.02124,1081.0,50894.53860640302,32816.0,12106.0,28.200000000000003,2023,2023
2807913172,Madrid,40.395938,-3.659423,0.02407,1301.0,54050.68550062318,30159.0,10540.0,34.5,2023,2023
2807913173,Madrid,40.396781,-3.659018,0.01458,1152.0,79012.34567901235,29130.0,10144.0,33.0,2023,2023
2807913174,Madrid,40.397342,-3.661585,0.02966,1594.0,53742.41402562374,29597.0,10890.0,31.799999999999997,2023,2023
2807913175,Madrid,40.398349,-3.661114,0.02458,1502.0,61106.59072416599,31559.0,11237.0,30.599999999999994,2023,2023
2807913176,Madrid,40.398037,-3.659454,0.01755,1121.0,63874.64387464387,28662.0,9955.0,29.200000000000003,2023,2023
2807913177,Madrid,40.397506,-3.658095,0.01738,1203.0,69217.4913693901,29276.0,10380.0,29.200000000000003,2023,2023
2807913178,Madrid,40.397795,-3.651057,0.17468,1158.0,6629.264941607511,30583.0,12090.0,9.900000000000006,2023,2023
2807913179,Madrid,40.399117,-3.653518,0.02926,647.0,22112.0984278879,31573.0,12370.0,9.099999999999994,2023,2023
2807913180,Madrid,40.400739,-3.652425,0.02368,1054.0,44510.13513513513,31722.0,11359.0,12.0,2023,2023
2807913181,Madrid,40.402427,-3.65401,0.10453,1250.0,11958.289486271884,29622.0,11520.0,11.700000000000003,2023,2023
2807913182,Madrid,40.399424,-3.65582,0.11349,1119.0,9859.899550621201,42830.0,16429.0,13.5,2023,2023
2807913183,Madrid,40.399668,-3.659411,0.04559,1276.0,27988.59398991007,44695.0,17469.0,14.900000000000006,2023,2023
2807913184,Madrid,40.403917,-3.657293,0.14353,1834.0,12777.816484358671,35108.0,13729.0,16.700000000000003,2023,2023
2807913185,Madrid,40.404082,-3.660518,0.02977,1628.0,54685.9254282835,29758.0,10984.0,31.099999999999994,2023,2023
2807913186,Madrid,40.404672,-3.662778,0.14251,2227.0,15626.97354571609,30380.0,11423.0,25.5,2023,2023
2807913187,Madrid,40.403558,-3.664546,0.05018,1854.0,36946.9908330012,29755.0,10906.0,29.099999999999994,2023,2023
2807913189,Madrid,40.40198,-3.663148,0.02457,1254.0,51037.85103785103,30279.0,9972.0,36.5,2023,2023
2807913190,Madrid,40.400857,-3.663701,0.04436,2134.0,48106.402164111816,30294.0,11332.0,36.3,2023,2023
2807913191,Madrid,40.400975,-3.661181,0.05103,2054.0,40250.832843425436,36725.0,15017.0,20.299999999999997,2023,2023
2807913192,Madrid,40.398723,-3.66295,0.02748,1441.0,52438.13682678311,29705.0,11291.0,33.900000000000006,2023,2023
2807913193,Madrid,40.400003,-3.664832,0.0293,1422.0,48532.423208191125,30604.0,11626.0,28.799999999999997,2023,2023
2807913194,Madrid,40.399138,-3.665509,0.03775,1693.0,44847.6821192053,27683.0,11289.0,37.7,2023,2023
2807913195,Madrid,40.398409,-3.666175,0.02613,1152.0,44087.25602755453,33346.0,13079.0,25.299999999999997,2023,2023
2807913196,Madrid,40.396632,-3.664042,0.03198,1370.0,42839.274546591616,34120.0,12314.0,35.8,2023,2023
2807913197,Madrid,40.397797,-3.666899,0.05168,1714.0,33165.6346749226,30808.0,11398.0,37.2,2023,2023
2807913198,Madrid,40.39206,-3.651352,0.07967,1302.0,16342.412451361866,35560.0,13448.0,12.799999999999997,2023,2023
2807913199,Madrid,40.387595,-3.638425,0.05353,1527.0,28526.060153185128,44167.0,17223.0,6.700000000000003,2023,2023
2807913200,Madrid,40.38273,-3.650418,0.044,1437.0,32659.09090909091,31486.0,12088.0,10.599999999999994,2023,2023
2807913201,Madrid,40.400414,-3.651014,0.0572,1044.0,18251.748251748253,32357.0,12247.0,9.5,2023,2023
2807913202,Madrid,40.401453,-3.658777,0.05255,1444.0,27478.591817316843,38895.0,16305.0,12.799999999999997,2023,2023
2807913203,Madrid,40.378937,-3.656666,0.04271,1398.0,32732.381175368766,49674.0,19190.0,4.599999999999994,2023,2023
2807913204,Madrid,40.38057,-3.656946,0.04988,1389.0,27846.83239775461,46316.0,18077.0,4.200000000000003,2023,2023
2807913205,Madrid,40.382074,-3.657105,0.03562,1225.0,34390.791690061764,44455.0,16809.0,7.599999999999994,2023,2023
2807913206,Madrid,40.387164,-3.66311,0.07868,2803.0,35625.31774275546,29611.0,11594.0,19.700000000000003,2023,2023
2807913207,Madrid,40.381824,-3.661194,0.08357,2097.0,25092.736627976545,49354.0,18716.0,7.400000000000006,2023,2023
2807913208,Madrid,40.377615,-3.655387,0.13321,1667.0,12514.075519855867,48841.0,18100.0,6.299999999999997,2023,2023
2807913209,Madrid,40.380504,-3.654186,0.04282,1468.0,34283.04530593181,46946.0,17572.0,7.599999999999994,2023,2023
2807913210,Madrid,40.382775,-3.65464,0.07732,2394.0,30962.234868080704,32291.0,11637.0,9.200000000000003,2023,2023
2807913211,Madrid,40.380123,-3.652129,0.04212,1050.0,24928.77492877493,41154.0,13928.0,9.799999999999997,2023,2023
2807913212,Madrid,40.399119,-3.65772,0.01965,864.0,43969.46564885496,42954.0,17151.0,13.299999999999997,2023,2023
2807913213,Madrid,40.381434,-3.659071,0.03781,1300.0,34382.43850833113,38625.0,14683.0,13.099999999999994,2023,2023
2807913214,Madrid,40.383522,-3.651455,0.04945,1298.0,26248.736097067744,28890.0,9449.0,14.599999999999994,2023,2023
2807913215,Madrid,40.385435,-3.638304,0.03895,1196.0,30706.033376123236,27433.0,10293.0,27.900000000000006,2023,2023
2807913216,Madrid,40.380369,-3.641352,0.77039,2631.0,3415.153363880632,43306.0,18246.0,12.5,2023,2023
2807913217,Madrid,40.401493,-3.666554,0.06052,1366.0,22571.05089226702,29903.0,11672.0,27.0,2023,2023
2807914002,Madrid,40.39515,-3.635118,0.14115,1385.0,9812.256464753807,32624.0,13011.0,19.099999999999994,2023,2023
2807914003,Madrid,40.398037,-3.636089,0.20211,1327.0,6565.731532333877,34495.0,13584.0,20.400000000000006,2023,2023
2807914004,Madrid,40.401717,-3.632495,0.04688,1143.0,24381.399317406143,41041.0,16081.0,11.400000000000006,2023,2023
2807914005,Madrid,40.401557,-3.634449,0.04846,716.0,14775.072224515063,38924.0,16024.0,11.299999999999997,2023,2023
2807914006,Madrid,40.403174,-3.633598,0.02206,604.0,27379.873073436083,37557.0,15659.0,7.599999999999994,2023,2023
2807914010,Madrid,40.410421,-3.638147,0.02547,1186.0,46564.58578720063,63231.0,23839.0,5.0,2023,2023
2807914012,Madrid,40.407766,-3.636736,0.0478,1456.0,30460.251046025103,36912.0,16397.0,15.599999999999994,2023,2023
2807914013,Madrid,40.407861,-3.639128,0.06047,990.0,16371.754589052422,48601.0,20484.0,7.5,2023,2023
2807914014,Madrid,40.409533,-3.64252,0.01265,626.0,49486.166007905136,48828.0,21475.0,5.400000000000006,2023,2023
2807914015,Madrid,40.4096,-3.644578,0.07917,831.0,10496.400151572565,45072.0,20155.0,7.099999999999994,2023,2023
2807914016,Madrid,40.410238,-3.64548,0.01345,691.0,51375.46468401487,44388.0,20001.0,6.200000000000003,2023,2023
2807914017,Madrid,40.410421,-3.645985,0.01409,767.0,54435.77004968062,45339.0,19573.0,9.099999999999994,2023,2023
2807914018,Madrid,40.410706,-3.646742,0.02466,1099.0,44566.09894566099,42457.0,18687.0,10.299999999999997,2023,2023
2807914019,Madrid,40.410974,-3.647464,0.00892,598.0,67040.35874439462,38088.0,16655.0,5.799999999999997,2021,2021
2807914020,Madrid,40.411289,-3.648439,0.03082,1426.0,46268.65671641791,43035.0,19055.0,6.0,2023,2023
2807914021,Madrid,40.409599,-3.648441,0.01855,894.0,48194.07008086253,41249.0,18520.0,10.099999999999994,2023,2023
2807914022,Madrid,40.407981,-3.6473,0.02244,824.0,36720.14260249554,46197.0,20127.0,6.799999999999997,2023,2023
2807914024,Madrid,40.406812,-3.649643,0.03193,1376.0,43094.26871280927,44872.0,20463.0,5.700000000000003,2023,2023
2807914025,Madrid,40.407966,-3.649968,0.0486,1160.0,23868.312757201646,36330.0,16216.0,14.299999999999997,2023,2023
2807914026,Madrid,40.408348,-3.651754,0.02196,916.0,41712.204007285975,32494.0,14147.0,20.200000000000003,2023,2023
2807914027,Madrid,40.409272,-3.651216,0.03936,1079.0,27413.61788617886,34944.0,15860.0,17.0,2023,2023
2807914028,Madrid,40.41065,-3.650159,0.02862,1018.0,35569.53179594689,29404.0,13687.0,20.700000000000003,2023,2023
2807914029,Madrid,40.411446,-3.651016,0.03397,893.0,26287.901089196348,33969.0,16396.0,18.0,2023,2023
2807914030,Madrid,40.410781,-3.653662,0.0763,1709.0,22398.42726081258,51757.0,21196.0,8.5,2023,2023
2807914031,Madrid,40.409139,-3.655578,0.02853,868.0,30424.114966701716,45481.0,19660.0,9.200000000000003,2023,2023
2807914032,Madrid,40.408441,-3.653785,0.02577,946.0,36709.35195964299,42081.0,19391.0,6.799999999999997,2023,2023
2807914033,Madrid,40.406921,-3.653065,0.02778,750.0,26997.84017278618,35718.0,14946.0,17.200000000000003,2023,2023
2807914034,Madrid,40.406101,-3.653016,0.01918,860.0,44838.37330552659,46138.0,20196.0,8.5,2023,2023
2807914035,Madrid,40.40757,-3.655064,0.01899,708.0,37282.780410742496,32422.0,13864.0,16.0,2023,2023
2807914036,Madrid,40.40748,-3.656628,0.04758,1152.0,24211.853720050443,36561.0,14035.0,20.5,2023,2023
2807914037,Madrid,40.407932,-3.659796,0.03808,986.0,25892.85714285714,32750.0,15400.0,18.700000000000003,2023,2023
2807914038,Madrid,40.409021,-3.659081,0.02952,863.0,29234.417344173442,30459.0,13533.0,26.200000000000003,2023,2023
2807914039,Madrid,40.409732,-3.657305,0.03567,1122.0,31455.004205214467,37669.0,15953.0,20.0,2023,2023
2807914040,Madrid,40.412326,-3.659361,0.1428,1762.0,12338.93557422969,52375.0,20668.0,8.200000000000003,2023,2023
2807914041,Madrid,40.410084,-3.660041,0.0325,812.0,24984.615384615383,60687.0,27417.0,4.299999999999997,2023,2023
2807914042,Madrid,40.409413,-3.662326,0.05923,1076.0,18166.469694411615,62698.0,24718.0,4.299999999999997,2023,2023
2807914043,Madrid,40.405857,-3.657432,0.22006,783.0,3558.1205125874762,48485.0,20489.0,9.099999999999994,2023,2023
2807914044,Madrid,40.404334,-3.649861,0.03305,966.0,29228.44175491679,43158.0,17559.0,15.099999999999994,2023,2023
2807914045,Madrid,40.402344,-3.648861,0.02752,958.0,34811.04651162791,38038.0,16012.0,17.299999999999997,2023,2023
2807914046,Madrid,40.40143,-3.647946,0.07664,1141.0,14887.787056367431,34817.0,13654.0,19.099999999999994,2023,2023
2807914047,Madrid,40.402724,-3.647296,0.03341,1187.0,35528.284944627354,33780.0,13662.0,20.299999999999997,2023,2023
2807914048,Madrid,40.403154,-3.645843,0.0288,1110.0,38541.666666666664,35909.0,14123.0,19.400000000000006,2023,2023
2807914049,Madrid,40.401887,-3.643999,0.03617,1178.0,32568.42687309925,32391.0,12811.0,18.5,2023,2023
2807914050,Madrid,40.401784,-3.642128,0.03882,1166.0,30036.06388459557,32732.0,12419.0,22.0,2023,2023
2807914051,Madrid,40.399881,-3.643316,0.03011,1013.0,33643.30787113916,32542.0,12524.0,19.599999999999994,2023,2023
2807914052,Madrid,40.399956,-3.646474,0.04967,975.0,19629.555063418564,35055.0,13898.0,19.599999999999994,2023,2023
2807914053,Madrid,40.3985,-3.645337,0.05372,877.0,16325.390915860016,35138.0,12618.0,22.099999999999994,2023,2023
2807914054,Madrid,40.397757,-3.643205,0.06813,1153.0,16923.528548363425,33225.0,12437.0,17.700000000000003,2023,2023
2807914055,Madrid,40.396683,-3.640697,0.10744,907.0,8441.92107222636,35928.0,14426.0,16.099999999999994,2023,2023
2807914056,Madrid,40.39856,-3.640974,0.02491,793.0,31834.60457647531,34103.0,12851.0,20.400000000000006,2023,2023
2807914057,Madrid,40.400215,-3.640703,0.03691,1047.0,28366.29639664048,33990.0,13439.0,16.200000000000003,2023,2023
2807914058,Madrid,40.401463,-3.639766,0.03778,910.0,24086.818422445736,37555.0,14119.0,15.400000000000006,2023,2023
2807914059,Madrid,40.399931,-3.638129,0.06374,1389.0,21791.653592720424,34306.0,13121.0,21.200000000000003,2023,2023
2807914060,Madrid,40.402563,-3.636384,0.06046,738.0,12206.417466093284,40980.0,17038.0,12.200000000000003,2023,2023
2807914061,Madrid,40.404552,-3.638838,0.05435,1240.0,22815.08739650414,45827.0,18746.0,8.5,2023,2023
2807914062,Madrid,40.403235,-3.639228,0.03896,1000.0,25667.351129363447,38233.0,14905.0,13.700000000000003,2023,2023
2807914063,Madrid,40.403572,-3.641372,0.05198,917.0,17641.40053866872,41816.0,17914.0,9.400000000000006,2023,2023
2807914064,Madrid,40.40536,-3.643293,0.02948,1838.0,62347.354138398914,37647.0,16244.0,16.5,2023,2023
2807914065,Madrid,40.404076,-3.643418,0.02753,912.0,33127.497275699236,36369.0,16510.0,14.099999999999994,2023,2023
2807914066,Madrid,40.404851,-3.645753,0.02046,729.0,35630.49853372434,28203.0,11500.0,19.599999999999994,2021,2021
2807914067,Madrid,40.404141,-3.646404,0.03017,1921.0,63672.52237321843,30575.0,11880.0,22.400000000000006,2023,2023
2807914068,Madrid,40.405076,-3.648604,0.01721,699.0,40615.92097617664,26540.0,11539.0,17.599999999999994,2021,2021
2807914069,Madrid,40.405893,-3.64938,0.02801,1415.0,50517.67225990717,33279.0,14455.0,18.099999999999994,2023,2023
2807914070,Madrid,40.406309,-3.646918,0.042,906.0,21571.42857142857,30454.0,13359.0,18.900000000000006,2023,2023
2807914071,Madrid,40.40635,-3.645133,0.03781,1028.0,27188.57445120338,33207.0,15582.0,17.099999999999994,2023,2023
2807914072,Madrid,40.407957,-3.644066,0.02853,921.0,32281.808622502627,40073.0,17149.0,11.900000000000006,2023,2023
2807914073,Madrid,40.407001,-3.642959,0.02465,1041.0,42231.23732251522,39290.0,16085.0,15.200000000000003,2023,2023
2807914074,Madrid,40.405938,-3.641804,0.0176,634.0,36022.72727272727,35900.0,15785.0,10.900000000000006,2021,2021
2807914075,Madrid,40.40649,-3.640382,0.02506,886.0,35355.14764565044,35550.0,15444.0,20.599999999999994,2023,2023
2807914076,Madrid,40.407587,-3.641,0.02062,892.0,43258.97187196896,39598.0,16307.0,14.599999999999994,2023,2023
2807914077,Madrid,40.408692,-3.641728,0.03339,1491.0,44654.08805031446,38104.0,15959.0,13.900000000000006,2023,2023
2807914079,Madrid,40.397555,-3.630366,0.38663,932.0,2410.573416444663,51352.0,21005.0,4.400000000000006,2023,2023
2807914080,Madrid,40.409845,-3.637144,0.01959,1151.0,58754.46656457376,72151.0,25633.0,3.0999999999999943,2023,2023
2807914081,Madrid,40.410165,-3.631038,0.02911,831.0,28546.891102713842,53197.0,18140.0,2.9000000000000057,2023,2023
2807914082,Madrid,40.415953,-3.658627,0.10163,1257.0,12368.39515890977,28599.0,8374.0,13.900000000000006,2023,2023
2807914083,Madrid,40.415283,-3.654519,0.26194,1606.0,6131.1750782621975,35139.0,12832.0,11.5,2023,2023
2807914084,Madrid,40.411504,-3.656347,0.05055,1030.0,20375.86547972305,51008.0,21503.0,7.200000000000003,2023,2023
2807914085,Madrid,40.409408,-3.635673,0.03448,1354.0,39269.14153132251,69716.0,27453.0,3.0999999999999943,2023,2023
2807914086,Madrid,40.405924,-3.635106,0.17553,1983.0,11297.214151427106,43603.0,14557.0,4.099999999999994,2023,2023
2807914087,Madrid,40.411091,-3.63642,0.02306,1258.0,54553.33911535126,69461.0,25169.0,2.0,2023,2023
2807914088,Madrid,40.402589,-3.630758,0.0451,981.0,21751.662971175167,56326.0,23008.0,5.099999999999994,2023,2023
2807914089,Madrid,40.405385,-3.626718,0.10467,1549.0,14798.891755039649,50920.0,17060.0,13.200000000000003,2023,2023
2807914090,Madrid,40.410444,-3.62545,0.42142,1579.0,3746.8558682549474,48915.0,16347.0,13.299999999999997,2023,2023
2807914091,Madrid,40.405332,-3.630928,0.13996,1834.0,13103.74392683624,66367.0,23351.0,3.200000000000003,2023,2023
2807914092,Madrid,40.40139,-3.62743,0.11636,1340.0,11515.984874527328,48026.0,15477.0,5.400000000000006,2023,2023
2807914093,Madrid,40.408099,-3.628913,0.06664,1410.0,21158.46338535414,57100.0,20894.0,5.400000000000006,2023,2023
2807914094,Madrid,40.412639,-3.639206,0.92013,1582.0,1719.3222696792845,71745.0,27605.0,3.299999999999997,2023,2023
2807914095,Madrid,40.410681,-3.634482,0.01732,762.0,43995.381062355664,74030.0,26439.0,2.9000000000000057,2023,2023
2807915001,Madrid,40.429338,-3.659677,0.06042,1072.0,17742.469380999668,48869.0,19113.0,13.5,2023,2023
2807915002,Madrid,40.42527,-3.658904,0.05356,988.0,18446.601941747573,39381.0,16185.0,18.400000000000006,2023,2023
2807915003,Madrid,40.422714,-3.658028,0.05106,1035.0,20270.27027027027,36702.0,17865.0,16.200000000000003,2023,2023
2807915005,Madrid,40.419284,-3.641389,1.62199,862.0,531.4459398639942,39492.0,15649.0,12.599999999999994,2023,2023
2807915006,Madrid,40.421035,-3.65184,0.0243,1382.0,56872.4279835391,38084.0,14654.0,19.400000000000006,2023,2023
2807915008,Madrid,40.419386,-3.654541,0.29386,2031.0,6911.454434084258,35989.0,15625.0,15.700000000000003,2023,2023
2807915009,Madrid,40.422162,-3.653925,0.02936,1365.0,46491.82561307902,32166.0,12229.0,22.0,2023,2023
2807915010,Madrid,40.422738,-3.652868,0.03066,995.0,32452.707110241357,31434.0,13065.0,25.5,2023,2023
2807915011,Madrid,40.423925,-3.651804,0.02997,1491.0,49749.749749749746,32318.0,11613.0,24.700000000000003,2023,2023
2807915012,Madrid,40.423301,-3.650315,0.02699,885.0,32789.922193404964,38059.0,14493.0,15.5,2023,2023
2807915013,Madrid,40.425032,-3.649146,0.03981,1008.0,25320.271288620952,34310.0,13082.0,20.0,2023,2023
2807915014,Madrid,40.426401,-3.64952,0.04887,1325.0,27112.748107223248,35716.0,13704.0,20.700000000000003,2023,2023
2807915015,Madrid,40.425807,-3.651274,0.01703,810.0,47563.12389900176,31758.0,12799.0,24.099999999999994,2023,2023
2807915016,Madrid,40.423643,-3.654221,0.02611,1315.0,50363.84527001149,30934.0,12478.0,27.099999999999994,2023,2023
2807915017,Madrid,40.423614,-3.65651,0.01456,849.0,58310.43956043956,34596.0,14219.0,21.0,2023,2023
2807915018,Madrid,40.423707,-3.655587,0.01416,885.0,62500.0,36638.0,14204.0,21.5,2023,2023
2807915019,Madrid,40.424717,-3.654851,0.01475,909.0,61627.1186440678,32726.0,13432.0,22.0,2023,2023
2807915020,Madrid,40.425226,-3.653476,0.02331,1152.0,49420.849420849416,33858.0,13142.0,26.799999999999997,2023,2023
2807915021,Madrid,40.426152,-3.652839,0.01442,790.0,54785.02080443828,31445.0,13229.0,21.900000000000006,2023,2023
2807915022,Madrid,40.427019,-3.651965,0.02073,1258.0,60684.99758803667,35738.0,13246.0,19.400000000000006,2023,2023
2807915023,Madrid,40.427955,-3.650949,0.04316,1620.0,37534.75440222429,37380.0,15291.0,19.099999999999994,2023,2023
2807915024,Madrid,40.428305,-3.653585,0.05022,1106.0,22023.09836718439,39170.0,16747.0,17.0,2023,2023
2807915025,Madrid,40.426346,-3.654502,0.02621,1337.0,51011.064479206405,41423.0,16968.0,16.599999999999994,2023,2023
2807915026,Madrid,40.424818,-3.656567,0.01953,1011.0,51766.51305683564,34640.0,13435.0,23.400000000000006,2023,2023
2807915027,Madrid,40.425728,-3.656753,0.02215,937.0,42302.483069977425,41971.0,15684.0,15.400000000000006,2023,2023
2807915028,Madrid,40.426613,-3.658015,0.01327,947.0,71363.97889977392,41940.0,17264.0,16.900000000000006,2023,2023
2807915029,Madrid,40.426912,-3.656071,0.02081,1197.0,57520.42287361846,34698.0,16121.0,17.099999999999994,2023,2023
2807915030,Madrid,40.428887,-3.655689,0.03921,1259.0,32109.155827595,44721.0,19581.0,12.700000000000003,2023,2023
2807915031,Madrid,40.428523,-3.65718,0.04822,1132.0,23475.73620904189,42375.0,18295.0,13.299999999999997,2023,2023
2807915032,Madrid,40.428533,-3.658551,0.02973,1312.0,44130.5079044736,47516.0,19291.0,12.400000000000006,2023,2023
2807915033,Madrid,40.431269,-3.657178,0.05096,1555.0,30514.128728414446,39442.0,17451.0,23.299999999999997,2023,2023
2807915034,Madrid,40.430887,-3.655085,0.03085,943.0,30567.260940032415,37432.0,15028.0,21.799999999999997,2023,2023
2807915035,Madrid,40.429818,-3.65346,0.02637,1285.0,48729.61698900265,42268.0,18063.0,15.599999999999994,2023,2023
2807915036,Madrid,40.431184,-3.653434,0.01991,976.0,49020.5926670015,38443.0,16081.0,23.299999999999997,2023,2023
2807915037,Madrid,40.431066,-3.652257,0.0284,1298.0,45704.22535211268,37562.0,15509.0,24.400000000000006,2023,2023
2807915038,Madrid,40.429608,-3.650364,0.04081,1904.0,46655.23156089194,36517.0,15278.0,21.900000000000006,2023,2023
2807915039,Madrid,40.431857,-3.651143,0.03327,1810.0,54403.36639615269,35599.0,15073.0,25.900000000000006,2023,2023
2807915040,Madrid,40.431745,-3.649172,0.03908,1802.0,46110.542476970324,34394.0,14165.0,28.700000000000003,2023,2023
2807915041,Madrid,40.429177,-3.648516,0.04613,1898.0,41144.591372208975,37980.0,14409.0,24.799999999999997,2023,2023
2807915042,Madrid,40.428584,-3.646649,0.05787,1780.0,30758.596855019874,40732.0,15742.0,16.299999999999997,2023,2023
2807915043,Madrid,40.431411,-3.647572,0.03057,1465.0,47922.80013084724,39231.0,15006.0,26.099999999999994,2023,2023
2807915044,Madrid,40.431892,-3.646582,0.03671,1442.0,39280.849904658135,39461.0,16249.0,18.799999999999997,2023,2023
2807915045,Madrid,40.432339,-3.645631,0.0321,1243.0,38722.74143302181,40785.0,15971.0,23.799999999999997,2023,2023
2807915046,Madrid,40.432615,-3.644642,0.02815,1568.0,55701.59857904085,39565.0,14755.0,23.099999999999994,2023,2023
2807915047,Madrid,40.433209,-3.644302,0.02348,1015.0,43228.27938671209,39128.0,15463.0,26.0,2023,2023
2807915048,Madrid,40.433358,-3.643365,0.02918,1464.0,50171.35023989034,38700.0,13510.0,29.700000000000003,2023,2023
2807915049,Madrid,40.431048,-3.643083,0.02906,1509.0,51927.047487955955,32468.0,12878.0,29.200000000000003,2023,2023
2807915050,Madrid,40.430249,-3.642371,0.03563,1500.0,42099.35447656469,36967.0,14474.0,24.5,2023,2023
2807915051,Madrid,40.429288,-3.644891,0.03868,1854.0,47931.74767321613,38577.0,14821.0,21.700000000000003,2023,2023
2807915052,Madrid,40.427809,-3.645132,0.01293,814.0,62954.36968290796,34101.0,13274.0,24.099999999999994,2023,2023
2807915053,Madrid,40.427599,-3.643613,0.02737,1678.0,61308.00146145415,32081.0,11756.0,26.099999999999994,2023,2023
2807915054,Madrid,40.428745,-3.641914,0.05134,1748.0,34047.52629528633,32405.0,12715.0,24.700000000000003,2023,2023
2807915056,Madrid,40.430242,-3.639487,0.07462,1573.0,21080.139372822297,35719.0,13461.0,27.200000000000003,2023,2023
2807915057,Madrid,40.42822,-3.638716,0.02467,1514.0,61370.085123631936,37492.0,13693.0,21.5,2023,2023
2807915058,Madrid,40.427511,-3.640862,0.02281,1307.0,57299.43007452871,35139.0,12555.0,27.299999999999997,2023,2023
2807915059,Madrid,40.426706,-3.640497,0.01719,937.0,54508.43513670738,33888.0,12555.0,20.799999999999997,2023,2023
2807915060,Madrid,40.4265,-3.64258,0.02027,1252.0,61766.15688209176,31317.0,12327.0,26.900000000000006,2023,2023
2807915061,Madrid,40.42537,-3.641726,0.08429,1479.0,17546.565428876496,36417.0,13625.0,21.099999999999994,2023,2023
2807915062,Madrid,40.425559,-3.637782,0.07756,2537.0,32710.159876224858,42206.0,16577.0,17.700000000000003,2023,2023
2807915065,Madrid,40.423533,-3.634249,0.22067,1377.0,6240.087007749127,51178.0,19062.0,12.099999999999994,2023,2023
2807915066,Madrid,40.421817,-3.633083,0.01851,702.0,37925.445705024315,40352.0,17451.0,13.400000000000006,2023,2023
2807915067,Madrid,40.422242,-3.630424,0.12715,922.0,7251.27801808887,40786.0,17739.0,11.299999999999997,2023,2023
2807915068,Madrid,40.421646,-3.628098,0.05488,1174.0,21392.12827988338,48165.0,20731.0,5.700000000000003,2023,2023
2807915069,Madrid,40.414983,-3.623877,0.19242,1955.0,10160.066521151646,58192.0,21155.0,4.0,2023,2023
2807915070,Madrid,40.425533,-3.634224,0.08021,2465.0,30731.82894900885,50985.0,18734.0,11.0,2023,2023
2807915071,Madrid,40.42642,-3.631517,0.03929,1483.0,37744.97327564266,29751.0,11505.0,26.599999999999994,2023,2023
2807915073,Madrid,40.428833,-3.6328,0.09749,1277.0,13098.779361985846,34137.0,11571.0,24.200000000000003,2023,2023
2807915074,Madrid,40.427083,-3.63588,0.06708,2029.0,30247.46571258199,33903.0,12907.0,22.0,2023,2023
2807915075,Madrid,40.428527,-3.636372,0.03502,1541.0,44003.42661336379,35331.0,13488.0,21.0,2023,2023
2807915076,Madrid,40.429372,-3.635983,0.02632,961.0,36512.158054711246,32182.0,12907.0,20.099999999999994,2023,2023
2807915077,Madrid,40.430783,-3.63722,0.03101,1112.0,35859.40019348597,37076.0,14568.0,21.0,2023,2023
2807915078,Madrid,40.430997,-3.634815,0.03452,936.0,27114.716106604865,29989.0,12356.0,32.0,2023,2023
2807915079,Madrid,40.432025,-3.635251,0.02423,782.0,32274.040445728435,31847.0,12907.0,22.5,2023,2023
2807915080,Madrid,40.433013,-3.636076,0.03286,929.0,28271.45465611686,27940.0,10855.0,26.400000000000006,2023,2023
2807915081,Madrid,40.432043,-3.637993,0.02158,1859.0,86144.57831325302,31904.0,10714.0,30.0,2023,2023
2807915082,Madrid,40.433383,-3.63762,0.0336,1283.0,38184.52380952381,40358.0,16426.0,18.700000000000003,2023,2023
2807915083,Madrid,40.432395,-3.640767,0.03312,1575.0,47554.34782608696,35266.0,12628.0,28.5,2023,2023
2807915084,Madrid,40.433553,-3.641873,0.01972,1119.0,56744.42190669371,36589.0,13190.0,30.700000000000003,2023,2023
2807915085,Madrid,40.434608,-3.64221,0.02547,1486.0,58343.14880251276,36352.0,13442.0,28.0,2023,2023
2807915086,Madrid,40.435735,-3.641853,0.03071,1085.0,35330.51123412569,41003.0,16316.0,24.5,2023,2023
2807915087,Madrid,40.435235,-3.640269,0.02347,1376.0,58628.03579037068,29452.0,11628.0,35.099999999999994,2023,2023
2807915088,Madrid,40.433833,-3.63989,0.02614,1242.0,47513.389441469015,31319.0,10772.0,32.3,2023,2023
2807915089,Madrid,40.435222,-3.639022,0.02426,1328.0,54740.31327287716,35150.0,12277.0,28.5,2023,2023
2807915090,Madrid,40.435749,-3.637719,0.07698,1836.0,23850.350740452064,45829.0,19609.0,9.799999999999997,2023,2023
2807915092,Madrid,40.440166,-3.638123,0.11331,1536.0,13555.732062483454,56045.0,24404.0,14.299999999999997,2023,2023
2807915093,Madrid,40.438258,-3.639995,0.04735,1413.0,29841.6050686378,40864.0,16417.0,21.299999999999997,2023,2023
2807915094,Madrid,40.440084,-3.641158,0.06193,1396.0,22541.579202325207,41369.0,18037.0,19.0,2023,2023
2807915095,Madrid,40.439644,-3.643376,0.01627,916.0,56299.93853718501,33092.0,13695.0,29.400000000000006,2023,2023
2807915096,Madrid,40.438917,-3.644958,0.03441,1390.0,40395.23394362104,36842.0,14638.0,22.099999999999994,2023,2023
2807915097,Madrid,40.438283,-3.642337,0.02173,945.0,43488.26507132996,35036.0,12706.0,27.5,2023,2023
2807915098,Madrid,40.437771,-3.643632,0.02217,1156.0,52142.534957149306,34524.0,13324.0,28.599999999999994,2023,2023
2807915099,Madrid,40.436847,-3.641925,0.03594,1533.0,42654.42404006678,39146.0,14761.0,28.900000000000006,2023,2023
2807915100,Madrid,40.435886,-3.643885,0.01932,876.0,45341.6149068323,35370.0,13979.0,30.200000000000003,2023,2023
2807915101,Madrid,40.437103,-3.644885,0.02368,1159.0,48944.25675675676,37396.0,14418.0,25.099999999999994,2023,2023
2807915102,Madrid,40.437476,-3.646873,0.01848,1123.0,60768.39826839827,41117.0,16365.0,18.599999999999994,2023,2023
2807915103,Madrid,40.436533,-3.646595,0.02431,1387.0,57054.70999588647,38142.0,16279.0,22.400000000000006,2023,2023
2807915104,Madrid,40.436079,-3.648404,0.02479,681.0,27470.75433642598,26999.0,13017.0,18.700000000000003,2021,2021
2807915105,Madrid,40.434653,-3.646972,0.03187,1518.0,47631.00094132413,35720.0,16239.0,21.299999999999997,2023,2023
2807915106,Madrid,40.435413,-3.64546,0.02636,1487.0,56411.22913505311,38675.0,14098.0,27.299999999999997,2023,2023
2807915108,Madrid,40.434126,-3.648418,0.02509,1025.0,40852.92945396572,39311.0,16295.0,23.400000000000006,2023,2023
2807915109,Madrid,40.433358,-3.650639,0.03763,1488.0,39542.917884666495,42838.0,18614.0,16.700000000000003,2023,2023
2807915110,Madrid,40.435096,-3.650465,0.05209,1813.0,34805.1449414475,34585.0,15350.0,23.700000000000003,2023,2023
2807915111,Madrid,40.434318,-3.652001,0.01306,913.0,69908.11638591118,42652.0,18920.0,16.299999999999997,2023,2023
2807915112,Madrid,40.434027,-3.654243,0.0342,1518.0,44385.9649122807,40691.0,16250.0,23.700000000000003,2023,2023
2807915113,Madrid,40.432899,-3.653928,0.03457,1508.0,43621.63725773793,41653.0,17695.0,23.400000000000006,2023,2023
2807915114,Madrid,40.433015,-3.656396,0.03138,920.0,29318.036966220523,40991.0,18159.0,19.599999999999994,2023,2023
2807915115,Madrid,40.432622,-3.658962,0.06472,1880.0,29048.207663782447,45417.0,19835.0,14.799999999999997,2023,2023
2807915116,Madrid,40.434082,-3.658464,0.02384,1136.0,47651.0067114094,42468.0,17271.0,20.700000000000003,2023,2023
2807915117,Madrid,40.434993,-3.659002,0.01776,1434.0,80743.24324324324,36356.0,15655.0,26.0,2023,2023
2807915118,Madrid,40.435843,-3.658777,0.01502,1050.0,69906.79094540613,34803.0,16668.0,18.099999999999994,2023,2023
2807915119,Madrid,40.435545,-3.656755,0.01613,1170.0,72535.64786112834,33549.0,16427.0,19.599999999999994,2023,2023
2807915120,Madrid,40.434941,-3.656856,0.0092,974.0,105869.56521739131,36427.0,15906.0,26.0,2023,2023
2807915121,Madrid,40.434511,-3.657049,0.00922,738.0,80043.38394793926,38629.0,18804.0,16.799999999999997,2023,2023
2807915122,Madrid,40.435901,-3.653131,0.06941,1186.0,17086.87509004466,42176.0,18229.0,17.200000000000003,2023,2023
2807915123,Madrid,40.437955,-3.651137,0.02655,1270.0,47834.27495291902,50460.0,20319.0,13.700000000000003,2023,2023
2807915124,Madrid,40.438027,-3.648819,0.08992,1114.0,12388.790035587188,42279.0,16765.0,17.5,2023,2023
2807915125,Madrid,40.440816,-3.646568,0.06926,872.0,12590.239676580999,66876.0,25343.0,9.400000000000006,2023,2023
2807915126,Madrid,40.440782,-3.644293,0.01963,1243.0,63321.44676515537,40251.0,15892.0,19.700000000000003,2023,2023
2807915127,Madrid,40.442229,-3.643508,0.09759,1549.0,15872.527922942925,49745.0,21751.0,14.200000000000003,2023,2023
2807915128,Madrid,40.444202,-3.642986,0.19767,2089.0,10568.118581474173,61158.0,26637.0,10.599999999999994,2023,2023
2807915129,Madrid,40.441257,-3.648427,0.07089,1088.0,15347.721822541967,46403.0,19900.0,12.900000000000006,2023,2023
2807915130,Madrid,40.438577,-3.652052,0.02095,1030.0,49164.67780429594,41688.0,19009.0,13.799999999999997,2023,2023
2807915131,Madrid,40.436521,-3.65439,0.03504,1054.0,30079.908675799084,42321.0,17897.0,13.5,2023,2023
2807915132,Madrid,40.438148,-3.657186,0.17352,1251.0,7209.54356846473,48125.0,19661.0,6.799999999999997,2023,2023
2807915133,Madrid,40.439879,-3.655357,0.04448,1594.0,35836.3309352518,42807.0,18082.0,9.299999999999997,2023,2023
2807915134,Madrid,40.440474,-3.653652,0.02301,1201.0,52194.69795740982,42174.0,18535.0,11.900000000000006,2023,2023
2807915135,Madrid,40.440686,-3.652716,0.07382,2079.0,28163.099431048497,41455.0,18073.0,9.900000000000006,2023,2023
2807915136,Madrid,40.438868,-3.653089,0.01691,1048.0,61975.16262566528,39283.0,17492.0,15.299999999999997,2023,2023
2807915138,Madrid,40.441274,-3.650619,0.02948,1327.0,45013.56852103121,33846.0,16081.0,18.200000000000003,2023,2023
2807915140,Madrid,40.442718,-3.649369,0.03975,1534.0,38591.19496855346,34353.0,16538.0,18.599999999999994,2023,2023
2807915141,Madrid,40.442874,-3.651581,0.03847,1196.0,31089.160384715364,42173.0,17768.0,15.5,2023,2023
2807915142,Madrid,40.444391,-3.650732,0.03165,1134.0,35829.38388625593,62270.0,28471.0,5.400000000000006,2023,2023
2807915143,Madrid,40.44656,-3.648736,0.23448,1969.0,8397.304674172638,74947.0,30657.0,13.400000000000006,2023,2023
2807915144,Madrid,40.445187,-3.653406,0.11706,1837.0,15692.807107466257,82076.0,30079.0,9.099999999999994,2023,2023
2807915145,Madrid,40.443033,-3.654523,0.02203,644.0,29232.86427598729,60406.0,23021.0,3.700000000000003,2021,2021
2807915146,Madrid,40.441816,-3.655945,0.02683,1120.0,41744.31606410734,63906.0,26173.0,8.5,2023,2023
2807915147,Madrid,40.44358,-3.657547,0.17811,1407.0,7899.612598955702,76770.0,28949.0,4.799999999999997,2023,2023
2807915148,Madrid,40.447991,-3.658327,0.11823,1017.0,8601.87769601624,49208.0,20809.0,9.099999999999994,2023,2023
2807915149,Madrid,40.44887,-3.655655,0.13643,1479.0,10840.72418089863,61019.0,23559.0,9.900000000000006,2023,2023
2807915150,Madrid,40.450573,-3.652015,0.24628,1712.0,6951.437388338477,101278.0,36918.0,14.099999999999994,2023,2023
2807915151,Madrid,40.452951,-3.656852,0.15058,1707.0,11336.166821623057,73689.0,28602.0,16.299999999999997,2023,2023
2807915153,Madrid,40.452673,-3.661743,0.03956,700.0,17694.64105156724,73727.0,30200.0,5.900000000000006,2023,2023
2807915154,Madrid,40.454536,-3.661885,0.04918,1174.0,23871.49247661651,56125.0,23266.0,11.200000000000003,2023,2023
2807915155,Madrid,40.456202,-3.657929,0.12432,1508.0,12129.98712998713,79174.0,32661.0,9.900000000000006,2023,2023
2807915156,Madrid,40.457589,-3.659469,0.04258,1516.0,35603.569751056835,52241.0,22853.0,12.5,2023,2023
2807915157,Madrid,40.458319,-3.662518,0.17622,1043.0,5918.737941209852,70051.0,29658.0,14.5,2023,2023
2807915158,Madrid,40.460307,-3.659609,0.17344,1338.0,7714.483394833948,80790.0,29992.0,10.799999999999997,2023,2023
2807915159,Madrid,40.464349,-3.664993,0.24431,1536.0,6287.094265482379,86277.0,33140.0,11.799999999999997,2023,2023
2807915160,Madrid,40.469338,-3.666969,0.25142,1994.0,7930.952191551985,81001.0,32367.0,10.299999999999997,2023,2023
2807915161,Madrid,40.474634,-3.671165,0.35871,2239.0,6241.810933623262,102405.0,33273.0,7.400000000000006,2023,2023
2807915162,Madrid,40.474009,-3.666557,0.11696,1910.0,16330.369357045145,91441.0,33029.0,6.5,2023,2023
2807915163,Madrid,40.47728,-3.667004,0.05507,1162.0,21100.4176502633,78819.0,28818.0,5.799999999999997,2023,2023
2807915164,Madrid,40.479354,-3.66706,0.05777,1052.0,18210.143673186776,78790.0,28332.0,5.700000000000003,2023,2023
2807915165,Madrid,40.478983,-3.668876,0.03639,993.0,27287.716405605937,82257.0,30350.0,3.9000000000000057,2023,2023
2807915166,Madrid,40.479162,-3.670063,0.01848,851.0,46049.78354978355,75048.0,27888.0,3.299999999999997,2023,2023
2807915167,Madrid,40.479933,-3.672844,0.05496,1043.0,18977.438136826782,104774.0,36918.0,4.5,2023,2023
2807915168,Madrid,40.481053,-3.670028,0.06303,1666.0,26431.85784547041,81422.0,29654.0,5.5,2023,2023
2807915170,Madrid,40.482343,-3.666873,0.11003,2079.0,18894.846859947287,87579.0,32826.0,5.700000000000003,2023,2023
2807915171,Madrid,40.482869,-3.66228,0.03936,1330.0,33790.650406504064,40548.0,15225.0,14.799999999999997,2023,2023
2807915172,Madrid,40.477784,-3.670296,0.03307,1067.0,32264.892651950406,71773.0,26659.0,3.700000000000003,2023,2023
2807915173,Madrid,40.482961,-3.671047,0.12061,1896.0,15720.089544813864,74387.0,26684.0,4.400000000000006,2023,2023
2807915174,Madrid,40.454796,-3.653897,0.09498,1462.0,15392.714255632765,87875.0,33395.0,12.400000000000006,2023,2023
2807915175,Madrid,40.453245,-3.659158,0.0562,1136.0,20213.5231316726,54535.0,24656.0,7.799999999999997,2023,2023
2807915176,Madrid,40.480302,-3.664059,0.07879,1919.0,24355.882726234293,60617.0,26016.0,8.0,2023,2023
2807915177,Madrid,40.420069,-3.627837,0.05683,1261.0,22188.984691184236,46050.0,18142.0,10.200000000000003,2023,2023
2807915178,Madrid,40.447111,-3.660378,0.09442,1361.0,14414.319000211819,66204.0,27005.0,9.200000000000003,2023,2023
2807915179,Madrid,40.418999,-3.626062,0.0571,1362.0,23852.889667250438,45793.0,18610.0,9.900000000000006,2023,2023
2807915180,Madrid,40.450423,-3.661348,0.07097,2245.0,31633.08440185994,66436.0,26508.0,9.700000000000003,2023,2023
2807915181,Madrid,40.418474,-3.629077,0.14426,1131.0,7840.01109108554,58333.0,23240.0,4.400000000000006,2023,2023
2807915182,Madrid,40.481774,-3.664526,0.02511,674.0,26841.89565909996,71413.0,26674.0,4.0,2023,2023
2807916001,Madrid,40.452111,-3.609972,0.48967,2058.0,4202.830477668634,104774.0,36918.0,9.099999999999994,2023,2023
2807916002,Madrid,40.451466,-3.621606,0.35028,1881.0,5369.989722507708,104774.0,36918.0,10.700000000000003,2023,2023
2807916003,Madrid,40.45906,-3.623817,0.47256,2075.0,4390.9768071779245,104774.0,36918.0,11.0,2023,2023
2807916004,Madrid,40.453847,-3.642709,0.80485,2557.0,3176.9895011492827,104774.0,36918.0,27.400000000000006,2023,2023
2807916005,Madrid,40.455453,-3.64945,0.24047,1952.0,8117.43668648896,104774.0,36918.0,14.400000000000006,2023,2023
2807916006,Madrid,40.458446,-3.649694,0.25545,1826.0,7148.169896261499,70265.0,25083.0,22.0,2023,2023
2807916007,Madrid,40.461557,-3.655814,0.2234,2179.0,9753.8048343778,76606.0,28379.0,10.200000000000003,2023,2023
2807916008,Madrid,40.461637,-3.651701,0.04578,1105.0,24137.17780690258,36437.0,13759.0,9.299999999999997,2023,2023
2807916009,Madrid,40.460249,-3.65082,0.0391,1098.0,28081.84143222506,33375.0,13533.0,20.799999999999997,2023,2023
2807916011,Madrid,40.46176,-3.648927,0.07691,1315.0,17097.9066441295,36260.0,14178.0,14.700000000000003,2023,2023
2807916012,Madrid,40.461535,-3.646804,0.0364,724.0,19890.10989010989,36580.0,16459.0,14.599999999999994,2023,2023
2807916013,Madrid,40.462678,-3.64577,0.02733,1000.0,36589.82802780827,47474.0,18737.0,10.200000000000003,2023,2023
2807916014,Madrid,40.461892,-3.644374,0.02753,808.0,29349.800217944063,40971.0,17851.0,8.700000000000003,2023,2023
2807916015,Madrid,40.459937,-3.644913,0.03901,1193.0,30581.902076390666,44438.0,17960.0,13.700000000000003,2023,2023
2807916016,Madrid,40.460781,-3.642569,0.08758,1030.0,11760.67595341402,45719.0,18397.0,9.799999999999997,2023,2023
2807916017,Madrid,40.4632,-3.643501,0.0364,963.0,26456.043956043955,41960.0,17901.0,8.599999999999994,2023,2023
2807916018,Madrid,40.464038,-3.64249,0.02595,805.0,31021.194605009634,46037.0,19143.0,10.299999999999997,2023,2023
2807916019,Madrid,40.463924,-3.640577,0.02255,929.0,41197.339246119736,46178.0,18832.0,7.599999999999994,2023,2023
2807916020,Madrid,40.462762,-3.639876,0.03782,1160.0,30671.60232681121,47259.0,18525.0,8.099999999999994,2023,2023
2807916021,Madrid,40.464407,-3.63758,0.12027,1087.0,9037.997838197389,51270.0,22353.0,6.5,2023,2023
2807916022,Madrid,40.463855,-3.634389,0.04805,1274.0,26514.04786680541,45753.0,19257.0,8.299999999999997,2023,2023
2807916024,Madrid,40.463725,-3.631471,0.06913,2175.0,31462.46202806307,47621.0,18609.0,10.299999999999997,2023,2023
2807916025,Madrid,40.465288,-3.627833,0.24762,2102.0,8488.813504563444,48775.0,20967.0,11.0,2023,2023
2807916026,Madrid,40.4658,-3.629974,0.01643,785.0,47778.45404747413,35624.0,15175.0,18.099999999999994,2023,2023
2807916027,Madrid,40.467174,-3.630493,0.0164,733.0,44695.12195121951,40664.0,16223.0,13.099999999999994,2023,2023
2807916028,Madrid,40.467698,-3.63228,0.01801,919.0,51027.207107162685,41058.0,18318.0,6.599999999999994,2023,2023
2807916029,Madrid,40.4668,-3.632702,0.03245,1149.0,35408.320493066254,36358.0,15410.0,9.5,2023,2023
2807916030,Madrid,40.465591,-3.633163,0.06742,1789.0,26535.15277365767,44582.0,19755.0,10.5,2023,2023
2807916031,Madrid,40.466879,-3.63539,0.03149,1221.0,38774.21403620197,52271.0,21450.0,5.599999999999994,2023,2023
2807916032,Madrid,40.466957,-3.638261,0.05766,1507.0,26135.969476240025,58922.0,25507.0,7.700000000000003,2023,2023
2807916033,Madrid,40.466577,-3.644743,0.29669,1628.0,5487.208871212377,42845.0,17975.0,16.099999999999994,2023,2023
2807916034,Madrid,40.465116,-3.648912,0.08985,1976.0,21992.20923761825,47588.0,19605.0,19.400000000000006,2023,2023
2807916035,Madrid,40.46498,-3.654018,0.28609,1606.0,5613.618092208745,59997.0,21935.0,11.799999999999997,2023,2023
2807916036,Madrid,40.466746,-3.659777,0.3311,2564.0,7743.88402295379,80537.0,26383.0,6.700000000000003,2023,2023
2807916037,Madrid,40.467728,-3.654973,0.04067,1026.0,25227.440373739857,34497.0,14667.0,20.5,2023,2023
2807916038,Madrid,40.46971,-3.655107,0.1067,1331.0,12474.226804123711,41564.0,18158.0,16.900000000000006,2023,2023
2807916039,Madrid,40.47077,-3.65321,0.04493,1115.0,24816.381037168932,31160.0,12770.0,24.599999999999994,2023,2023
2807916040,Madrid,40.471417,-3.65184,0.02871,1979.0,68930.68617206549,30752.0,12947.0,25.5,2023,2023
2807916041,Madrid,40.472139,-3.650298,0.02484,704.0,28341.384863123993,27269.0,11642.0,21.799999999999997,2021,2021
2807916042,Madrid,40.471689,-3.649189,0.02546,1428.0,56087.981146897095,36154.0,15699.0,14.400000000000006,2023,2023
2807916043,Madrid,40.470528,-3.649663,0.02393,948.0,39615.54534057668,34307.0,13998.0,17.0,2023,2023
2807916044,Madrid,40.468828,-3.651361,0.05073,1100.0,21683.42203824167,48678.0,19178.0,13.400000000000006,2023,2023
2807916045,Madrid,40.468747,-3.648858,0.10087,1567.0,15534.846832556756,61684.0,24185.0,6.5,2023,2023
2807916046,Madrid,40.469919,-3.644875,0.05925,1700.0,28691.98312236287,48684.0,20802.0,10.299999999999997,2023,2023
2807916047,Madrid,40.471289,-3.647177,0.02768,593.0,21423.41040462428,33870.0,15584.0,7.099999999999994,2021,2021
2807916048,Madrid,40.471536,-3.642988,0.2498,2152.0,8614.891913530824,49141.0,20348.0,12.200000000000003,2023,2023
2807916049,Madrid,40.470282,-3.636334,0.05996,1148.0,19146.097398265512,50458.0,20674.0,4.599999999999994,2023,2023
2807916050,Madrid,40.469677,-3.632615,0.13983,1491.0,10662.947865264963,43069.0,17205.0,9.599999999999994,2023,2023
2807916051,Madrid,40.472099,-3.632807,0.03833,1008.0,26297.938951213146,38230.0,14912.0,15.599999999999994,2023,2023
2807916052,Madrid,40.472731,-3.635252,0.03704,1164.0,31425.48596112311,36011.0,14702.0,15.700000000000003,2023,2023
2807916053,Madrid,40.47369,-3.635552,0.01795,942.0,52479.10863509749,33564.0,13447.0,16.299999999999997,2023,2023
2807916054,Madrid,40.474835,-3.636112,0.03421,791.0,23121.89418298743,31637.0,14247.0,16.200000000000003,2023,2023
2807916055,Madrid,40.475642,-3.638287,0.02779,1534.0,55199.71212666427,31713.0,13455.0,20.5,2023,2023
2807916056,Madrid,40.474151,-3.638173,0.03285,679.0,20669.71080669711,26426.0,12066.0,17.400000000000006,2021,2021
2807916057,Madrid,40.472981,-3.638392,0.02765,993.0,35913.2007233273,34605.0,14952.0,13.900000000000006,2023,2023
2807916058,Madrid,40.473754,-3.641128,0.0537,1433.0,26685.288640595903,38306.0,15580.0,15.299999999999997,2023,2023
2807916059,Madrid,40.47515,-3.642371,0.05929,1739.0,29330.40984989037,42386.0,17023.0,11.200000000000003,2023,2023
2807916060,Madrid,40.475317,-3.645081,0.06829,1491.0,21833.357739054034,46492.0,18533.0,9.700000000000003,2023,2023
2807916061,Madrid,40.476228,-3.641969,0.04178,1355.0,32431.785543322167,46475.0,19545.0,8.900000000000006,2023,2023
2807916063,Madrid,40.477663,-3.641153,0.10216,1537.0,15045.02740798747,45577.0,19316.0,8.900000000000006,2023,2023
2807916064,Madrid,40.477885,-3.644726,0.03181,1243.0,39075.76233888714,49191.0,19076.0,12.5,2023,2023
2807916065,Madrid,40.479613,-3.645505,0.07469,1084.0,14513.321729816575,33741.0,16521.0,19.099999999999994,2023,2023
2807916066,Madrid,40.478685,-3.64617,0.02597,1103.0,42472.0831728918,33672.0,16464.0,18.599999999999994,2023,2023
2807916067,Madrid,40.4773,-3.647576,0.05282,1963.0,37163.953048087846,32831.0,14561.0,15.5,2023,2023
2807916069,Madrid,40.478922,-3.650478,0.12257,1211.0,9880.068532267276,39616.0,16903.0,12.0,2023,2023
2807916070,Madrid,40.474976,-3.65419,0.06885,1697.0,24647.785039941904,48929.0,18977.0,7.5,2023,2023
2807916071,Madrid,40.476299,-3.651688,0.04712,1348.0,28607.80984719864,31254.0,11702.0,5.5,2023,2023
2807916072,Madrid,40.476519,-3.650012,0.0367,366.0,9972.752043596729,21023.0,7876.0,4.599999999999994,2021,2021
2807916073,Madrid,40.475277,-3.649504,0.04473,1775.0,39682.53968253968,33823.0,12522.0,17.5,2023,2023
2807916074,Madrid,40.47451,-3.646949,0.04455,1112.0,24960.71829405163,30484.0,12623.0,16.599999999999994,2023,2023
2807916075,Madrid,40.473754,-3.649583,0.04248,1233.0,29025.423728813563,35250.0,15612.0,17.400000000000006,2023,2023
2807916076,Madrid,40.473414,-3.65209,0.04296,1433.0,33356.61080074488,30285.0,13154.0,23.700000000000003,2023,2023
2807916077,Madrid,40.473037,-3.654375,0.034,1469.0,43205.882352941175,33098.0,12445.0,24.5,2023,2023
2807916078,Madrid,40.471966,-3.655564,0.03518,923.0,26236.498010233085,33842.0,13051.0,22.099999999999994,2023,2023
2807916079,Madrid,40.473698,-3.658484,0.18472,1989.0,10767.648332611521,51009.0,18527.0,9.400000000000006,2023,2023
2807916080,Madrid,40.470708,-3.661256,0.09431,855.0,9065.846675856219,97837.0,33557.0,6.299999999999997,2023,2023
2807916081,Madrid,40.471076,-3.663568,0.10623,1192.0,11220.935705544573,70363.0,27233.0,7.5,2023,2023
2807916082,Madrid,40.473383,-3.661503,0.03434,833.0,24257.425742574254,32838.0,12324.0,19.700000000000003,2023,2023
2807916083,Madrid,40.475611,-3.663444,0.13361,2265.0,16952.32392784971,42132.0,16038.0,13.299999999999997,2023,2023
2807916085,Madrid,40.478286,-3.663148,0.04984,1402.0,28130.016051364364,45036.0,17209.0,14.5,2023,2023
2807916086,Madrid,40.479928,-3.66145,0.07305,2163.0,29609.856262833673,42824.0,16054.0,14.099999999999994,2023,2023
2807916087,Madrid,40.479517,-3.658892,0.02748,878.0,31950.509461426493,39840.0,16304.0,16.5,2023,2023
2807916088,Madrid,40.477367,-3.660236,0.09176,1462.0,15932.868352223191,42918.0,17108.0,13.099999999999994,2023,2023
2807916089,Madrid,40.476368,-3.65669,0.06942,785.0,11307.980409104006,38985.0,16860.0,11.700000000000003,2023,2023
2807916090,Madrid,40.480235,-3.655696,0.36066,1498.0,4153.496367770199,40565.0,15385.0,9.200000000000003,2023,2023
2807916091,Madrid,40.50592,-3.638937,0.42138,2501.0,5935.260335089468,104774.0,36918.0,16.299999999999997,2023,2023
2807916092,Madrid,40.488595,-3.664983,0.044,1182.0,26863.636363636364,51631.0,19751.0,10.0,2023,2023
2807916093,Madrid,40.488757,-3.662789,0.02427,1036.0,42686.4441697569,53540.0,20183.0,8.900000000000006,2023,2023
2807916096,Madrid,40.474465,-3.629796,0.80288,1621.0,2018.9816660023912,71098.0,23788.0,6.5,2023,2023
2807916097,Madrid,40.471602,-3.636811,0.07282,1444.0,19829.71711068388,41656.0,17853.0,8.700000000000003,2023,2023
2807916098,Madrid,40.46584,-3.640728,0.04594,1351.0,29407.923378319545,63842.0,26601.0,6.400000000000006,2023,2023
2807916099,Madrid,40.488323,-3.660819,0.05709,1691.0,29619.89840602557,54019.0,20970.0,7.099999999999994,2023,2023
2807916100,Madrid,40.468183,-3.635643,0.05029,969.0,19268.24418373434,58527.0,21712.0,3.700000000000003,2023,2023
2807916101,Madrid,40.468219,-3.639974,0.03742,1149.0,30705.505077498663,55640.0,22217.0,5.0,2023,2023
2807916102,Madrid,40.459655,-3.636433,0.35036,2392.0,6827.263386231305,104774.0,36918.0,17.799999999999997,2023,2023
2807916103,Madrid,40.45293,-3.631735,0.93274,2006.0,2150.6529150674355,104774.0,36918.0,21.099999999999994,2023,2023
2807916104,Madrid,40.46214,-3.63025,0.09774,1998.0,20441.988950276245,60843.0,22144.0,6.0,2023,2023
2807916105,Madrid,40.45244,-3.616267,0.07227,1271.0,17586.82717586827,93342.0,31338.0,7.599999999999994,2023,2023
2807916106,Madrid,40.48626,-3.667331,0.50942,2009.0,3943.7006792038005,59416.0,27116.0,22.0,2023,2023
2807916107,Madrid,40.482292,-3.636932,0.82503,2656.0,3219.2768747803107,91043.0,27161.0,7.299999999999997,2023,2023
2807916108,Madrid,40.495326,-3.654869,0.08736,2114.0,24198.71794871795,90892.0,29362.0,12.599999999999994,2023,2023
2807916109,Madrid,40.483191,-3.651327,0.54286,2499.0,4603.396824227241,42298.0,14577.0,15.200000000000003,2023,2023
2807916110,Madrid,40.489467,-3.651586,0.26839,2654.0,9888.594955102648,55006.0,19005.0,10.200000000000003,2023,2023
2807916111,Madrid,40.492052,-3.657673,0.1217,1309.0,10755.95727198028,71556.0,23480.0,6.599999999999994,2023,2023
2807916112,Madrid,40.487493,-3.656021,0.0478,1448.0,30292.8870292887,60834.0,19310.0,6.5,2023,2023
2807916113,Madrid,40.458228,-3.629765,0.23393,2014.0,8609.413072286581,104774.0,36918.0,17.099999999999994,2023,2023
2807916114,Madrid,40.502525,-3.652998,0.98242,2990.0,3043.504814641396,71303.0,26641.0,16.400000000000006,2023,2023
2807916115,Madrid,40.493463,-3.660023,0.09425,1799.0,19087.533156498674,72467.0,27306.0,13.900000000000006,2023,2023
2807916116,Madrid,40.485479,-3.64954,0.08447,1906.0,22564.22398484669,53279.0,20705.0,17.700000000000003,2023,2023
2807916117,Madrid,40.492158,-3.653824,0.16657,2677.0,16071.321366392509,62546.0,20769.0,9.799999999999997,2023,2023
2807916118,Madrid,40.486044,-3.656059,0.15541,2575.0,16569.075349076636,60528.0,19550.0,10.0,2023,2023
2807916119,Madrid,40.491063,-3.665467,0.53227,2866.0,5384.485317601969,70033.0,26617.0,11.099999999999994,2023,2023
2807916120,Madrid,40.490538,-3.647067,0.42807,2088.0,4877.706917092999,52018.0,19393.0,10.599999999999994,2023,2023
2807916121,Madrid,40.455241,-3.617743,0.22511,1705.0,7574.07489671716,87962.0,32381.0,12.5,2023,2023
2807916122,Madrid,40.499668,-3.655621,0.1096,2073.0,18914.233576642335,83809.0,27609.0,15.799999999999997,2023,2023
2807916123,Madrid,40.50436,-3.646076,1.21816,2435.0,1998.9163985026598,104774.0,36918.0,14.0,2023,2023
2807916124,Madrid,40.492197,-3.624163,5.05903,3493.0,690.4485642504591,74880.0,26982.0,20.700000000000003,2023,2023
2807916125,Madrid,40.496883,-3.660522,0.48509,2304.0,4749.634088519656,80413.0,26681.0,12.700000000000003,2023,2023
2807916126,Madrid,40.479964,-3.62507,0.59732,1877.0,3142.369249313601,77792.0,24093.0,7.599999999999994,2023,2023
2807916127,Madrid,40.494534,-3.653475,0.04049,1518.0,37490.738453939244,59342.0,20730.0,11.400000000000006,2023,2023
2807916128,Madrid,40.503229,-3.62153,2.7348,2456.0,898.054702354834,75975.0,25410.0,9.099999999999994,2023,2023
2807916129,Madrid,40.496339,-3.616087,0.24124,2746.0,11382.855247885922,70558.0,24561.0,7.5,2023,2023
2807917002,Madrid,40.342388,-3.716409,0.0525,1341.0,25542.857142857145,32880.0,11182.0,27.200000000000003,2023,2023
2807917003,Madrid,40.342599,-3.713678,0.05811,1452.0,24987.093443469283,32421.0,10985.0,32.2,2023,2023
2807917004,Madrid,40.344463,-3.711382,0.04429,2578.0,58207.27026416798,26080.0,8837.0,37.4,2023,2023
2807917006,Madrid,40.342702,-3.711336,0.04762,1765.0,37064.2587148257,30644.0,10273.0,29.599999999999994,2023,2023
2807917007,Madrid,40.342404,-3.709741,0.02851,1025.0,35952.29743949491,30044.0,9995.0,33.099999999999994,2023,2023
2807917008,Madrid,40.34219,-3.708048,0.04891,1580.0,32304.23226334083,31152.0,10424.0,30.799999999999997,2023,2023
2807917009,Madrid,40.343919,-3.70846,0.01967,1095.0,55668.53075749873,32701.0,10066.0,31.0,2023,2023
2807917010,Madrid,40.344822,-3.708178,0.02629,1342.0,51046.02510460251,31231.0,10627.0,31.900000000000006,2023,2023
2807917011,Madrid,40.346022,-3.707519,0.03661,1435.0,39196.94072657744,32264.0,10093.0,32.5,2023,2023
2807917012,Madrid,40.345704,-3.710693,0.03347,1790.0,53480.729011054675,32240.0,10152.0,32.8,2023,2023
2807917013,Madrid,40.345337,-3.713144,0.01745,953.0,54613.18051575931,29607.0,10913.0,30.599999999999994,2023,2023
2807917014,Madrid,40.34462,-3.71443,0.02136,1276.0,59737.8277153558,30061.0,9917.0,33.099999999999994,2023,2023
2807917015,Madrid,40.344392,-3.715803,0.02493,1532.0,61452.06578419574,30067.0,10185.0,33.2,2023,2023
2807917016,Madrid,40.344347,-3.716768,0.01473,977.0,66327.22335369993,28173.0,10043.0,28.099999999999994,2023,2023
2807917017,Madrid,40.346797,-3.715339,0.03079,1261.0,40954.855472556024,35484.0,12360.0,24.099999999999994,2023,2023
2807917018,Madrid,40.346524,-3.714207,0.02517,1238.0,49185.538339292805,28796.0,9576.0,32.599999999999994,2023,2023
2807917019,Madrid,40.346546,-3.712116,0.02355,1021.0,43354.56475583864,30219.0,11076.0,27.700000000000003,2023,2023
2807917020,Madrid,40.348402,-3.7122,0.06692,909.0,13583.383144052601,35087.0,11683.0,16.299999999999997,2023,2023
2807917021,Madrid,40.353068,-3.716673,2.69524,1146.0,425.1940457992609,27278.0,8250.0,12.299999999999997,2023,2023
2807917022,Madrid,40.349641,-3.708968,0.06311,1119.0,17730.94596735858,27731.0,9776.0,17.0,2023,2023
2807917023,Madrid,40.347595,-3.709854,0.04736,2026.0,42778.71621621622,36425.0,13090.0,23.200000000000003,2023,2023
2807917024,Madrid,40.347931,-3.707628,0.05244,1994.0,38024.40884820747,30201.0,10204.0,34.0,2023,2023
2807917025,Madrid,40.347954,-3.705656,0.02111,941.0,44576.03031738513,31046.0,9674.0,32.599999999999994,2023,2023
2807917026,Madrid,40.3475,-3.704255,0.02786,1400.0,50251.25628140703,30791.0,10762.0,25.099999999999994,2023,2023
2807917027,Madrid,40.345655,-3.703993,0.08051,1936.0,24046.702273009563,38049.0,13976.0,18.299999999999997,2023,2023
2807917028,Madrid,40.344417,-3.70572,0.04349,1267.0,29133.134053805472,34500.0,12038.0,24.400000000000006,2023,2023
2807917029,Madrid,40.344266,-3.701167,0.35812,1659.0,4632.525410476936,36587.0,15945.0,16.299999999999997,2023,2023
2807917031,Madrid,40.346333,-3.686415,0.26407,1197.0,4532.889006702768,28732.0,8411.0,35.2,2023,2023
2807917032,Madrid,40.343144,-3.686594,0.04826,2206.0,45710.73352673021,28227.0,8156.0,37.3,2023,2023
2807917033,Madrid,40.342086,-3.687524,0.03162,1656.0,52371.916508538896,27018.0,7457.0,41.0,2023,2023
2807917035,Madrid,40.344447,-3.687951,0.02403,1328.0,55264.25301706201,25988.0,7781.0,35.400000000000006,2023,2023
2807917036,Madrid,40.344564,-3.689671,0.01977,1042.0,52706.12038442084,27891.0,8937.0,36.9,2023,2023
2807917037,Madrid,40.344488,-3.691404,0.02482,1332.0,53666.39806607575,27150.0,7438.0,43.6,2023,2023
2807917038,Madrid,40.342813,-3.690978,0.08325,1542.0,18522.522522522522,32122.0,8910.0,34.599999999999994,2023,2023
2807917039,Madrid,40.340766,-3.691583,0.04941,1959.0,39647.84456587735,28441.0,8542.0,35.0,2023,2023
2807917041,Madrid,40.337182,-3.688869,0.48951,1266.0,2586.2597291168718,27552.0,7771.0,41.3,2023,2023
2807917042,Madrid,40.340419,-3.687174,0.02335,1737.0,74389.721627409,27279.0,7066.0,42.0,2023,2023
2807917043,Madrid,40.341521,-3.68531,0.05634,2181.0,38711.39510117146,29287.0,8144.0,39.6,2023,2023
2807917045,Madrid,40.351299,-3.67553,0.64648,1959.0,3030.2561564162847,43185.0,15008.0,11.099999999999994,2023,2023
2807917046,Madrid,40.352926,-3.680947,0.03455,1843.0,53342.98118668597,31132.0,10230.0,27.099999999999994,2023,2023
2807917047,Madrid,40.353814,-3.682419,0.04551,1703.0,37420.34717644474,28936.0,9884.0,30.400000000000006,2023,2023
2807917048,Madrid,40.361328,-3.686429,0.21942,1838.0,8376.629295415185,38510.0,13913.0,10.900000000000006,2023,2023
2807917049,Madrid,40.356147,-3.690318,0.01437,1244.0,86569.24147529576,29301.0,8853.0,32.8,2023,2023
2807917050,Madrid,40.355924,-3.692235,0.02347,1429.0,60886.23775031955,28953.0,11009.0,26.700000000000003,2023,2023
2807917051,Madrid,40.354691,-3.692058,0.02484,1187.0,47785.829307568434,28636.0,9545.0,33.5,2023,2023
2807917052,Madrid,40.355278,-3.690248,0.01247,1176.0,94306.33520449078,30125.0,10877.0,28.099999999999994,2023,2023
2807917053,Madrid,40.354091,-3.690242,0.02425,1038.0,42804.1237113402,31667.0,11369.0,26.599999999999994,2023,2023
2807917054,Madrid,40.353039,-3.692055,0.0375,1338.0,35680.0,29581.0,9772.0,37.0,2023,2023
2807917055,Madrid,40.352608,-3.689759,0.0552,1704.0,30869.565217391304,34850.0,12678.0,21.200000000000003,2023,2023
2807917057,Madrid,40.352726,-3.686167,0.05462,1711.0,31325.521786891248,30853.0,10560.0,30.900000000000006,2023,2023
2807917058,Madrid,40.351614,-3.684806,0.03628,1450.0,39966.923925027564,31792.0,10612.0,31.400000000000006,2023,2023
2807917059,Madrid,40.350767,-3.686319,0.03376,1524.0,45142.18009478673,33084.0,11263.0,30.599999999999994,2023,2023
2807917060,Madrid,40.348673,-3.686619,0.05551,977.0,17600.432354530716,33767.0,11869.0,27.400000000000006,2023,2023
2807917061,Madrid,40.347906,-3.690055,0.01799,1447.0,80433.57420789328,28714.0,8648.0,40.1,2023,2023
2807917062,Madrid,40.34915,-3.688089,0.02912,1694.0,58173.07692307692,30672.0,9652.0,35.5,2023,2023
2807917063,Madrid,40.350617,-3.687823,0.02356,1113.0,47241.08658743633,30607.0,10339.0,34.0,2023,2023
2807917064,Madrid,40.35078,-3.689553,0.03597,1651.0,45899.36057825966,31383.0,10341.0,34.5,2023,2023
2807917065,Madrid,40.350671,-3.69141,0.02885,1300.0,45060.65857885615,30971.0,10260.0,31.799999999999997,2023,2023
2807917066,Madrid,40.348324,-3.691405,0.12822,1318.0,10279.207611917018,29265.0,8777.0,37.6,2023,2023
2807917068,Madrid,40.348332,-3.695923,0.2722,2053.0,7542.248346803821,31255.0,11764.0,15.299999999999997,2023,2023
2807917069,Madrid,40.349793,-3.700109,0.03984,1660.0,41666.666666666664,31936.0,10671.0,32.0,2023,2023
2807917070,Madrid,40.35105,-3.700772,0.059,1232.0,20881.35593220339,42198.0,16797.0,11.400000000000006,2023,2023
2807917071,Madrid,40.351263,-3.697571,0.0612,2006.0,32777.77777777778,36747.0,12820.0,27.799999999999997,2023,2023
2807917072,Madrid,40.35195,-3.695794,0.02413,1334.0,55283.87898881061,28478.0,9052.0,42.0,2023,2023
2807917073,Madrid,40.351983,-3.694085,0.02661,962.0,36151.82262307403,27830.0,11444.0,26.900000000000006,2023,2023
2807917074,Madrid,40.354674,-3.693746,0.04666,893.0,19138.44834976425,35646.0,13179.0,16.799999999999997,2023,2023
2807917075,Madrid,40.355458,-3.69572,0.04543,1529.0,33656.174334140436,39089.0,14147.0,20.400000000000006,2023,2023
2807917076,Madrid,40.353523,-3.695763,0.04865,1197.0,24604.31654676259,36141.0,14415.0,20.0,2023,2023
2807917078,Madrid,40.354118,-3.69765,0.0336,1321.0,39315.47619047619,33786.0,13809.0,19.299999999999997,2023,2023
2807917079,Madrid,40.353889,-3.698888,0.01758,868.0,49374.28896473265,28554.0,12680.0,18.200000000000003,2023,2023
2807917080,Madrid,40.357612,-3.703136,0.69561,2910.0,4183.378617328676,43192.0,16572.0,17.0,2023,2023
2807917082,Madrid,40.355731,-3.699096,0.04802,1572.0,32736.359850062472,31805.0,12315.0,23.200000000000003,2023,2023
2807917083,Madrid,40.357239,-3.698527,0.04063,1465.0,36057.100664533595,29275.0,10905.0,24.5,2023,2023
2807917084,Madrid,40.357045,-3.695808,0.03127,1117.0,35721.13847137832,28846.0,11018.0,30.099999999999994,2023,2023
2807917085,Madrid,40.357699,-3.693886,0.02828,745.0,26343.705799151343,38432.0,15159.0,21.299999999999997,2023,2023
2807917086,Madrid,40.359982,-3.694083,0.02778,811.0,29193.664506839454,38522.0,15084.0,19.799999999999997,2023,2023
2807917087,Madrid,40.358975,-3.695945,0.06432,1625.0,25264.303482587064,34537.0,13401.0,20.700000000000003,2023,2023
2807917089,Madrid,40.359259,-3.698129,0.0452,1196.0,26460.176991150445,32207.0,12234.0,23.400000000000006,2023,2023
2807917090,Madrid,40.361302,-3.699523,0.04558,1130.0,24791.57525230364,34041.0,12338.0,21.099999999999994,2023,2023
2807917091,Madrid,40.360994,-3.696002,0.04245,1201.0,28292.10836277974,34085.0,12270.0,28.099999999999994,2023,2023
2807917092,Madrid,40.363274,-3.695113,0.06552,826.0,12606.837606837607,42320.0,15983.0,15.5,2023,2023
2807917093,Madrid,40.362287,-3.696705,0.03489,682.0,19547.14817999427,40120.0,16204.0,12.900000000000006,2023,2023
2807917094,Madrid,40.362815,-3.698107,0.01685,836.0,49614.24332344213,33532.0,12385.0,26.299999999999997,2023,2023
2807917095,Madrid,40.363465,-3.698633,0.02958,890.0,30087.89722785666,32618.0,13032.0,20.700000000000003,2023,2023
2807917096,Madrid,40.357964,-3.691741,0.07947,1229.0,15464.95532905499,47136.0,17214.0,9.5,2023,2023
2807917097,Madrid,40.356414,-3.687888,0.08225,1473.0,17908.814589665653,45658.0,17702.0,8.299999999999997,2023,2023
2807917098,Madrid,40.350922,-3.710108,0.0416,1186.0,28509.615384615387,25819.0,8095.0,9.700000000000003,2023,2023
2807917099,Madrid,40.352687,-3.712695,0.22316,778.0,3486.287865208819,50277.0,16802.0,3.5,2023,2023
2807917100,Madrid,40.348408,-3.714054,0.01793,1164.0,64919.12994980479,29427.0,9741.0,31.700000000000003,2023,2023
2807917101,Madrid,40.351897,-3.680905,0.0555,2086.0,37585.585585585584,32506.0,12158.0,25.400000000000006,2023,2023
2807917102,Madrid,40.352307,-3.701006,0.03714,1093.0,29429.186860527734,46707.0,18897.0,6.0,2023,2023
2807917103,Madrid,40.354117,-3.687262,0.04769,2137.0,44810.232753197735,42834.0,15896.0,8.799999999999997,2023,2023
2807917104,Madrid,40.36186,-3.691715,0.16857,1981.0,11751.794506733107,41802.0,14751.0,12.200000000000003,2023,2023
2807917105,Madrid,40.358488,-3.68616,0.05368,1526.0,28427.719821162445,46270.0,16395.0,12.900000000000006,2023,2023
2807917106,Madrid,40.332833,-3.704857,4.72644,3219.0,681.0622794323,35402.0,12120.0,20.099999999999994,2023,2023
2807917107,Madrid,40.344199,-3.676624,0.10546,2555.0,24227.195145078702,42432.0,14820.0,6.0,2023,2023
2807917108,Madrid,40.355468,-3.685479,0.05395,1553.0,28785.912882298424,47473.0,17726.0,7.5,2023,2023
2807917109,Madrid,40.343191,-3.705584,0.0224,1191.0,53169.642857142855,32515.0,12282.0,17.400000000000006,2023,2023
2807917110,Madrid,40.346983,-3.67712,0.05513,2231.0,40467.984763286775,45761.0,16005.0,8.700000000000003,2023,2023
2807917111,Madrid,40.334278,-3.676108,5.21382,2733.0,524.1838038137105,35066.0,11084.0,21.5,2023,2023
2807917112,Madrid,40.357835,-3.683392,0.09686,2095.0,21629.15548213917,52461.0,18042.0,7.099999999999994,2023,2023
2807917113,Madrid,40.350316,-3.70475,0.17005,2767.0,16271.684798588649,50708.0,19698.0,7.700000000000003,2023,2023
2807917114,Madrid,40.356361,-3.682337,0.07709,1714.0,22233.75275651835,44557.0,15687.0,10.400000000000006,2023,2023
2807917115,Madrid,40.350221,-3.678433,0.07744,2301.0,29713.326446280993,48918.0,17575.0,10.099999999999994,2023,2023
2807917116,Madrid,40.358978,-3.689416,0.07083,1220.0,17224.339968939716,42132.0,15531.0,10.599999999999994,2023,2023
2807918002,Madrid,40.378033,-3.628063,0.03705,1417.0,38245.61403508772,35240.0,12860.0,11.900000000000006,2023,2023
2807918003,Madrid,40.37795,-3.626464,0.01298,907.0,69876.73343605547,31585.0,11823.0,21.099999999999994,2023,2023
2807918004,Madrid,40.378694,-3.625363,0.0264,1194.0,45227.27272727273,33310.0,12375.0,18.400000000000006,2023,2023
2807918005,Madrid,40.379794,-3.626043,0.02244,1260.0,56149.73262032085,30377.0,10991.0,23.299999999999997,2023,2023
2807918006,Madrid,40.379733,-3.623683,0.04381,1348.0,30769.23076923077,34939.0,11934.0,25.799999999999997,2023,2023
2807918007,Madrid,40.381065,-3.624074,0.04573,1009.0,22064.29040017494,32806.0,12688.0,24.799999999999997,2023,2023
2807918008,Madrid,40.381795,-3.622432,0.03829,1207.0,31522.59075476626,32948.0,12366.0,24.900000000000006,2023,2023
2807918009,Madrid,40.381208,-3.620261,0.04062,1600.0,39389.46331856228,32924.0,11845.0,22.099999999999994,2023,2023
2807918010,Madrid,40.382122,-3.619204,0.03745,1105.0,29506.00801068091,29422.0,9807.0,28.0,2023,2023
2807918011,Madrid,40.380034,-3.619015,0.0344,1267.0,36831.395348837206,32137.0,11758.0,23.400000000000006,2023,2023
2807918012,Madrid,40.378441,-3.618327,0.05623,1558.0,27707.629379334874,31371.0,12128.0,13.900000000000006,2023,2023
2807918013,Madrid,40.378514,-3.620445,0.03529,1237.0,35052.42278265797,31307.0,11428.0,28.799999999999997,2023,2023
2807918014,Madrid,40.378104,-3.622094,0.05072,1482.0,29219.2429022082,33557.0,12268.0,21.200000000000003,2023,2023
2807918015,Madrid,40.377248,-3.624499,0.04563,1152.0,25246.5483234714,31710.0,11442.0,23.299999999999997,2023,2023
2807918016,Madrid,40.376127,-3.62318,0.03132,1334.0,42592.59259259259,29027.0,10751.0,24.5,2023,2023
2807918017,Madrid,40.375524,-3.622141,0.02551,1166.0,45707.56566052528,29299.0,11669.0,20.900000000000006,2023,2023
2807918018,Madrid,40.374587,-3.621376,0.04704,1905.0,40497.44897959184,32895.0,12721.0,18.200000000000003,2023,2023
2807918019,Madrid,40.373179,-3.620972,0.03302,1734.0,52513.62810417928,34013.0,12881.0,15.200000000000003,2023,2023
2807918020,Madrid,40.371017,-3.61993,0.03548,1465.0,41290.86809470124,40321.0,15614.0,10.599999999999994,2023,2023
2807918021,Madrid,40.372993,-3.61696,0.09145,1010.0,11044.286495352651,36130.0,14714.0,10.5,2023,2023
2807918022,Madrid,40.373901,-3.618778,0.03295,1450.0,44006.069802731414,26834.0,10386.0,24.900000000000006,2023,2023
2807918023,Madrid,40.37675,-3.616755,0.16043,1250.0,7791.560182010847,31929.0,13037.0,20.700000000000003,2023,2023
2807918024,Madrid,40.377118,-3.618891,0.02439,1003.0,41123.41123411235,33522.0,13355.0,16.700000000000003,2023,2023
2807918025,Madrid,40.370205,-3.618592,0.06367,1739.0,27312.706141039733,46236.0,17245.0,4.700000000000003,2023,2023
2807918026,Madrid,40.380352,-3.614751,0.08433,1593.0,18890.07470651014,33397.0,11048.0,9.099999999999994,2023,2023
2807918027,Madrid,40.385948,-3.617752,0.86862,1855.0,2135.5713660749234,40010.0,13230.0,13.299999999999997,2023,2023
2807918028,Madrid,40.384742,-3.607,0.05086,1925.0,37848.99724734565,44797.0,18054.0,14.299999999999997,2023,2023
2807918029,Madrid,40.383641,-3.609788,0.02366,1101.0,46534.234995773455,47673.0,18523.0,9.5,2023,2023
2807918030,Madrid,40.381825,-3.608675,0.04343,777.0,17890.85885332719,40630.0,16885.0,12.099999999999994,2023,2023
2807918031,Madrid,40.383462,-3.605887,0.04274,1106.0,25877.39822180627,42067.0,16618.0,14.599999999999994,2023,2023
2807918032,Madrid,40.381962,-3.605849,0.06256,1308.0,20907.9283887468,42615.0,17748.0,12.799999999999997,2023,2023
2807918033,Madrid,40.380875,-3.604471,0.04105,1279.0,31157.125456760048,41152.0,16854.0,12.799999999999997,2023,2023
2807918034,Madrid,40.380227,-3.606763,0.02387,1236.0,51780.4775869292,41584.0,18020.0,12.0,2023,2023
2807918035,Madrid,40.379796,-3.608263,0.01859,922.0,49596.557288864984,44029.0,17379.0,16.299999999999997,2023,2023
2807918036,Madrid,40.379498,-3.61058,0.05958,1294.0,21718.697549513257,46668.0,17356.0,10.5,2023,2023
2807918037,Madrid,40.381866,-3.611485,0.07015,1095.0,15609.408410548824,33900.0,13074.0,21.799999999999997,2023,2023
2807918038,Madrid,40.381869,-3.613704,0.01938,1013.0,52270.3818369453,31437.0,10469.0,11.200000000000003,2023,2023
2807918039,Madrid,40.385887,-3.608786,0.06496,1241.0,19104.064039408866,53002.0,20283.0,5.5,2023,2023
2807918040,Madrid,40.380805,-3.602327,0.46332,2290.0,4942.588275921609,58167.0,21563.0,5.299999999999997,2023,2023
2807918041,Madrid,40.382938,-3.60936,0.02221,1264.0,56911.301215668616,44616.0,17122.0,19.599999999999994,2023,2023
2807918042,Madrid,40.372151,-3.623767,0.1748,1837.0,10509.153318077802,33168.0,12497.0,12.900000000000006,2023,2023
2807918043,Madrid,40.372032,-3.620581,0.03397,1997.0,58787.16514571681,36881.0,13418.0,12.400000000000006,2023,2023
2807918044,Madrid,40.384418,-3.611516,0.05132,1259.0,24532.346063912704,52692.0,19775.0,7.400000000000006,2023,2023
2807918045,Madrid,40.338719,-3.601574,26.5462,2925.0,110.18526192072689,17450.0,5522.0,32.099999999999994,2023,2023
2807918046,Madrid,40.355856,-3.649348,13.9841,2127.0,152.10131506496666,29443.0,10745.0,34.400000000000006,2023,2023
2807918047,Madrid,40.368573,-3.618095,0.21164,1272.0,6010.20601020601,36049.0,14542.0,9.900000000000006,2023,2023
2807918048,Madrid,40.378706,-3.606785,0.04205,1291.0,30701.545778834723,54686.0,20205.0,6.599999999999994,2023,2023
2807918049,Madrid,40.36346,-3.601485,0.11756,1503.0,12784.960871044574,57060.0,19417.0,6.400000000000006,2023,2023
2807918050,Madrid,40.376102,-3.62731,0.08422,2692.0,31963.90406079316,42827.0,15742.0,19.400000000000006,2023,2023
2807918051,Madrid,40.376487,-3.611858,0.25885,1504.0,5810.3148541626415,46078.0,21653.0,4.400000000000006,2023,2023
2807918054,Madrid,40.368836,-3.612357,0.08976,3130.0,34870.766488413545,46899.0,18227.0,11.799999999999997,2023,2023
2807918055,Madrid,40.371675,-3.604951,0.46835,1971.0,4208.391160456923,43842.0,16135.0,9.900000000000006,2023,2023
2807918056,Madrid,40.366983,-3.602723,0.15082,2168.0,14374.751359236174,37806.0,14349.0,27.900000000000006,2023,2023
2807918058,Madrid,40.35969,-3.596003,0.8049,3829.0,4757.1126848055665,51344.0,16969.0,19.099999999999994,2023,2023
2807918059,Madrid,40.370253,-3.628162,0.30085,2771.0,9210.570051520692,34835.0,12761.0,15.5,2023,2023
2807918060,Madrid,40.366256,-3.621664,0.15397,1821.0,11826.97928167825,47255.0,18137.0,14.0,2023,2023
2807918061,Madrid,40.374527,-3.607521,0.26206,1642.0,6265.740670075555,49665.0,20546.0,5.900000000000006,2023,2023
2807918063,Madrid,40.360639,-3.619197,1.57374,1560.0,991.2692058408633,44525.0,16819.0,6.5,2023,2023
2807918065,Madrid,40.374029,-3.629186,0.20428,3130.0,15322.106912081457,32339.0,11858.0,27.099999999999994,2023,2023
2807918066,Madrid,40.372239,-3.613001,0.15998,2227.0,13920.490061257657,51044.0,19127.0,8.200000000000003,2023,2023
2807918068,Madrid,40.369505,-3.596647,0.67591,1343.0,1986.9509254190646,42985.0,19622.0,12.799999999999997,2023,2023
2807919001,Madrid,40.384851,-3.575205,18.39025,2178.0,118.43232147469446,26151.0,7618.0,30.400000000000006,2023,2023
2807919002,Madrid,40.402746,-3.611151,0.20873,2919.0,13984.573372299143,47875.0,17041.0,13.700000000000003,2023,2023
2807919003,Madrid,40.40351,-3.607674,0.02956,941.0,31833.558863328824,33526.0,12299.0,26.099999999999994,2023,2023
2807919004,Madrid,40.403204,-3.605647,0.03443,975.0,28318.327040371765,31493.0,11380.0,29.799999999999997,2023,2023
2807919005,Madrid,40.401253,-3.605383,0.04857,1699.0,34980.440601194154,34029.0,12887.0,21.0,2023,2023
2807919006,Madrid,40.401481,-3.602625,0.05515,1237.0,22429.737080689032,35522.0,14058.0,22.599999999999994,2023,2023
2807919007,Madrid,40.40309,-3.603545,0.03943,1225.0,31067.71493786457,35711.0,13272.0,20.0,2023,2023
2807919008,Madrid,40.40392,-3.601299,0.07021,1379.0,19641.076769690928,30304.0,11429.0,27.799999999999997,2023,2023
2807919009,Madrid,40.404901,-3.604845,0.03978,1625.0,40849.67320261437,34769.0,13323.0,24.400000000000006,2023,2023
2807919011,Madrid,40.405789,-3.606721,0.02389,1267.0,53034.74257011301,30883.0,12594.0,18.599999999999994,2023,2023
2807919012,Madrid,40.404935,-3.607837,0.03588,1070.0,29821.627647714602,32946.0,13284.0,26.200000000000003,2023,2023
2807919014,Madrid,40.407384,-3.603194,0.11644,1567.0,13457.574716592237,31421.0,11406.0,17.099999999999994,2023,2023
2807919016,Madrid,40.405665,-3.601874,0.02058,945.0,45918.36734693877,29349.0,11033.0,27.0,2023,2023
2807919018,Madrid,40.407499,-3.606243,0.02553,1224.0,47943.595769682724,29480.0,11917.0,26.400000000000006,2023,2023
2807919019,Madrid,40.406676,-3.60695,0.02571,1016.0,39517.69739401011,30607.0,12285.0,25.099999999999994,2023,2023
2807919020,Madrid,40.408065,-3.608068,0.01649,1030.0,62462.09824135839,31098.0,12990.0,17.599999999999994,2023,2023
2807919021,Madrid,40.40771,-3.608931,0.02915,1284.0,44048.02744425386,30422.0,12884.0,19.5,2023,2023
2807919022,Madrid,40.408643,-3.610547,0.03357,1144.0,34078.04587429252,28278.0,11011.0,23.299999999999997,2023,2023
2807919023,Madrid,40.410511,-3.610947,0.04128,1160.0,28100.77519379845,30592.0,11509.0,23.0,2023,2023
2807919024,Madrid,40.408706,-3.612341,0.02069,895.0,43257.612373127115,27637.0,10802.0,27.799999999999997,2023,2023
2807919025,Madrid,40.406606,-3.611504,0.13289,1072.0,8066.822183761004,29091.0,11399.0,25.900000000000006,2023,2023
2807919026,Madrid,40.405673,-3.612931,0.04888,947.0,19373.977086743045,29173.0,11343.0,25.0,2023,2023
2807919027,Madrid,40.406799,-3.615357,0.01954,979.0,50102.35414534289,30233.0,11116.0,22.700000000000003,2023,2023
2807919028,Madrid,40.405494,-3.615089,0.03827,1490.0,38933.89077606481,29308.0,10234.0,30.700000000000003,2023,2023
2807919029,Madrid,40.411411,-3.61645,0.89443,958.0,1071.0731974553628,27911.0,10346.0,22.099999999999994,2023,2023
2807919032,Madrid,40.408574,-3.599199,0.95059,2330.0,2451.109311059447,39335.0,13955.0,18.099999999999994,2023,2023
2807919033,Madrid,40.40416,-3.620488,0.27652,2035.0,7359.323014610155,54274.0,19997.0,6.400000000000006,2023,2023
2807919034,Madrid,40.401513,-3.622408,0.05248,1670.0,31821.646341463416,49875.0,18224.0,7.400000000000006,2023,2023
2807919035,Madrid,40.398435,-3.619034,0.12728,1580.0,12413.57636706474,50524.0,18624.0,8.400000000000006,2023,2023
2807919036,Madrid,40.397993,-3.623211,0.13544,2052.0,15150.620200826934,50239.0,19347.0,8.799999999999997,2023,2023
2807919037,Madrid,40.396397,-3.623076,0.12164,1961.0,16121.34166392634,54069.0,19976.0,7.799999999999997,2023,2023
2807919038,Madrid,40.4009,-3.618147,0.13592,1860.0,13684.520306062388,38537.0,12777.0,8.0,2023,2023
2807919039,Madrid,40.395181,-3.622916,0.06407,1587.0,24769.783049789294,40687.0,13216.0,15.200000000000003,2023,2023
2807919041,Madrid,40.398312,-3.605126,0.0387,1496.0,38656.330749354005,46775.0,17946.0,4.700000000000003,2023,2023
2807919042,Madrid,40.394755,-3.606001,0.10701,2406.0,22483.880011213907,49197.0,17811.0,2.5,2023,2023
2807919043,Madrid,40.400116,-3.62414,0.06297,1325.0,21041.7659202795,51563.0,19263.0,7.299999999999997,2023,2023
2807919044,Madrid,40.394351,-3.615226,1.56935,1944.0,1238.7294102653964,42787.0,13516.0,17.900000000000006,2023,2023
2807919045,Madrid,40.401468,-3.600412,0.05487,1683.0,30672.49863313286,51753.0,18333.0,4.0,2023,2023
2807919046,Madrid,40.397999,-3.607009,0.06086,1907.0,31334.209661518238,51509.0,16917.0,4.799999999999997,2023,2023
2807919047,Madrid,40.400736,-3.598242,0.15656,2504.0,15993.86816555953,49176.0,17574.0,6.900000000000006,2023,2023
2807919048,Madrid,40.399897,-3.604869,0.03004,1598.0,53195.73901464714,54309.0,18194.0,4.799999999999997,2023,2023
2807919049,Madrid,40.396092,-3.608388,0.05278,2044.0,38726.79045092838,48158.0,17988.0,5.200000000000003,2023,2023
2807919050,Madrid,40.40208,-3.624816,0.04642,1137.0,24493.752692804825,60474.0,22671.0,3.9000000000000057,2023,2023
2807919051,Madrid,40.397614,-3.602992,0.08156,1927.0,23626.777832270724,53269.0,18349.0,5.299999999999997,2023,2023
2807920001,Madrid,40.434812,-3.631334,0.24566,2154.0,8768.2162338191,37116.0,14724.0,23.599999999999994,2023,2023
2807920002,Madrid,40.436831,-3.615772,0.20325,1600.0,7872.078720787208,66661.0,25141.0,8.599999999999994,2023,2023
2807920003,Madrid,40.432961,-3.625003,0.03317,1101.0,33192.64395538137,32360.0,12627.0,19.700000000000003,2023,2023
2807920006,Madrid,40.428726,-3.629783,0.02333,951.0,40762.966138019714,35764.0,12706.0,17.900000000000006,2023,2023
2807920007,Madrid,40.429808,-3.630009,0.04141,1711.0,41318.52209611205,31568.0,11554.0,24.900000000000006,2023,2023
2807920008,Madrid,40.430745,-3.62722,0.03659,1359.0,37141.29543591145,33434.0,11963.0,24.900000000000006,2023,2023
2807920009,Madrid,40.431757,-3.625196,0.0248,802.0,32338.709677419356,36225.0,14401.0,12.0,2023,2023
2807920010,Madrid,40.432488,-3.623445,0.02696,656.0,24332.34421364985,34699.0,13931.0,11.599999999999994,2023,2023
2807920011,Madrid,40.430836,-3.624128,0.02304,724.0,31423.61111111111,36260.0,13842.0,15.200000000000003,2023,2023
2807920012,Madrid,40.429939,-3.625959,0.01891,1568.0,82919.09042834479,27789.0,10140.0,34.900000000000006,2023,2023
2807920013,Madrid,40.429074,-3.627827,0.01827,979.0,53585.11220580186,26604.0,10273.0,29.5,2023,2023
2807920014,Madrid,40.427792,-3.627918,0.01676,713.0,42541.7661097852,20690.0,9293.0,20.299999999999997,2021,2021
2807920015,Madrid,40.42766,-3.628892,0.01621,1867.0,115175.81739666873,26053.0,10442.0,31.400000000000006,2023,2023
2807920016,Madrid,40.42709,-3.629578,0.01668,797.0,47781.77458033573,24935.0,10479.0,28.700000000000003,2023,2023
2807920017,Madrid,40.428381,-3.625235,0.14091,1123.0,7969.626002412887,29788.0,11445.0,25.400000000000006,2023,2023
2807920018,Madrid,40.428831,-3.626326,0.01381,1150.0,83272.99058653151,27569.0,10520.0,35.099999999999994,2023,2023
2807920019,Madrid,40.428846,-3.624896,0.0198,731.0,36919.191919191915,23173.0,10000.0,23.0,2021,2021
2807920020,Madrid,40.429874,-3.62422,0.01339,1849.0,138088.12546676624,26425.0,10332.0,33.599999999999994,2023,2023
2807920021,Madrid,40.430677,-3.620386,0.1865,976.0,5233.243967828418,27743.0,10021.0,23.900000000000006,2023,2023
2807920022,Madrid,40.431505,-3.618761,0.04574,1230.0,26891.12374289462,28738.0,10472.0,26.700000000000003,2023,2023
2807920023,Madrid,40.43031,-3.616827,0.03198,1822.0,56973.108192620384,28172.0,10107.0,27.900000000000006,2023,2023
2807920024,Madrid,40.431618,-3.616736,0.01673,714.0,42677.82426778243,24359.0,9572.0,20.900000000000006,2021,2021
2807920025,Madrid,40.432656,-3.617472,0.02793,1190.0,42606.51629072682,28688.0,10485.0,25.599999999999994,2023,2023
2807920026,Madrid,40.432221,-3.613404,0.10045,1348.0,13419.61174713788,36822.0,14085.0,14.799999999999997,2023,2023
2807920027,Madrid,40.431459,-3.614194,0.0252,1048.0,41587.30158730159,38876.0,15380.0,7.599999999999994,2023,2023
2807920028,Madrid,40.430352,-3.612848,0.01941,700.0,36063.884595569296,34235.0,14469.0,11.099999999999994,2023,2023
2807920029,Madrid,40.429256,-3.613753,0.09099,1438.0,15803.934498296516,33092.0,12587.0,17.900000000000006,2023,2023
2807920031,Madrid,40.4284,-3.617998,0.08695,1375.0,15813.686026451984,29564.0,10205.0,29.400000000000006,2023,2023
2807920032,Madrid,40.427037,-3.619696,0.05065,1127.0,22250.740375123394,26057.0,9328.0,36.5,2023,2023
2807920033,Madrid,40.427216,-3.621174,0.02391,1177.0,49226.26516102049,25925.0,9409.0,30.200000000000003,2023,2023
2807920034,Madrid,40.426526,-3.622642,0.02903,1199.0,41302.10127454357,27385.0,9559.0,26.599999999999994,2023,2023
2807920035,Madrid,40.424733,-3.622154,0.04205,1199.0,28513.67419738407,27329.0,9658.0,31.400000000000006,2023,2023
2807920036,Madrid,40.425474,-3.623891,0.03331,1181.0,35454.818372861,26558.0,9398.0,28.299999999999997,2023,2023
2807920037,Madrid,40.424554,-3.625105,0.01924,772.0,40124.74012474012,36109.0,14723.0,9.799999999999997,2023,2023
2807920038,Madrid,40.424211,-3.626527,0.06403,660.0,10307.668280493519,37809.0,14351.0,8.299999999999997,2023,2023
2807920039,Madrid,40.423317,-3.624703,0.01641,720.0,43875.68555758683,36186.0,15149.0,9.299999999999997,2023,2023
2807920040,Madrid,40.421693,-3.623289,0.04594,878.0,19111.88506747932,37891.0,15567.0,8.0,2023,2023
2807920041,Madrid,40.421667,-3.625163,0.03388,892.0,26328.217237308145,36151.0,14243.0,11.299999999999997,2023,2023
2807920042,Madrid,40.420086,-3.624417,0.01791,700.0,39084.31044109436,32410.0,12025.0,11.900000000000006,2023,2023
2807920043,Madrid,40.419495,-3.622645,0.05244,822.0,15675.057208237986,34923.0,13961.0,10.799999999999997,2023,2023
2807920044,Madrid,40.420892,-3.619148,0.07974,1135.0,14233.759719087031,34464.0,12113.0,18.400000000000006,2023,2023
2807920046,Madrid,40.422999,-3.622296,0.02702,1022.0,37823.83419689119,28137.0,10283.0,31.200000000000003,2023,2023
2807920047,Madrid,40.422784,-3.620656,0.06734,1609.0,23893.673893673895,27926.0,10504.0,27.5,2023,2023
2807920048,Madrid,40.425742,-3.619229,0.02375,1043.0,43915.78947368421,27243.0,10049.0,30.400000000000006,2023,2023
2807920049,Madrid,40.424644,-3.618443,0.05868,995.0,16956.373551465575,29909.0,11356.0,14.900000000000006,2023,2023
2807920050,Madrid,40.424413,-3.617304,0.02293,1032.0,45006.541648495426,29152.0,10950.0,22.900000000000006,2023,2023
2807920051,Madrid,40.425436,-3.61597,0.02669,1059.0,39677.781940801804,28665.0,10878.0,22.099999999999994,2023,2023
2807920053,Madrid,40.426967,-3.614989,0.0656,2274.0,34664.63414634146,29748.0,10388.0,26.200000000000003,2023,2023
2807920055,Madrid,40.419036,-3.612883,0.1166,1763.0,15120.06861063465,58947.0,19583.0,4.5,2023,2023
2807920056,Madrid,40.423199,-3.615397,0.05234,1265.0,24168.895682078717,35153.0,13273.0,12.700000000000003,2023,2023
2807920058,Madrid,40.422472,-3.617369,0.02792,1035.0,37070.2005730659,32932.0,12414.0,13.799999999999997,2023,2023
2807920059,Madrid,40.421569,-3.615665,0.01613,760.0,47117.172969621824,34396.0,12625.0,12.900000000000006,2023,2023
2807920062,Madrid,40.426485,-3.610463,0.04149,1392.0,33550.25307302965,43550.0,17463.0,9.799999999999997,2023,2023
2807920063,Madrid,40.42843,-3.607931,0.06855,1138.0,16601.02115244347,46298.0,18391.0,8.5,2023,2023
2807920064,Madrid,40.428572,-3.610135,0.03544,946.0,26693.002257336342,45393.0,18091.0,9.799999999999997,2023,2023
2807920065,Madrid,40.43123,-3.610424,0.05824,1810.0,31078.296703296703,41906.0,15799.0,14.900000000000006,2023,2023
2807920066,Madrid,40.431483,-3.608442,0.06114,1749.0,28606.47693817468,46365.0,18170.0,9.599999999999994,2023,2023
2807920067,Madrid,40.427927,-3.592028,7.65963,2268.0,296.09785329056365,58028.0,20626.0,7.400000000000006,2023,2023
2807920071,Madrid,40.446752,-3.598874,0.17462,1685.0,9649.524682166992,42626.0,16007.0,16.599999999999994,2023,2023
2807920072,Madrid,40.443048,-3.605679,0.39652,1745.0,4400.78684555634,46766.0,18337.0,15.400000000000006,2023,2023
2807920073,Madrid,40.435472,-3.611319,0.02025,1045.0,51604.93827160494,29659.0,11219.0,28.900000000000006,2023,2023
2807920074,Madrid,40.435942,-3.609652,0.01757,974.0,55435.401252134325,34537.0,12429.0,23.599999999999994,2023,2023
2807920075,Madrid,40.436879,-3.607529,0.03282,1059.0,32266.910420475317,32187.0,11320.0,31.400000000000006,2023,2023
2807920076,Madrid,40.43779,-3.608422,0.04704,1431.0,30420.91836734694,33350.0,12566.0,21.799999999999997,2023,2023
2807920077,Madrid,40.437367,-3.611877,0.07256,2306.0,31780.595369349503,46643.0,16402.0,18.0,2023,2023
2807920078,Madrid,40.439263,-3.612941,0.03487,1539.0,44135.35990823057,36831.0,13832.0,22.700000000000003,2023,2023
2807920079,Madrid,40.439226,-3.610692,0.03372,1169.0,34667.85290628707,31499.0,11652.0,15.700000000000003,2023,2023
2807920080,Madrid,40.439792,-3.608882,0.06874,1265.0,18402.676752982254,34545.0,13218.0,13.200000000000003,2023,2023
2807920082,Madrid,40.441158,-3.608373,0.05432,1954.0,35972.0176730486,37613.0,13809.0,18.599999999999994,2023,2023
2807920083,Madrid,40.440634,-3.612767,0.04513,880.0,19499.224462663416,39017.0,14448.0,20.099999999999994,2023,2023
2807920085,Madrid,40.442854,-3.612947,0.19782,1862.0,9412.597310686482,42005.0,16480.0,19.799999999999997,2023,2023
2807920086,Madrid,40.443926,-3.611947,0.02813,1612.0,57305.36793458941,36554.0,14394.0,20.5,2023,2023
2807920087,Madrid,40.445051,-3.612419,0.02302,1153.0,50086.8809730669,34261.0,12960.0,24.0,2023,2023
2807920088,Madrid,40.445294,-3.609496,0.0586,2103.0,35887.372013651875,36444.0,14648.0,20.599999999999994,2023,2023
2807920090,Madrid,40.44646,-3.6098,0.03153,1213.0,38471.29717729147,47090.0,19345.0,10.099999999999994,2023,2023
2807920091,Madrid,40.447037,-3.608393,0.02859,1452.0,50786.98845750262,31049.0,12803.0,27.299999999999997,2023,2023
2807920092,Madrid,40.446779,-3.61143,0.0397,1623.0,40881.6120906801,36442.0,14878.0,22.0,2023,2023
2807920093,Madrid,40.447105,-3.616911,0.196,1328.0,6775.510204081633,60238.0,21664.0,17.099999999999994,2023,2023
2807920095,Madrid,40.446012,-3.62204,0.46847,1282.0,2736.567976604692,51777.0,21393.0,7.099999999999994,2023,2023
2807920096,Madrid,40.440809,-3.633696,0.05515,1069.0,19383.499546690844,65069.0,25571.0,8.099999999999994,2023,2023
2807920097,Madrid,40.440506,-3.635544,0.06844,1119.0,16350.087668030392,55356.0,21638.0,17.099999999999994,2023,2023
2807920098,Madrid,40.442486,-3.63678,0.03286,990.0,30127.81497261108,48664.0,21656.0,8.700000000000003,2023,2023
2807920099,Madrid,40.445695,-3.629951,0.65277,1716.0,2628.797279286732,95347.0,33936.0,7.0,2023,2023
2807920100,Madrid,40.434385,-3.633954,0.21561,1668.0,7736.190343676082,39638.0,14894.0,29.0,2023,2023
2807920101,Madrid,40.448392,-3.612664,0.1626,1440.0,8856.08856088561,54912.0,20679.0,15.200000000000003,2023,2023
2807920102,Madrid,40.425052,-3.609318,0.10114,1860.0,18390.350009887286,46923.0,19022.0,7.400000000000006,2023,2023
2807920103,Madrid,40.423135,-3.608718,0.08281,2314.0,27943.485086342233,54618.0,19579.0,4.200000000000003,2023,2023
2807920104,Madrid,40.42518,-3.602496,0.07924,2267.0,28609.2882382635,63765.0,22039.0,3.5999999999999943,2023,2023
2807920105,Madrid,40.442303,-3.630894,0.09173,1929.0,21029.10716232421,63877.0,24168.0,8.400000000000006,2023,2023
2807920106,Madrid,40.423052,-3.60427,0.16397,1594.0,9721.290479965846,52872.0,19635.0,8.299999999999997,2023,2023
2807920107,Madrid,40.428807,-3.599995,0.13953,2083.0,14928.689170787646,57934.0,20472.0,4.099999999999994,2023,2023
2807920108,Madrid,40.446679,-3.640553,0.42198,1737.0,4116.30882980236,77047.0,29568.0,11.900000000000006,2023,2023
2807920109,Madrid,40.424259,-3.612821,0.17934,1818.0,10137.16962194714,42766.0,15501.0,7.700000000000003,2023,2023
2807920110,Madrid,40.426983,-3.605631,0.09212,2031.0,22047.329570125923,59902.0,21842.0,4.0,2023,2023
2807920111,Madrid,40.4201,-3.615239,0.06248,1937.0,31001.92061459667,48515.0,16686.0,5.299999999999997,2023,2023
2807920112,Madrid,40.4173,-3.619035,0.31735,1673.0,5271.781944225618,52578.0,19485.0,6.700000000000003,2023,2023
2807920113,Madrid,40.429178,-3.603749,0.10037,2200.0,21918.900069741954,63623.0,22037.0,2.9000000000000057,2023,2023
2807920114,Madrid,40.420419,-3.608069,0.17888,1911.0,10683.13953488372,62571.0,20769.0,4.900000000000006,2023,2023
2807920115,Madrid,40.424828,-3.60024,0.14849,1966.0,13239.948818102228,54076.0,19488.0,3.200000000000003,2023,2023
2807920117,Madrid,40.431813,-3.604204,0.19467,1550.0,7962.192428211845,62641.0,22915.0,5.200000000000003,2023,2023
2807920118,Madrid,40.435045,-3.616969,0.07597,1980.0,26062.919573515865,67211.0,23060.0,8.0,2023,2023
2807920119,Madrid,40.436895,-3.627286,0.48392,1834.0,3789.88262522731,54071.0,22041.0,17.799999999999997,2023,2023
2807920122,Madrid,40.434816,-3.620195,0.08777,1762.0,20075.19653640196,76607.0,27745.0,7.700000000000003,2023,2023
2807920123,Madrid,40.449273,-3.599445,0.11439,1330.0,11626.890462453011,57433.0,21037.0,15.599999999999994,2023,2023
2807920124,Madrid,40.442045,-3.632684,0.07744,1380.0,17820.2479338843,65661.0,26091.0,13.5,2023,2023
2807920125,Madrid,40.439838,-3.620339,0.46384,1480.0,3190.7554329078994,45252.0,22994.0,20.099999999999994,2023,2023
2807921001,Madrid,40.454913,-3.597694,0.76331,1540.0,2017.5289200979942,82213.0,28923.0,10.799999999999997,2023,2023
2807921028,Madrid,40.471846,-3.596089,0.72469,1935.0,2670.107218258842,78646.0,25061.0,8.099999999999994,2023,2023
2807921029,Madrid,40.463857,-3.609886,3.89735,1690.0,433.6279779850411,104774.0,36918.0,6.099999999999994,2023,2023
2807921033,Madrid,40.481221,-3.603745,5.14279,1285.0,249.86437322931718,38041.0,15641.0,8.900000000000006,2023,2023
2811501006,Pozuelo de Alarcón,40.427745,-3.798347,1.43017,1571.0,1098.4708111623095,86443.0,26350.0,7.900000000000006,2023,2023
2811501012,Pozuelo de Alarcón,40.408532,-3.799428,0.23802,2313.0,9717.670783967733,104774.0,34425.0,5.200000000000003,2023,2023
2811501016,Pozuelo de Alarcón,40.405094,-3.778625,0.30744,1636.0,5321.36351808483,98875.0,31211.0,8.200000000000003,2023,2023
2811501017,Pozuelo de Alarcón,40.435524,-3.804807,0.29005,2302.0,7936.562661610068,82045.0,28439.0,7.700000000000003,2023,2023
2811501018,Pozuelo de Alarcón,40.408866,-3.7901,0.54125,1584.0,2926.5588914549653,98398.0,32203.0,4.700000000000003,2023,2023
2811501022,Pozuelo de Alarcón,40.421346,-3.796373,0.6531,1895.0,2901.546470678303,104774.0,33518.0,8.900000000000006,2023,2023
2811501023,Pozuelo de Alarcón,40.4125,-3.795598,0.14698,1450.0,9865.287794257722,87383.0,26944.0,6.0,2023,2023
2811501025,Pozuelo de Alarcón,40.431371,-3.80849,0.13522,2084.0,15411.921313415174,78893.0,27396.0,6.700000000000003,2023,2023
2811501026,Pozuelo de Alarcón,40.433545,-3.801989,0.16858,1908.0,11318.068572784434,76041.0,28634.0,9.900000000000006,2023,2023
2811501027,Pozuelo de Alarcón,40.409744,-3.794623,0.10479,1215.0,11594.617807042658,103127.0,31083.0,6.700000000000003,2023,2023
2811501028,Pozuelo de Alarcón,40.400145,-3.80678,5.99086,1420.0,237.02773892229163,81713.0,25900.0,6.400000000000006,2023,2023
2811501029,Pozuelo de Alarcón,40.408562,-3.78328,0.63139,2393.0,3790.050523448265,90728.0,28497.0,3.799999999999997,2023,2023
2811501030,Pozuelo de Alarcón,40.405681,-3.794156,0.08324,1221.0,14668.428640076887,102870.0,32853.0,6.299999999999997,2023,2023
2811501031,Pozuelo de Alarcón,40.416111,-3.808656,3.45339,1978.0,572.7705240358025,104774.0,36918.0,15.099999999999994,2023,2023
2811501034,Pozuelo de Alarcón,40.403418,-3.787571,0.24261,1282.0,5284.20098099831,104774.0,34838.0,9.0,2023,2023
2811502001,Pozuelo de Alarcón,40.449757,-3.810091,0.36045,1659.0,4602.580108198086,104774.0,32183.0,6.400000000000006,2023,2023
2811502002,Pozuelo de Alarcón,40.449512,-3.795564,0.41197,2589.0,6284.438187246644,73666.0,24307.0,12.599999999999994,2023,2023
2811502003,Pozuelo de Alarcón,40.446013,-3.802176,0.06024,1768.0,29349.26958831341,43038.0,15821.0,17.0,2023,2023
2811502004,Pozuelo de Alarcón,40.443582,-3.800484,0.21572,1619.0,7505.099202670128,89983.0,27670.0,7.799999999999997,2023,2023
2811502005,Pozuelo de Alarcón,40.457003,-3.803988,0.24928,1994.0,7999.037227214378,84951.0,26501.0,5.700000000000003,2023,2023
2811502006,Pozuelo de Alarcón,40.455235,-3.797597,0.29932,1847.0,6170.653481224109,104774.0,31498.0,5.599999999999994,2023,2023
2811502007,Pozuelo de Alarcón,40.445213,-3.80504,0.29058,1807.0,6218.597288182256,91976.0,27460.0,8.799999999999997,2023,2023
2811502008,Pozuelo de Alarcón,40.444911,-3.79473,0.21372,1407.0,6583.380123526109,99329.0,30305.0,6.299999999999997,2023,2023
2811502009,Pozuelo de Alarcón,40.43958,-3.797721,0.22339,1685.0,7542.8622588298485,90540.0,29709.0,6.200000000000003,2023,2023
2811502010,Pozuelo de Alarcón,40.43063,-3.78221,4.18252,1997.0,477.4633474556009,88769.0,32039.0,15.900000000000006,2021,2021
2811502012,Pozuelo de Alarcón,40.452559,-3.806005,0.33372,1769.0,5300.851012825123,104774.0,30853.0,5.900000000000006,2023,2023
2811502013,Pozuelo de Alarcón,40.441924,-3.787409,0.24125,1261.0,5226.943005181347,92695.0,31126.0,10.099999999999994,2023,2023
2811502014,Pozuelo de Alarcón,40.438817,-3.789921,0.27729,2034.0,7335.280753002273,80312.0,27232.0,10.5,2023,2023
2811502015,Pozuelo de Alarcón,40.451567,-3.800353,0.19021,921.0,4842.016718363914,86879.0,26504.0,8.099999999999994,2023,2023
2811502016,Pozuelo de Alarcón,40.439487,-3.804916,0.27219,1643.0,6036.224695984423,75174.0,27205.0,6.299999999999997,2023,2023
2811502017,Pozuelo de Alarcón,40.442304,-3.795537,0.14506,938.0,6466.289811112643,89057.0,29879.0,6.299999999999997,2023,2023
2811502018,Pozuelo de Alarcón,40.437962,-3.795965,0.1175,1774.0,15097.872340425532,79264.0,29982.0,6.900000000000006,2023,2023
2811502019,Pozuelo de Alarcón,40.44522,-3.7907,0.09488,1546.0,16294.266441821246,80308.0,26769.0,5.599999999999994,2023,2023
2811502020,Pozuelo de Alarcón,40.459032,-3.801356,0.14088,1478.0,10491.198182850652,84000.0,28420.0,4.299999999999997,2023,2023
2811502021,Pozuelo de Alarcón,40.458336,-3.810614,0.68098,1573.0,2309.906311492261,98124.0,30008.0,4.599999999999994,2023,2023
